kurst,fcurr,tcurr,gdatu,ukurs,ffact,tfact,serie,fetched_at
M,USD,MXN,1991-11-14,3.0735,1,1,SF60653,2026-07-01 0:00
M,USD,MXN,1991-11-15,3.0712,1,1,SF60653,2026-07-01 0:00
M,USD,MXN,1991-11-16,3.0718,1,1,SF60653,2026-07-01 0:00
M,USD,MXN,1991-11-17,3.0718,1,1,SF60653,2026-07-01 0:00
M,USD,MXN,1991-11-18,3.0718,1,1,SF60653,2026-07-01 0:00
M,USD,MXN,1991-11-19,3.0684,1,1,SF60653,2026-07-01 0:00
M,USD,MXN,1991-11-20,3.0673,1,1,SF60653,2026-07-01 0:00
M,USD,MXN,1991-11-21,3.0673,1,1,SF60653,2026-07-01 0:00
M,USD,MXN,1991-11-22,3.0661,1,1,SF60653,2026-07-01 0:00
M,USD,MXN,1991-11-23,3.0632,1,1,SF60653,2026-07-01 0:00
M,USD,MXN,1991-11-24,3.0632,1,1,SF60653,2026-07-01 0:00
M,USD,MXN,1991-11-25,3.0632,1,1,SF60653,2026-07-01 0:00
M,USD,MXN,1991-11-26,3.0612,1,1,SF60653,2026-07-01 0:00
M,USD,MXN,1991-11-27,3.0622,1,1,SF60653,2026-07-01 0:00
M,USD,MXN,1991-11-28,3.076,1,1,SF60653,2026-07-01 0:00
M,USD,MXN,1991-11-29,3.0731,1,1,SF60653,2026-07-01 0:00
M,USD,MXN,1991-11-30,3.0677,1,1,SF60653,2026-07-01 0:00
M,USD,MXN,1991-12-01,3.0677,1,1,SF60653,2026-07-01 0:00
M,USD,MXN,1991-12-02,3.0677,1,1,SF60653,2026-07-01 0:00
M,USD,MXN,1991-12-03,3.0672,1,1,SF60653,2026-07-01 0:00
M,USD,MXN,1991-12-04,3.0662,1,1,SF60653,2026-07-01 0:00
M,USD,MXN,1991-12-05,3.0666,1,1,SF60653,2026-07-01 0:00
M,USD,MXN,1991-12-06,3.066,1,1,SF60653,2026-07-01 0:00
M,USD,MXN,1991-12-07,3.0654,1,1,SF60653,2026-07-01 0:00
M,USD,MXN,1991-12-08,3.0654,1,1,SF60653,2026-07-01 0:00
M,USD,MXN,1991-12-09,3.0654,1,1,SF60653,2026-07-01 0:00
M,USD,MXN,1991-12-10,3.0643,1,1,SF60653,2026-07-01 0:00
M,USD,MXN,1991-12-11,3.0625,1,1,SF60653,2026-07-01 0:00
M,USD,MXN,1991-12-12,3.0622,1,1,SF60653,2026-07-01 0:00
M,USD,MXN,1991-12-13,3.0622,1,1,SF60653,2026-07-01 0:00
M,USD,MXN,1991-12-14,3.0623,1,1,SF60653,2026-07-01 0:00
M,USD,MXN,1991-12-15,3.0623,1,1,SF60653,2026-07-01 0:00
M,USD,MXN,1991-12-16,3.0623,1,1,SF60653,2026-07-01 0:00
M,USD,MXN,1991-12-17,3.0622,1,1,SF60653,2026-07-01 0:00
M,USD,MXN,1991-12-18,3.0753,1,1,SF60653,2026-07-01 0:00
M,USD,MXN,1991-12-19,3.0756,1,1,SF60653,2026-07-01 0:00
M,USD,MXN,1991-12-20,3.076,1,1,SF60653,2026-07-01 0:00
M,USD,MXN,1991-12-21,3.0748,1,1,SF60653,2026-07-01 0:00
M,USD,MXN,1991-12-22,3.0748,1,1,SF60653,2026-07-01 0:00
M,USD,MXN,1991-12-23,3.0748,1,1,SF60653,2026-07-01 0:00
M,USD,MXN,1991-12-24,3.0774,1,1,SF60653,2026-07-01 0:00
M,USD,MXN,1991-12-25,3.0837,1,1,SF60653,2026-07-01 0:00
M,USD,MXN,1991-12-26,3.0837,1,1,SF60653,2026-07-01 0:00
M,USD,MXN,1991-12-27,3.0841,1,1,SF60653,2026-07-01 0:00
M,USD,MXN,1991-12-28,3.071,1,1,SF60653,2026-07-01 0:00
M,USD,MXN,1991-12-29,3.071,1,1,SF60653,2026-07-01 0:00
M,USD,MXN,1991-12-30,3.071,1,1,SF60653,2026-07-01 0:00
M,USD,MXN,1991-12-31,3.0739,1,1,SF60653,2026-07-01 0:00
M,USD,MXN,1992-01-01,3.0739,1,1,SF60653,2026-07-01 0:00
M,USD,MXN,1992-01-02,3.0739,1,1,SF60653,2026-07-01 0:00
M,USD,MXN,1992-01-03,3.078,1,1,SF60653,2026-07-01 0:00
M,USD,MXN,1992-01-04,3.0753,1,1,SF60653,2026-07-01 0:00
M,USD,MXN,1992-01-05,3.0753,1,1,SF60653,2026-07-01 0:00
M,USD,MXN,1992-01-06,3.0753,1,1,SF60653,2026-07-01 0:00
M,USD,MXN,1992-01-07,3.0744,1,1,SF60653,2026-07-01 0:00
M,USD,MXN,1992-01-08,3.0695,1,1,SF60653,2026-07-01 0:00
M,USD,MXN,1992-01-09,3.0665,1,1,SF60653,2026-07-01 0:00
M,USD,MXN,1992-01-10,3.0663,1,1,SF60653,2026-07-01 0:00
M,USD,MXN,1992-01-11,3.0662,1,1,SF60653,2026-07-01 0:00
M,USD,MXN,1992-01-12,3.0662,1,1,SF60653,2026-07-01 0:00
M,USD,MXN,1992-01-13,3.0662,1,1,SF60653,2026-07-01 0:00
M,USD,MXN,1992-01-14,3.0668,1,1,SF60653,2026-07-01 0:00
M,USD,MXN,1992-01-15,3.0661,1,1,SF60653,2026-07-01 0:00
M,USD,MXN,1992-01-16,3.0642,1,1,SF60653,2026-07-01 0:00
M,USD,MXN,1992-01-17,3.0646,1,1,SF60653,2026-07-01 0:00
M,USD,MXN,1992-01-18,3.0679,1,1,SF60653,2026-07-01 0:00
M,USD,MXN,1992-01-19,3.0679,1,1,SF60653,2026-07-01 0:00
M,USD,MXN,1992-01-20,3.0679,1,1,SF60653,2026-07-01 0:00
M,USD,MXN,1992-01-21,3.0657,1,1,SF60653,2026-07-01 0:00
M,USD,MXN,1992-01-22,3.0631,1,1,SF60653,2026-07-01 0:00
M,USD,MXN,1992-01-23,3.0625,1,1,SF60653,2026-07-01 0:00
M,USD,MXN,1992-01-24,3.0617,1,1,SF60653,2026-07-01 0:00
M,USD,MXN,1992-01-25,3.0736,1,1,SF60653,2026-07-01 0:00
M,USD,MXN,1992-01-26,3.0736,1,1,SF60653,2026-07-01 0:00
M,USD,MXN,1992-01-27,3.0736,1,1,SF60653,2026-07-01 0:00
M,USD,MXN,1992-01-28,3.0791,1,1,SF60653,2026-07-01 0:00
M,USD,MXN,1992-01-29,3.0687,1,1,SF60653,2026-07-01 0:00
M,USD,MXN,1992-01-30,3.0659,1,1,SF60653,2026-07-01 0:00
M,USD,MXN,1992-01-31,3.066,1,1,SF60653,2026-07-01 0:00
M,USD,MXN,1992-02-01,3.0685,1,1,SF60653,2026-07-01 0:00
M,USD,MXN,1992-02-02,3.0685,1,1,SF60653,2026-07-01 0:00
M,USD,MXN,1992-02-03,3.0685,1,1,SF60653,2026-07-01 0:00
M,USD,MXN,1992-02-04,3.0673,1,1,SF60653,2026-07-01 0:00
M,USD,MXN,1992-02-05,3.0656,1,1,SF60653,2026-07-01 0:00
M,USD,MXN,1992-02-06,3.0656,1,1,SF60653,2026-07-01 0:00
M,USD,MXN,1992-02-07,3.0645,1,1,SF60653,2026-07-01 0:00
M,USD,MXN,1992-02-08,3.0648,1,1,SF60653,2026-07-01 0:00
M,USD,MXN,1992-02-09,3.0648,1,1,SF60653,2026-07-01 0:00
M,USD,MXN,1992-02-10,3.0648,1,1,SF60653,2026-07-01 0:00
M,USD,MXN,1992-02-11,3.0645,1,1,SF60653,2026-07-01 0:00
M,USD,MXN,1992-02-12,3.0674,1,1,SF60653,2026-07-01 0:00
M,USD,MXN,1992-02-13,3.0644,1,1,SF60653,2026-07-01 0:00
M,USD,MXN,1992-02-14,3.0633,1,1,SF60653,2026-07-01 0:00
M,USD,MXN,1992-02-15,3.064,1,1,SF60653,2026-07-01 0:00
M,USD,MXN,1992-02-16,3.064,1,1,SF60653,2026-07-01 0:00
M,USD,MXN,1992-02-17,3.064,1,1,SF60653,2026-07-01 0:00
M,USD,MXN,1992-02-18,3.0634,1,1,SF60653,2026-07-01 0:00
M,USD,MXN,1992-02-19,3.0621,1,1,SF60653,2026-07-01 0:00
M,USD,MXN,1992-02-20,3.0618,1,1,SF60653,2026-07-01 0:00
M,USD,MXN,1992-02-21,3.0608,1,1,SF60653,2026-07-01 0:00
M,USD,MXN,1992-02-22,3.0621,1,1,SF60653,2026-07-01 0:00
M,USD,MXN,1992-02-23,3.0621,1,1,SF60653,2026-07-01 0:00
M,USD,MXN,1992-02-24,3.0621,1,1,SF60653,2026-07-01 0:00
M,USD,MXN,1992-02-25,3.061,1,1,SF60653,2026-07-01 0:00
M,USD,MXN,1992-02-26,3.0621,1,1,SF60653,2026-07-01 0:00
M,USD,MXN,1992-02-27,3.0609,1,1,SF60653,2026-07-01 0:00
M,USD,MXN,1992-02-28,3.0608,1,1,SF60653,2026-07-01 0:00
M,USD,MXN,1992-02-29,3.0608,1,1,SF60653,2026-07-01 0:00
M,USD,MXN,1992-03-01,3.0608,1,1,SF60653,2026-07-01 0:00
M,USD,MXN,1992-03-02,3.0608,1,1,SF60653,2026-07-01 0:00
M,USD,MXN,1992-03-03,3.0609,1,1,SF60653,2026-07-01 0:00
M,USD,MXN,1992-03-04,3.0611,1,1,SF60653,2026-07-01 0:00
M,USD,MXN,1992-03-05,3.0625,1,1,SF60653,2026-07-01 0:00
M,USD,MXN,1992-03-06,3.0606,1,1,SF60653,2026-07-01 0:00
M,USD,MXN,1992-03-07,3.0609,1,1,SF60653,2026-07-01 0:00
M,USD,MXN,1992-03-08,3.0609,1,1,SF60653,2026-07-01 0:00
M,USD,MXN,1992-03-09,3.0609,1,1,SF60653,2026-07-01 0:00
M,USD,MXN,1992-03-10,3.0608,1,1,SF60653,2026-07-01 0:00
M,USD,MXN,1992-03-11,3.0612,1,1,SF60653,2026-07-01 0:00
M,USD,MXN,1992-03-12,3.0612,1,1,SF60653,2026-07-01 0:00
M,USD,MXN,1992-03-13,3.0608,1,1,SF60653,2026-07-01 0:00
M,USD,MXN,1992-03-14,3.061,1,1,SF60653,2026-07-01 0:00
M,USD,MXN,1992-03-15,3.061,1,1,SF60653,2026-07-01 0:00
M,USD,MXN,1992-03-16,3.061,1,1,SF60653,2026-07-01 0:00
M,USD,MXN,1992-03-17,3.0622,1,1,SF60653,2026-07-01 0:00
M,USD,MXN,1992-03-18,3.0609,1,1,SF60653,2026-07-01 0:00
M,USD,MXN,1992-03-19,3.0618,1,1,SF60653,2026-07-01 0:00
M,USD,MXN,1992-03-20,3.0679,1,1,SF60653,2026-07-01 0:00
M,USD,MXN,1992-03-21,3.0738,1,1,SF60653,2026-07-01 0:00
M,USD,MXN,1992-03-22,3.0738,1,1,SF60653,2026-07-01 0:00
M,USD,MXN,1992-03-23,3.0738,1,1,SF60653,2026-07-01 0:00
M,USD,MXN,1992-03-24,3.0688,1,1,SF60653,2026-07-01 0:00
M,USD,MXN,1992-03-25,3.0693,1,1,SF60653,2026-07-01 0:00
M,USD,MXN,1992-03-26,3.0706,1,1,SF60653,2026-07-01 0:00
M,USD,MXN,1992-03-27,3.0795,1,1,SF60653,2026-07-01 0:00
M,USD,MXN,1992-03-28,3.0902,1,1,SF60653,2026-07-01 0:00
M,USD,MXN,1992-03-29,3.0902,1,1,SF60653,2026-07-01 0:00
M,USD,MXN,1992-03-30,3.0902,1,1,SF60653,2026-07-01 0:00
M,USD,MXN,1992-03-31,3.0835,1,1,SF60653,2026-07-01 0:00
M,USD,MXN,1992-04-01,3.0683,1,1,SF60653,2026-07-01 0:00
M,USD,MXN,1992-04-02,3.062,1,1,SF60653,2026-07-01 0:00
M,USD,MXN,1992-04-03,3.0609,1,1,SF60653,2026-07-01 0:00
M,USD,MXN,1992-04-04,3.0609,1,1,SF60653,2026-07-01 0:00
M,USD,MXN,1992-04-05,3.0609,1,1,SF60653,2026-07-01 0:00
M,USD,MXN,1992-04-06,3.0609,1,1,SF60653,2026-07-01 0:00
M,USD,MXN,1992-04-07,3.0609,1,1,SF60653,2026-07-01 0:00
M,USD,MXN,1992-04-08,3.0609,1,1,SF60653,2026-07-01 0:00
M,USD,MXN,1992-04-09,3.0608,1,1,SF60653,2026-07-01 0:00
M,USD,MXN,1992-04-10,3.0656,1,1,SF60653,2026-07-01 0:00
M,USD,MXN,1992-04-11,3.0695,1,1,SF60653,2026-07-01 0:00
M,USD,MXN,1992-04-12,3.0695,1,1,SF60653,2026-07-01 0:00
M,USD,MXN,1992-04-13,3.0695,1,1,SF60653,2026-07-01 0:00
M,USD,MXN,1992-04-14,3.0657,1,1,SF60653,2026-07-01 0:00
M,USD,MXN,1992-04-15,3.0625,1,1,SF60653,2026-07-01 0:00
M,USD,MXN,1992-04-16,3.065,1,1,SF60653,2026-07-01 0:00
M,USD,MXN,1992-04-17,3.065,1,1,SF60653,2026-07-01 0:00
M,USD,MXN,1992-04-18,3.065,1,1,SF60653,2026-07-01 0:00
M,USD,MXN,1992-04-19,3.065,1,1,SF60653,2026-07-01 0:00
M,USD,MXN,1992-04-20,3.065,1,1,SF60653,2026-07-01 0:00
M,USD,MXN,1992-04-21,3.067,1,1,SF60653,2026-07-01 0:00
M,USD,MXN,1992-04-22,3.0636,1,1,SF60653,2026-07-01 0:00
M,USD,MXN,1992-04-23,3.0671,1,1,SF60653,2026-07-01 0:00
M,USD,MXN,1992-04-24,3.0828,1,1,SF60653,2026-07-01 0:00
M,USD,MXN,1992-04-25,3.0856,1,1,SF60653,2026-07-01 0:00
M,USD,MXN,1992-04-26,3.0856,1,1,SF60653,2026-07-01 0:00
M,USD,MXN,1992-04-27,3.0856,1,1,SF60653,2026-07-01 0:00
M,USD,MXN,1992-04-28,3.0758,1,1,SF60653,2026-07-01 0:00
M,USD,MXN,1992-04-29,3.0765,1,1,SF60653,2026-07-01 0:00
M,USD,MXN,1992-04-30,3.079,1,1,SF60653,2026-07-01 0:00
M,USD,MXN,1992-05-01,3.0794,1,1,SF60653,2026-07-01 0:00
M,USD,MXN,1992-05-02,3.0794,1,1,SF60653,2026-07-01 0:00
M,USD,MXN,1992-05-03,3.0794,1,1,SF60653,2026-07-01 0:00
M,USD,MXN,1992-05-04,3.0794,1,1,SF60653,2026-07-01 0:00
M,USD,MXN,1992-05-05,3.0786,1,1,SF60653,2026-07-01 0:00
M,USD,MXN,1992-05-06,3.0786,1,1,SF60653,2026-07-01 0:00
M,USD,MXN,1992-05-07,3.0816,1,1,SF60653,2026-07-01 0:00
M,USD,MXN,1992-05-08,3.0885,1,1,SF60653,2026-07-01 0:00
M,USD,MXN,1992-05-09,3.1,1,1,SF60653,2026-07-01 0:00
M,USD,MXN,1992-05-10,3.1,1,1,SF60653,2026-07-01 0:00
M,USD,MXN,1992-05-11,3.1,1,1,SF60653,2026-07-01 0:00
M,USD,MXN,1992-05-12,3.1108,1,1,SF60653,2026-07-01 0:00
M,USD,MXN,1992-05-13,3.0968,1,1,SF60653,2026-07-01 0:00
M,USD,MXN,1992-05-14,3.0863,1,1,SF60653,2026-07-01 0:00
M,USD,MXN,1992-05-15,3.0885,1,1,SF60653,2026-07-01 0:00
M,USD,MXN,1992-05-16,3.1094,1,1,SF60653,2026-07-01 0:00
M,USD,MXN,1992-05-17,3.1094,1,1,SF60653,2026-07-01 0:00
M,USD,MXN,1992-05-18,3.1094,1,1,SF60653,2026-07-01 0:00
M,USD,MXN,1992-05-19,3.1039,1,1,SF60653,2026-07-01 0:00
M,USD,MXN,1992-05-20,3.0974,1,1,SF60653,2026-07-01 0:00
M,USD,MXN,1992-05-21,3.1024,1,1,SF60653,2026-07-01 0:00
M,USD,MXN,1992-05-22,3.105,1,1,SF60653,2026-07-01 0:00
M,USD,MXN,1992-05-23,3.1056,1,1,SF60653,2026-07-01 0:00
M,USD,MXN,1992-05-24,3.1056,1,1,SF60653,2026-07-01 0:00
M,USD,MXN,1992-05-25,3.1056,1,1,SF60653,2026-07-01 0:00
M,USD,MXN,1992-05-26,3.103,1,1,SF60653,2026-07-01 0:00
M,USD,MXN,1992-05-27,3.1026,1,1,SF60653,2026-07-01 0:00
M,USD,MXN,1992-05-28,3.1079,1,1,SF60653,2026-07-01 0:00
M,USD,MXN,1992-05-29,3.1134,1,1,SF60653,2026-07-01 0:00
M,USD,MXN,1992-05-30,3.1168,1,1,SF60653,2026-07-01 0:00
M,USD,MXN,1992-05-31,3.1168,1,1,SF60653,2026-07-01 0:00
M,USD,MXN,1992-06-01,3.1168,1,1,SF60653,2026-07-01 0:00
M,USD,MXN,1992-06-02,3.115,1,1,SF60653,2026-07-01 0:00
M,USD,MXN,1992-06-03,3.1106,1,1,SF60653,2026-07-01 0:00
M,USD,MXN,1992-06-04,3.1176,1,1,SF60653,2026-07-01 0:00
M,USD,MXN,1992-06-05,3.1185,1,1,SF60653,2026-07-01 0:00
M,USD,MXN,1992-06-06,3.1179,1,1,SF60653,2026-07-01 0:00
M,USD,MXN,1992-06-07,3.1179,1,1,SF60653,2026-07-01 0:00
M,USD,MXN,1992-06-08,3.1179,1,1,SF60653,2026-07-01 0:00
M,USD,MXN,1992-06-09,3.1131,1,1,SF60653,2026-07-01 0:00
M,USD,MXN,1992-06-10,3.1146,1,1,SF60653,2026-07-01 0:00
M,USD,MXN,1992-06-11,3.1176,1,1,SF60653,2026-07-01 0:00
M,USD,MXN,1992-06-12,3.1169,1,1,SF60653,2026-07-01 0:00
M,USD,MXN,1992-06-13,3.1191,1,1,SF60653,2026-07-01 0:00
M,USD,MXN,1992-06-14,3.1191,1,1,SF60653,2026-07-01 0:00
M,USD,MXN,1992-06-15,3.1191,1,1,SF60653,2026-07-01 0:00
M,USD,MXN,1992-06-16,3.1191,1,1,SF60653,2026-07-01 0:00
M,USD,MXN,1992-06-17,3.1193,1,1,SF60653,2026-07-01 0:00
M,USD,MXN,1992-06-18,3.121,1,1,SF60653,2026-07-01 0:00
M,USD,MXN,1992-06-19,3.122,1,1,SF60653,2026-07-01 0:00
M,USD,MXN,1992-06-20,3.1203,1,1,SF60653,2026-07-01 0:00
M,USD,MXN,1992-06-21,3.1203,1,1,SF60653,2026-07-01 0:00
M,USD,MXN,1992-06-22,3.1203,1,1,SF60653,2026-07-01 0:00
M,USD,MXN,1992-06-23,3.1168,1,1,SF60653,2026-07-01 0:00
M,USD,MXN,1992-06-24,3.1216,1,1,SF60653,2026-07-01 0:00
M,USD,MXN,1992-06-25,3.1222,1,1,SF60653,2026-07-01 0:00
M,USD,MXN,1992-06-26,3.1225,1,1,SF60653,2026-07-01 0:00
M,USD,MXN,1992-06-27,3.1225,1,1,SF60653,2026-07-01 0:00
M,USD,MXN,1992-06-28,3.1225,1,1,SF60653,2026-07-01 0:00
M,USD,MXN,1992-06-29,3.1225,1,1,SF60653,2026-07-01 0:00
M,USD,MXN,1992-06-30,3.1225,1,1,SF60653,2026-07-01 0:00
M,USD,MXN,1992-07-01,3.1229,1,1,SF60653,2026-07-01 0:00
M,USD,MXN,1992-07-02,3.123,1,1,SF60653,2026-07-01 0:00
M,USD,MXN,1992-07-03,3.1224,1,1,SF60653,2026-07-01 0:00
M,USD,MXN,1992-07-04,3.1204,1,1,SF60653,2026-07-01 0:00
M,USD,MXN,1992-07-05,3.1204,1,1,SF60653,2026-07-01 0:00
M,USD,MXN,1992-07-06,3.1204,1,1,SF60653,2026-07-01 0:00
M,USD,MXN,1992-07-07,3.1179,1,1,SF60653,2026-07-01 0:00
M,USD,MXN,1992-07-08,3.1183,1,1,SF60653,2026-07-01 0:00
M,USD,MXN,1992-07-09,3.1166,1,1,SF60653,2026-07-01 0:00
M,USD,MXN,1992-07-10,3.117,1,1,SF60653,2026-07-01 0:00
M,USD,MXN,1992-07-11,3.1099,1,1,SF60653,2026-07-01 0:00
M,USD,MXN,1992-07-12,3.1099,1,1,SF60653,2026-07-01 0:00
M,USD,MXN,1992-07-13,3.1099,1,1,SF60653,2026-07-01 0:00
M,USD,MXN,1992-07-14,3.118,1,1,SF60653,2026-07-01 0:00
M,USD,MXN,1992-07-15,3.1156,1,1,SF60653,2026-07-01 0:00
M,USD,MXN,1992-07-16,3.1174,1,1,SF60653,2026-07-01 0:00
M,USD,MXN,1992-07-17,3.1184,1,1,SF60653,2026-07-01 0:00
M,USD,MXN,1992-07-18,3.1175,1,1,SF60653,2026-07-01 0:00
M,USD,MXN,1992-07-19,3.1175,1,1,SF60653,2026-07-01 0:00
M,USD,MXN,1992-07-20,3.1175,1,1,SF60653,2026-07-01 0:00
M,USD,MXN,1992-07-21,3.1149,1,1,SF60653,2026-07-01 0:00
M,USD,MXN,1992-07-22,3.1166,1,1,SF60653,2026-07-01 0:00
M,USD,MXN,1992-07-23,3.1156,1,1,SF60653,2026-07-01 0:00
M,USD,MXN,1992-07-24,3.1125,1,1,SF60653,2026-07-01 0:00
M,USD,MXN,1992-07-25,3.1113,1,1,SF60653,2026-07-01 0:00
M,USD,MXN,1992-07-26,3.1113,1,1,SF60653,2026-07-01 0:00
M,USD,MXN,1992-07-27,3.1113,1,1,SF60653,2026-07-01 0:00
M,USD,MXN,1992-07-28,3.11,1,1,SF60653,2026-07-01 0:00
M,USD,MXN,1992-07-29,3.1139,1,1,SF60653,2026-07-01 0:00
M,USD,MXN,1992-07-30,3.1161,1,1,SF60653,2026-07-01 0:00
M,USD,MXN,1992-07-31,3.1141,1,1,SF60653,2026-07-01 0:00
M,USD,MXN,1992-08-01,3.1113,1,1,SF60653,2026-07-01 0:00
M,USD,MXN,1992-08-02,3.1113,1,1,SF60653,2026-07-01 0:00
M,USD,MXN,1992-08-03,3.1113,1,1,SF60653,2026-07-01 0:00
M,USD,MXN,1992-08-04,3.1124,1,1,SF60653,2026-07-01 0:00
M,USD,MXN,1992-08-05,3.1094,1,1,SF60653,2026-07-01 0:00
M,USD,MXN,1992-08-06,3.1071,1,1,SF60653,2026-07-01 0:00
M,USD,MXN,1992-08-07,3.1084,1,1,SF60653,2026-07-01 0:00
M,USD,MXN,1992-08-08,3.1021,1,1,SF60653,2026-07-01 0:00
M,USD,MXN,1992-08-09,3.1021,1,1,SF60653,2026-07-01 0:00
M,USD,MXN,1992-08-10,3.1021,1,1,SF60653,2026-07-01 0:00
M,USD,MXN,1992-08-11,3.102,1,1,SF60653,2026-07-01 0:00
M,USD,MXN,1992-08-12,3.0984,1,1,SF60653,2026-07-01 0:00
M,USD,MXN,1992-08-13,3.0881,1,1,SF60653,2026-07-01 0:00
M,USD,MXN,1992-08-14,3.0759,1,1,SF60653,2026-07-01 0:00
M,USD,MXN,1992-08-15,3.0733,1,1,SF60653,2026-07-01 0:00
M,USD,MXN,1992-08-16,3.0733,1,1,SF60653,2026-07-01 0:00
M,USD,MXN,1992-08-17,3.0733,1,1,SF60653,2026-07-01 0:00
M,USD,MXN,1992-08-18,3.0768,1,1,SF60653,2026-07-01 0:00
M,USD,MXN,1992-08-19,3.0869,1,1,SF60653,2026-07-01 0:00
M,USD,MXN,1992-08-20,3.0876,1,1,SF60653,2026-07-01 0:00
M,USD,MXN,1992-08-21,3.0853,1,1,SF60653,2026-07-01 0:00
M,USD,MXN,1992-08-22,3.0814,1,1,SF60653,2026-07-01 0:00
M,USD,MXN,1992-08-23,3.0814,1,1,SF60653,2026-07-01 0:00
M,USD,MXN,1992-08-24,3.0814,1,1,SF60653,2026-07-01 0:00
M,USD,MXN,1992-08-25,3.0836,1,1,SF60653,2026-07-01 0:00
M,USD,MXN,1992-08-26,3.0855,1,1,SF60653,2026-07-01 0:00
M,USD,MXN,1992-08-27,3.081,1,1,SF60653,2026-07-01 0:00
M,USD,MXN,1992-08-28,3.0789,1,1,SF60653,2026-07-01 0:00
M,USD,MXN,1992-08-29,3.081,1,1,SF60653,2026-07-01 0:00
M,USD,MXN,1992-08-30,3.081,1,1,SF60653,2026-07-01 0:00
M,USD,MXN,1992-08-31,3.081,1,1,SF60653,2026-07-01 0:00
M,USD,MXN,1992-09-01,3.081,1,1,SF60653,2026-07-01 0:00
M,USD,MXN,1992-09-02,3.0765,1,1,SF60653,2026-07-01 0:00
M,USD,MXN,1992-09-03,3.0715,1,1,SF60653,2026-07-01 0:00
M,USD,MXN,1992-09-04,3.0694,1,1,SF60653,2026-07-01 0:00
M,USD,MXN,1992-09-05,3.0699,1,1,SF60653,2026-07-01 0:00
M,USD,MXN,1992-09-06,3.0699,1,1,SF60653,2026-07-01 0:00
M,USD,MXN,1992-09-07,3.0699,1,1,SF60653,2026-07-01 0:00
M,USD,MXN,1992-09-08,3.0681,1,1,SF60653,2026-07-01 0:00
M,USD,MXN,1992-09-09,3.0638,1,1,SF60653,2026-07-01 0:00
M,USD,MXN,1992-09-10,3.0636,1,1,SF60653,2026-07-01 0:00
M,USD,MXN,1992-09-11,3.063,1,1,SF60653,2026-07-01 0:00
M,USD,MXN,1992-09-12,3.0768,1,1,SF60653,2026-07-01 0:00
M,USD,MXN,1992-09-13,3.0768,1,1,SF60653,2026-07-01 0:00
M,USD,MXN,1992-09-14,3.0768,1,1,SF60653,2026-07-01 0:00
M,USD,MXN,1992-09-15,3.0948,1,1,SF60653,2026-07-01 0:00
M,USD,MXN,1992-09-16,3.0941,1,1,SF60653,2026-07-01 0:00
M,USD,MXN,1992-09-17,3.0941,1,1,SF60653,2026-07-01 0:00
M,USD,MXN,1992-09-18,3.0926,1,1,SF60653,2026-07-01 0:00
M,USD,MXN,1992-09-19,3.0916,1,1,SF60653,2026-07-01 0:00
M,USD,MXN,1992-09-20,3.0916,1,1,SF60653,2026-07-01 0:00
M,USD,MXN,1992-09-21,3.0916,1,1,SF60653,2026-07-01 0:00
M,USD,MXN,1992-09-22,3.0864,1,1,SF60653,2026-07-01 0:00
M,USD,MXN,1992-09-23,3.0884,1,1,SF60653,2026-07-01 0:00
M,USD,MXN,1992-09-24,3.1111,1,1,SF60653,2026-07-01 0:00
M,USD,MXN,1992-09-25,3.1208,1,1,SF60653,2026-07-01 0:00
M,USD,MXN,1992-09-26,3.104,1,1,SF60653,2026-07-01 0:00
M,USD,MXN,1992-09-27,3.104,1,1,SF60653,2026-07-01 0:00
M,USD,MXN,1992-09-28,3.104,1,1,SF60653,2026-07-01 0:00
M,USD,MXN,1992-09-29,3.1071,1,1,SF60653,2026-07-01 0:00
M,USD,MXN,1992-09-30,3.1161,1,1,SF60653,2026-07-01 0:00
M,USD,MXN,1992-10-01,3.1131,1,1,SF60653,2026-07-01 0:00
M,USD,MXN,1992-10-02,3.109,1,1,SF60653,2026-07-01 0:00
M,USD,MXN,1992-10-03,3.111,1,1,SF60653,2026-07-01 0:00
M,USD,MXN,1992-10-04,3.111,1,1,SF60653,2026-07-01 0:00
M,USD,MXN,1992-10-05,3.111,1,1,SF60653,2026-07-01 0:00
M,USD,MXN,1992-10-06,3.1145,1,1,SF60653,2026-07-01 0:00
M,USD,MXN,1992-10-07,3.113,1,1,SF60653,2026-07-01 0:00
M,USD,MXN,1992-10-08,3.1137,1,1,SF60653,2026-07-01 0:00
M,USD,MXN,1992-10-09,3.1119,1,1,SF60653,2026-07-01 0:00
M,USD,MXN,1992-10-10,3.1151,1,1,SF60653,2026-07-01 0:00
M,USD,MXN,1992-10-11,3.1151,1,1,SF60653,2026-07-01 0:00
M,USD,MXN,1992-10-12,3.1151,1,1,SF60653,2026-07-01 0:00
M,USD,MXN,1992-10-13,3.1151,1,1,SF60653,2026-07-01 0:00
M,USD,MXN,1992-10-14,3.1138,1,1,SF60653,2026-07-01 0:00
M,USD,MXN,1992-10-15,3.1219,1,1,SF60653,2026-07-01 0:00
M,USD,MXN,1992-10-16,3.136,1,1,SF60653,2026-07-01 0:00
M,USD,MXN,1992-10-17,3.1344,1,1,SF60653,2026-07-01 0:00
M,USD,MXN,1992-10-18,3.1344,1,1,SF60653,2026-07-01 0:00
M,USD,MXN,1992-10-19,3.1344,1,1,SF60653,2026-07-01 0:00
M,USD,MXN,1992-10-20,3.134,1,1,SF60653,2026-07-01 0:00
M,USD,MXN,1992-10-21,3.1429,1,1,SF60653,2026-07-01 0:00
M,USD,MXN,1992-10-22,3.1355,1,1,SF60653,2026-07-01 0:00
M,USD,MXN,1992-10-23,3.1285,1,1,SF60653,2026-07-01 0:00
M,USD,MXN,1992-10-24,3.1252,1,1,SF60653,2026-07-01 0:00
M,USD,MXN,1992-10-25,3.1252,1,1,SF60653,2026-07-01 0:00
M,USD,MXN,1992-10-26,3.1252,1,1,SF60653,2026-07-01 0:00
M,USD,MXN,1992-10-27,3.119,1,1,SF60653,2026-07-01 0:00
M,USD,MXN,1992-10-28,3.1181,1,1,SF60653,2026-07-01 0:00
M,USD,MXN,1992-10-29,3.1364,1,1,SF60653,2026-07-01 0:00
M,USD,MXN,1992-10-30,3.1321,1,1,SF60653,2026-07-01 0:00
M,USD,MXN,1992-10-31,3.1309,1,1,SF60653,2026-07-01 0:00
M,USD,MXN,1992-11-01,3.1309,1,1,SF60653,2026-07-01 0:00
M,USD,MXN,1992-11-02,3.1309,1,1,SF60653,2026-07-01 0:00
M,USD,MXN,1992-11-03,3.1309,1,1,SF60653,2026-07-01 0:00
M,USD,MXN,1992-11-04,3.1256,1,1,SF60653,2026-07-01 0:00
M,USD,MXN,1992-11-05,3.1258,1,1,SF60653,2026-07-01 0:00
M,USD,MXN,1992-11-06,3.1271,1,1,SF60653,2026-07-01 0:00
M,USD,MXN,1992-11-07,3.1253,1,1,SF60653,2026-07-01 0:00
M,USD,MXN,1992-11-08,3.1253,1,1,SF60653,2026-07-01 0:00
M,USD,MXN,1992-11-09,3.1253,1,1,SF60653,2026-07-01 0:00
M,USD,MXN,1992-11-10,3.1188,1,1,SF60653,2026-07-01 0:00
M,USD,MXN,1992-11-11,3.1249,1,1,SF60653,2026-07-01 0:00
M,USD,MXN,1992-11-12,3.1197,1,1,SF60653,2026-07-01 0:00
M,USD,MXN,1992-11-13,3.1148,1,1,SF60653,2026-07-01 0:00
M,USD,MXN,1992-11-14,3.1156,1,1,SF60653,2026-07-01 0:00
M,USD,MXN,1992-11-15,3.1156,1,1,SF60653,2026-07-01 0:00
M,USD,MXN,1992-11-16,3.1156,1,1,SF60653,2026-07-01 0:00
M,USD,MXN,1992-11-17,3.113,1,1,SF60653,2026-07-01 0:00
M,USD,MXN,1992-11-18,3.1195,1,1,SF60653,2026-07-01 0:00
M,USD,MXN,1992-11-19,3.1168,1,1,SF60653,2026-07-01 0:00
M,USD,MXN,1992-11-20,3.115,1,1,SF60653,2026-07-01 0:00
M,USD,MXN,1992-11-21,3.115,1,1,SF60653,2026-07-01 0:00
M,USD,MXN,1992-11-22,3.115,1,1,SF60653,2026-07-01 0:00
M,USD,MXN,1992-11-23,3.115,1,1,SF60653,2026-07-01 0:00
M,USD,MXN,1992-11-24,3.1143,1,1,SF60653,2026-07-01 0:00
M,USD,MXN,1992-11-25,3.1194,1,1,SF60653,2026-07-01 0:00
M,USD,MXN,1992-11-26,3.1193,1,1,SF60653,2026-07-01 0:00
M,USD,MXN,1992-11-27,3.1138,1,1,SF60653,2026-07-01 0:00
M,USD,MXN,1992-11-28,3.1159,1,1,SF60653,2026-07-01 0:00
M,USD,MXN,1992-11-29,3.1159,1,1,SF60653,2026-07-01 0:00
M,USD,MXN,1992-11-30,3.1159,1,1,SF60653,2026-07-01 0:00
M,USD,MXN,1992-12-01,3.1149,1,1,SF60653,2026-07-01 0:00
M,USD,MXN,1992-12-02,3.1141,1,1,SF60653,2026-07-01 0:00
M,USD,MXN,1992-12-03,3.117,1,1,SF60653,2026-07-01 0:00
M,USD,MXN,1992-12-04,3.116,1,1,SF60653,2026-07-01 0:00
M,USD,MXN,1992-12-05,3.1139,1,1,SF60653,2026-07-01 0:00
M,USD,MXN,1992-12-06,3.1139,1,1,SF60653,2026-07-01 0:00
M,USD,MXN,1992-12-07,3.1139,1,1,SF60653,2026-07-01 0:00
M,USD,MXN,1992-12-08,3.1158,1,1,SF60653,2026-07-01 0:00
M,USD,MXN,1992-12-09,3.1176,1,1,SF60653,2026-07-01 0:00
M,USD,MXN,1992-12-10,3.1132,1,1,SF60653,2026-07-01 0:00
M,USD,MXN,1992-12-11,3.1128,1,1,SF60653,2026-07-01 0:00
M,USD,MXN,1992-12-12,3.1117,1,1,SF60653,2026-07-01 0:00
M,USD,MXN,1992-12-13,3.1117,1,1,SF60653,2026-07-01 0:00
M,USD,MXN,1992-12-14,3.1117,1,1,SF60653,2026-07-01 0:00
M,USD,MXN,1992-12-15,3.1137,1,1,SF60653,2026-07-01 0:00
M,USD,MXN,1992-12-16,3.1169,1,1,SF60653,2026-07-01 0:00
M,USD,MXN,1992-12-17,3.1372,1,1,SF60653,2026-07-01 0:00
M,USD,MXN,1992-12-18,3.1352,1,1,SF60653,2026-07-01 0:00
M,USD,MXN,1992-12-19,3.1204,1,1,SF60653,2026-07-01 0:00
M,USD,MXN,1992-12-20,3.1204,1,1,SF60653,2026-07-01 0:00
M,USD,MXN,1992-12-21,3.1204,1,1,SF60653,2026-07-01 0:00
M,USD,MXN,1992-12-22,3.1205,1,1,SF60653,2026-07-01 0:00
M,USD,MXN,1992-12-23,3.1179,1,1,SF60653,2026-07-01 0:00
M,USD,MXN,1992-12-24,3.1245,1,1,SF60653,2026-07-01 0:00
M,USD,MXN,1992-12-25,3.1195,1,1,SF60653,2026-07-01 0:00
M,USD,MXN,1992-12-26,3.1195,1,1,SF60653,2026-07-01 0:00
M,USD,MXN,1992-12-27,3.1195,1,1,SF60653,2026-07-01 0:00
M,USD,MXN,1992-12-28,3.1195,1,1,SF60653,2026-07-01 0:00
M,USD,MXN,1992-12-29,3.1134,1,1,SF60653,2026-07-01 0:00
M,USD,MXN,1992-12-30,3.1154,1,1,SF60653,2026-07-01 0:00
M,USD,MXN,1992-12-31,3.123,1,1,SF60653,2026-07-01 0:00
M,USD,MXN,1993-01-01,3.123,1,1,SF60653,2026-07-01 0:00
M,USD,MXN,1993-01-02,3.123,1,1,SF60653,2026-07-01 0:00
M,USD,MXN,1993-01-03,3.123,1,1,SF60653,2026-07-01 0:00
M,USD,MXN,1993-01-04,3.123,1,1,SF60653,2026-07-01 0:00
M,USD,MXN,1993-01-05,3.1209,1,1,SF60653,2026-07-01 0:00
M,USD,MXN,1993-01-06,3.117,1,1,SF60653,2026-07-01 0:00
M,USD,MXN,1993-01-07,3.118,1,1,SF60653,2026-07-01 0:00
M,USD,MXN,1993-01-08,3.1124,1,1,SF60653,2026-07-01 0:00
M,USD,MXN,1993-01-09,3.1063,1,1,SF60653,2026-07-01 0:00
M,USD,MXN,1993-01-10,3.1063,1,1,SF60653,2026-07-01 0:00
M,USD,MXN,1993-01-11,3.1063,1,1,SF60653,2026-07-01 0:00
M,USD,MXN,1993-01-12,3.1108,1,1,SF60653,2026-07-01 0:00
M,USD,MXN,1993-01-13,3.1169,1,1,SF60653,2026-07-01 0:00
M,USD,MXN,1993-01-14,3.1096,1,1,SF60653,2026-07-01 0:00
M,USD,MXN,1993-01-15,3.113,1,1,SF60653,2026-07-01 0:00
M,USD,MXN,1993-01-16,3.113,1,1,SF60653,2026-07-01 0:00
M,USD,MXN,1993-01-17,3.113,1,1,SF60653,2026-07-01 0:00
M,USD,MXN,1993-01-18,3.113,1,1,SF60653,2026-07-01 0:00
M,USD,MXN,1993-01-19,3.1103,1,1,SF60653,2026-07-01 0:00
M,USD,MXN,1993-01-20,3.1095,1,1,SF60653,2026-07-01 0:00
M,USD,MXN,1993-01-21,3.1082,1,1,SF60653,2026-07-01 0:00
M,USD,MXN,1993-01-22,3.1051,1,1,SF60653,2026-07-01 0:00
M,USD,MXN,1993-01-23,3.1051,1,1,SF60653,2026-07-01 0:00
M,USD,MXN,1993-01-24,3.1051,1,1,SF60653,2026-07-01 0:00
M,USD,MXN,1993-01-25,3.1051,1,1,SF60653,2026-07-01 0:00
M,USD,MXN,1993-01-26,3.1044,1,1,SF60653,2026-07-01 0:00
M,USD,MXN,1993-01-27,3.1044,1,1,SF60653,2026-07-01 0:00
M,USD,MXN,1993-01-28,3.0989,1,1,SF60653,2026-07-01 0:00
M,USD,MXN,1993-01-29,3.0939,1,1,SF60653,2026-07-01 0:00
M,USD,MXN,1993-01-30,3.103,1,1,SF60653,2026-07-01 0:00
M,USD,MXN,1993-01-31,3.103,1,1,SF60653,2026-07-01 0:00
M,USD,MXN,1993-02-01,3.103,1,1,SF60653,2026-07-01 0:00
M,USD,MXN,1993-02-02,3.114,1,1,SF60653,2026-07-01 0:00
M,USD,MXN,1993-02-03,3.1019,1,1,SF60653,2026-07-01 0:00
M,USD,MXN,1993-02-04,3.0999,1,1,SF60653,2026-07-01 0:00
M,USD,MXN,1993-02-05,3.1017,1,1,SF60653,2026-07-01 0:00
M,USD,MXN,1993-02-06,3.1017,1,1,SF60653,2026-07-01 0:00
M,USD,MXN,1993-02-07,3.1017,1,1,SF60653,2026-07-01 0:00
M,USD,MXN,1993-02-08,3.1017,1,1,SF60653,2026-07-01 0:00
M,USD,MXN,1993-02-09,3.1012,1,1,SF60653,2026-07-01 0:00
M,USD,MXN,1993-02-10,3.0981,1,1,SF60653,2026-07-01 0:00
M,USD,MXN,1993-02-11,3.0977,1,1,SF60653,2026-07-01 0:00
M,USD,MXN,1993-02-12,3.0975,1,1,SF60653,2026-07-01 0:00
M,USD,MXN,1993-02-13,3.1009,1,1,SF60653,2026-07-01 0:00
M,USD,MXN,1993-02-14,3.1009,1,1,SF60653,2026-07-01 0:00
M,USD,MXN,1993-02-15,3.1009,1,1,SF60653,2026-07-01 0:00
M,USD,MXN,1993-02-16,3.0967,1,1,SF60653,2026-07-01 0:00
M,USD,MXN,1993-02-17,3.1,1,1,SF60653,2026-07-01 0:00
M,USD,MXN,1993-02-18,3.0977,1,1,SF60653,2026-07-01 0:00
M,USD,MXN,1993-02-19,3.0986,1,1,SF60653,2026-07-01 0:00
M,USD,MXN,1993-02-20,3.0943,1,1,SF60653,2026-07-01 0:00
M,USD,MXN,1993-02-21,3.0943,1,1,SF60653,2026-07-01 0:00
M,USD,MXN,1993-02-22,3.0943,1,1,SF60653,2026-07-01 0:00
M,USD,MXN,1993-02-23,3.095,1,1,SF60653,2026-07-01 0:00
M,USD,MXN,1993-02-24,3.094,1,1,SF60653,2026-07-01 0:00
M,USD,MXN,1993-02-25,3.0939,1,1,SF60653,2026-07-01 0:00
M,USD,MXN,1993-02-26,3.0938,1,1,SF60653,2026-07-01 0:00
M,USD,MXN,1993-02-27,3.0974,1,1,SF60653,2026-07-01 0:00
M,USD,MXN,1993-02-28,3.0974,1,1,SF60653,2026-07-01 0:00
M,USD,MXN,1993-03-01,3.0974,1,1,SF60653,2026-07-01 0:00
M,USD,MXN,1993-03-02,3.0987,1,1,SF60653,2026-07-01 0:00
M,USD,MXN,1993-03-03,3.0939,1,1,SF60653,2026-07-01 0:00
M,USD,MXN,1993-03-04,3.0939,1,1,SF60653,2026-07-01 0:00
M,USD,MXN,1993-03-05,3.0948,1,1,SF60653,2026-07-01 0:00
M,USD,MXN,1993-03-06,3.0961,1,1,SF60653,2026-07-01 0:00
M,USD,MXN,1993-03-07,3.0961,1,1,SF60653,2026-07-01 0:00
M,USD,MXN,1993-03-08,3.0961,1,1,SF60653,2026-07-01 0:00
M,USD,MXN,1993-03-09,3.101,1,1,SF60653,2026-07-01 0:00
M,USD,MXN,1993-03-10,3.1021,1,1,SF60653,2026-07-01 0:00
M,USD,MXN,1993-03-11,3.113,1,1,SF60653,2026-07-01 0:00
M,USD,MXN,1993-03-12,3.1174,1,1,SF60653,2026-07-01 0:00
M,USD,MXN,1993-03-13,3.1197,1,1,SF60653,2026-07-01 0:00
M,USD,MXN,1993-03-14,3.1197,1,1,SF60653,2026-07-01 0:00
M,USD,MXN,1993-03-15,3.1197,1,1,SF60653,2026-07-01 0:00
M,USD,MXN,1993-03-16,3.1196,1,1,SF60653,2026-07-01 0:00
M,USD,MXN,1993-03-17,3.1182,1,1,SF60653,2026-07-01 0:00
M,USD,MXN,1993-03-18,3.12,1,1,SF60653,2026-07-01 0:00
M,USD,MXN,1993-03-19,3.119,1,1,SF60653,2026-07-01 0:00
M,USD,MXN,1993-03-20,3.1169,1,1,SF60653,2026-07-01 0:00
M,USD,MXN,1993-03-21,3.1169,1,1,SF60653,2026-07-01 0:00
M,USD,MXN,1993-03-22,3.1169,1,1,SF60653,2026-07-01 0:00
M,USD,MXN,1993-03-23,3.1124,1,1,SF60653,2026-07-01 0:00
M,USD,MXN,1993-03-24,3.1172,1,1,SF60653,2026-07-01 0:00
M,USD,MXN,1993-03-25,3.1149,1,1,SF60653,2026-07-01 0:00
M,USD,MXN,1993-03-26,3.1119,1,1,SF60653,2026-07-01 0:00
M,USD,MXN,1993-03-27,3.1114,1,1,SF60653,2026-07-01 0:00
M,USD,MXN,1993-03-28,3.1114,1,1,SF60653,2026-07-01 0:00
M,USD,MXN,1993-03-29,3.1114,1,1,SF60653,2026-07-01 0:00
M,USD,MXN,1993-03-30,3.1049,1,1,SF60653,2026-07-01 0:00
M,USD,MXN,1993-03-31,3.0976,1,1,SF60653,2026-07-01 0:00
M,USD,MXN,1993-04-01,3.0937,1,1,SF60653,2026-07-01 0:00
M,USD,MXN,1993-04-02,3.0937,1,1,SF60653,2026-07-01 0:00
M,USD,MXN,1993-04-03,3.094,1,1,SF60653,2026-07-01 0:00
M,USD,MXN,1993-04-04,3.094,1,1,SF60653,2026-07-01 0:00
M,USD,MXN,1993-04-05,3.094,1,1,SF60653,2026-07-01 0:00
M,USD,MXN,1993-04-06,3.0937,1,1,SF60653,2026-07-01 0:00
M,USD,MXN,1993-04-07,3.0937,1,1,SF60653,2026-07-01 0:00
M,USD,MXN,1993-04-08,3.094,1,1,SF60653,2026-07-01 0:00
M,USD,MXN,1993-04-09,3.094,1,1,SF60653,2026-07-01 0:00
M,USD,MXN,1993-04-10,3.094,1,1,SF60653,2026-07-01 0:00
M,USD,MXN,1993-04-11,3.094,1,1,SF60653,2026-07-01 0:00
M,USD,MXN,1993-04-12,3.094,1,1,SF60653,2026-07-01 0:00
M,USD,MXN,1993-04-13,3.0985,1,1,SF60653,2026-07-01 0:00
M,USD,MXN,1993-04-14,3.0962,1,1,SF60653,2026-07-01 0:00
M,USD,MXN,1993-04-15,3.1007,1,1,SF60653,2026-07-01 0:00
M,USD,MXN,1993-04-16,3.0989,1,1,SF60653,2026-07-01 0:00
M,USD,MXN,1993-04-17,3.094,1,1,SF60653,2026-07-01 0:00
M,USD,MXN,1993-04-18,3.094,1,1,SF60653,2026-07-01 0:00
M,USD,MXN,1993-04-19,3.094,1,1,SF60653,2026-07-01 0:00
M,USD,MXN,1993-04-20,3.094,1,1,SF60653,2026-07-01 0:00
M,USD,MXN,1993-04-21,3.0936,1,1,SF60653,2026-07-01 0:00
M,USD,MXN,1993-04-22,3.0935,1,1,SF60653,2026-07-01 0:00
M,USD,MXN,1993-04-23,3.0934,1,1,SF60653,2026-07-01 0:00
M,USD,MXN,1993-04-24,3.0937,1,1,SF60653,2026-07-01 0:00
M,USD,MXN,1993-04-25,3.0937,1,1,SF60653,2026-07-01 0:00
M,USD,MXN,1993-04-26,3.0937,1,1,SF60653,2026-07-01 0:00
M,USD,MXN,1993-04-27,3.0946,1,1,SF60653,2026-07-01 0:00
M,USD,MXN,1993-04-28,3.0976,1,1,SF60653,2026-07-01 0:00
M,USD,MXN,1993-04-29,3.0961,1,1,SF60653,2026-07-01 0:00
M,USD,MXN,1993-04-30,3.1022,1,1,SF60653,2026-07-01 0:00
M,USD,MXN,1993-05-01,3.1152,1,1,SF60653,2026-07-01 0:00
M,USD,MXN,1993-05-02,3.1152,1,1,SF60653,2026-07-01 0:00
M,USD,MXN,1993-05-03,3.1152,1,1,SF60653,2026-07-01 0:00
M,USD,MXN,1993-05-04,3.1139,1,1,SF60653,2026-07-01 0:00
M,USD,MXN,1993-05-05,3.1079,1,1,SF60653,2026-07-01 0:00
M,USD,MXN,1993-05-06,3.1079,1,1,SF60653,2026-07-01 0:00
M,USD,MXN,1993-05-07,3.1246,1,1,SF60653,2026-07-01 0:00
M,USD,MXN,1993-05-08,3.1329,1,1,SF60653,2026-07-01 0:00
M,USD,MXN,1993-05-09,3.1329,1,1,SF60653,2026-07-01 0:00
M,USD,MXN,1993-05-10,3.1329,1,1,SF60653,2026-07-01 0:00
M,USD,MXN,1993-05-11,3.1335,1,1,SF60653,2026-07-01 0:00
M,USD,MXN,1993-05-12,3.1309,1,1,SF60653,2026-07-01 0:00
M,USD,MXN,1993-05-13,3.1355,1,1,SF60653,2026-07-01 0:00
M,USD,MXN,1993-05-14,3.1291,1,1,SF60653,2026-07-01 0:00
M,USD,MXN,1993-05-15,3.131,1,1,SF60653,2026-07-01 0:00
M,USD,MXN,1993-05-16,3.131,1,1,SF60653,2026-07-01 0:00
M,USD,MXN,1993-05-17,3.131,1,1,SF60653,2026-07-01 0:00
M,USD,MXN,1993-05-18,3.1289,1,1,SF60653,2026-07-01 0:00
M,USD,MXN,1993-05-19,3.127,1,1,SF60653,2026-07-01 0:00
M,USD,MXN,1993-05-20,3.1169,1,1,SF60653,2026-07-01 0:00
M,USD,MXN,1993-05-21,3.1132,1,1,SF60653,2026-07-01 0:00
M,USD,MXN,1993-05-22,3.1109,1,1,SF60653,2026-07-01 0:00
M,USD,MXN,1993-05-23,3.1109,1,1,SF60653,2026-07-01 0:00
M,USD,MXN,1993-05-24,3.1109,1,1,SF60653,2026-07-01 0:00
M,USD,MXN,1993-05-25,3.1097,1,1,SF60653,2026-07-01 0:00
M,USD,MXN,1993-05-26,3.1172,1,1,SF60653,2026-07-01 0:00
M,USD,MXN,1993-05-27,3.1242,1,1,SF60653,2026-07-01 0:00
M,USD,MXN,1993-05-28,3.1294,1,1,SF60653,2026-07-01 0:00
M,USD,MXN,1993-05-29,3.1227,1,1,SF60653,2026-07-01 0:00
M,USD,MXN,1993-05-30,3.1227,1,1,SF60653,2026-07-01 0:00
M,USD,MXN,1993-05-31,3.1227,1,1,SF60653,2026-07-01 0:00
M,USD,MXN,1993-06-01,3.1224,1,1,SF60653,2026-07-01 0:00
M,USD,MXN,1993-06-02,3.119,1,1,SF60653,2026-07-01 0:00
M,USD,MXN,1993-06-03,3.1264,1,1,SF60653,2026-07-01 0:00
M,USD,MXN,1993-06-04,3.1219,1,1,SF60653,2026-07-01 0:00
M,USD,MXN,1993-06-05,3.125,1,1,SF60653,2026-07-01 0:00
M,USD,MXN,1993-06-06,3.125,1,1,SF60653,2026-07-01 0:00
M,USD,MXN,1993-06-07,3.125,1,1,SF60653,2026-07-01 0:00
M,USD,MXN,1993-06-08,3.1251,1,1,SF60653,2026-07-01 0:00
M,USD,MXN,1993-06-09,3.1256,1,1,SF60653,2026-07-01 0:00
M,USD,MXN,1993-06-10,3.1321,1,1,SF60653,2026-07-01 0:00
M,USD,MXN,1993-06-11,3.1269,1,1,SF60653,2026-07-01 0:00
M,USD,MXN,1993-06-12,3.1282,1,1,SF60653,2026-07-01 0:00
M,USD,MXN,1993-06-13,3.1282,1,1,SF60653,2026-07-01 0:00
M,USD,MXN,1993-06-14,3.1282,1,1,SF60653,2026-07-01 0:00
M,USD,MXN,1993-06-15,3.121,1,1,SF60653,2026-07-01 0:00
M,USD,MXN,1993-06-16,3.1222,1,1,SF60653,2026-07-01 0:00
M,USD,MXN,1993-06-17,3.1166,1,1,SF60653,2026-07-01 0:00
M,USD,MXN,1993-06-18,3.1199,1,1,SF60653,2026-07-01 0:00
M,USD,MXN,1993-06-19,3.1171,1,1,SF60653,2026-07-01 0:00
M,USD,MXN,1993-06-20,3.1171,1,1,SF60653,2026-07-01 0:00
M,USD,MXN,1993-06-21,3.1171,1,1,SF60653,2026-07-01 0:00
M,USD,MXN,1993-06-22,3.1169,1,1,SF60653,2026-07-01 0:00
M,USD,MXN,1993-06-23,3.1139,1,1,SF60653,2026-07-01 0:00
M,USD,MXN,1993-06-24,3.1166,1,1,SF60653,2026-07-01 0:00
M,USD,MXN,1993-06-25,3.1157,1,1,SF60653,2026-07-01 0:00
M,USD,MXN,1993-06-26,3.116,1,1,SF60653,2026-07-01 0:00
M,USD,MXN,1993-06-27,3.116,1,1,SF60653,2026-07-01 0:00
M,USD,MXN,1993-06-28,3.116,1,1,SF60653,2026-07-01 0:00
M,USD,MXN,1993-06-29,3.1195,1,1,SF60653,2026-07-01 0:00
M,USD,MXN,1993-06-30,3.1212,1,1,SF60653,2026-07-01 0:00
M,USD,MXN,1993-07-01,3.1186,1,1,SF60653,2026-07-01 0:00
M,USD,MXN,1993-07-02,3.118,1,1,SF60653,2026-07-01 0:00
M,USD,MXN,1993-07-03,3.1292,1,1,SF60653,2026-07-01 0:00
M,USD,MXN,1993-07-04,3.1292,1,1,SF60653,2026-07-01 0:00
M,USD,MXN,1993-07-05,3.1292,1,1,SF60653,2026-07-01 0:00
M,USD,MXN,1993-07-06,3.1224,1,1,SF60653,2026-07-01 0:00
M,USD,MXN,1993-07-07,3.1224,1,1,SF60653,2026-07-01 0:00
M,USD,MXN,1993-07-08,3.1224,1,1,SF60653,2026-07-01 0:00
M,USD,MXN,1993-07-09,3.1236,1,1,SF60653,2026-07-01 0:00
M,USD,MXN,1993-07-10,3.1261,1,1,SF60653,2026-07-01 0:00
M,USD,MXN,1993-07-11,3.1261,1,1,SF60653,2026-07-01 0:00
M,USD,MXN,1993-07-12,3.1261,1,1,SF60653,2026-07-01 0:00
M,USD,MXN,1993-07-13,3.1246,1,1,SF60653,2026-07-01 0:00
M,USD,MXN,1993-07-14,3.1294,1,1,SF60653,2026-07-01 0:00
M,USD,MXN,1993-07-15,3.1284,1,1,SF60653,2026-07-01 0:00
M,USD,MXN,1993-07-16,3.1235,1,1,SF60653,2026-07-01 0:00
M,USD,MXN,1993-07-17,3.1242,1,1,SF60653,2026-07-01 0:00
M,USD,MXN,1993-07-18,3.1242,1,1,SF60653,2026-07-01 0:00
M,USD,MXN,1993-07-19,3.1242,1,1,SF60653,2026-07-01 0:00
M,USD,MXN,1993-07-20,3.1244,1,1,SF60653,2026-07-01 0:00
M,USD,MXN,1993-07-21,3.1255,1,1,SF60653,2026-07-01 0:00
M,USD,MXN,1993-07-22,3.1241,1,1,SF60653,2026-07-01 0:00
M,USD,MXN,1993-07-23,3.123,1,1,SF60653,2026-07-01 0:00
M,USD,MXN,1993-07-24,3.1229,1,1,SF60653,2026-07-01 0:00
M,USD,MXN,1993-07-25,3.1229,1,1,SF60653,2026-07-01 0:00
M,USD,MXN,1993-07-26,3.1229,1,1,SF60653,2026-07-01 0:00
M,USD,MXN,1993-07-27,3.1251,1,1,SF60653,2026-07-01 0:00
M,USD,MXN,1993-07-28,3.121,1,1,SF60653,2026-07-01 0:00
M,USD,MXN,1993-07-29,3.1209,1,1,SF60653,2026-07-01 0:00
M,USD,MXN,1993-07-30,3.1189,1,1,SF60653,2026-07-01 0:00
M,USD,MXN,1993-07-31,3.1204,1,1,SF60653,2026-07-01 0:00
M,USD,MXN,1993-08-01,3.1204,1,1,SF60653,2026-07-01 0:00
M,USD,MXN,1993-08-02,3.1204,1,1,SF60653,2026-07-01 0:00
M,USD,MXN,1993-08-03,3.1179,1,1,SF60653,2026-07-01 0:00
M,USD,MXN,1993-08-04,3.1162,1,1,SF60653,2026-07-01 0:00
M,USD,MXN,1993-08-05,3.1107,1,1,SF60653,2026-07-01 0:00
M,USD,MXN,1993-08-06,3.1097,1,1,SF60653,2026-07-01 0:00
M,USD,MXN,1993-08-07,3.1149,1,1,SF60653,2026-07-01 0:00
M,USD,MXN,1993-08-08,3.1149,1,1,SF60653,2026-07-01 0:00
M,USD,MXN,1993-08-09,3.1149,1,1,SF60653,2026-07-01 0:00
M,USD,MXN,1993-08-10,3.1137,1,1,SF60653,2026-07-01 0:00
M,USD,MXN,1993-08-11,3.11,1,1,SF60653,2026-07-01 0:00
M,USD,MXN,1993-08-12,3.111,1,1,SF60653,2026-07-01 0:00
M,USD,MXN,1993-08-13,3.11,1,1,SF60653,2026-07-01 0:00
M,USD,MXN,1993-08-14,3.1165,1,1,SF60653,2026-07-01 0:00
M,USD,MXN,1993-08-15,3.1165,1,1,SF60653,2026-07-01 0:00
M,USD,MXN,1993-08-16,3.1165,1,1,SF60653,2026-07-01 0:00
M,USD,MXN,1993-08-17,3.1079,1,1,SF60653,2026-07-01 0:00
M,USD,MXN,1993-08-18,3.111,1,1,SF60653,2026-07-01 0:00
M,USD,MXN,1993-08-19,3.1104,1,1,SF60653,2026-07-01 0:00
M,USD,MXN,1993-08-20,3.1119,1,1,SF60653,2026-07-01 0:00
M,USD,MXN,1993-08-21,3.1131,1,1,SF60653,2026-07-01 0:00
M,USD,MXN,1993-08-22,3.1131,1,1,SF60653,2026-07-01 0:00
M,USD,MXN,1993-08-23,3.1131,1,1,SF60653,2026-07-01 0:00
M,USD,MXN,1993-08-24,3.1124,1,1,SF60653,2026-07-01 0:00
M,USD,MXN,1993-08-25,3.1112,1,1,SF60653,2026-07-01 0:00
M,USD,MXN,1993-08-26,3.1109,1,1,SF60653,2026-07-01 0:00
M,USD,MXN,1993-08-27,3.1104,1,1,SF60653,2026-07-01 0:00
M,USD,MXN,1993-08-28,3.1117,1,1,SF60653,2026-07-01 0:00
M,USD,MXN,1993-08-29,3.1117,1,1,SF60653,2026-07-01 0:00
M,USD,MXN,1993-08-30,3.1117,1,1,SF60653,2026-07-01 0:00
M,USD,MXN,1993-08-31,3.1145,1,1,SF60653,2026-07-01 0:00
M,USD,MXN,1993-09-01,3.1142,1,1,SF60653,2026-07-01 0:00
M,USD,MXN,1993-09-02,3.1142,1,1,SF60653,2026-07-01 0:00
M,USD,MXN,1993-09-03,3.1137,1,1,SF60653,2026-07-01 0:00
M,USD,MXN,1993-09-04,3.1139,1,1,SF60653,2026-07-01 0:00
M,USD,MXN,1993-09-05,3.1139,1,1,SF60653,2026-07-01 0:00
M,USD,MXN,1993-09-06,3.1139,1,1,SF60653,2026-07-01 0:00
M,USD,MXN,1993-09-07,3.1139,1,1,SF60653,2026-07-01 0:00
M,USD,MXN,1993-09-08,3.1117,1,1,SF60653,2026-07-01 0:00
M,USD,MXN,1993-09-09,3.113,1,1,SF60653,2026-07-01 0:00
M,USD,MXN,1993-09-10,3.1124,1,1,SF60653,2026-07-01 0:00
M,USD,MXN,1993-09-11,3.1127,1,1,SF60653,2026-07-01 0:00
M,USD,MXN,1993-09-12,3.1127,1,1,SF60653,2026-07-01 0:00
M,USD,MXN,1993-09-13,3.1127,1,1,SF60653,2026-07-01 0:00
M,USD,MXN,1993-09-14,3.1119,1,1,SF60653,2026-07-01 0:00
M,USD,MXN,1993-09-15,3.1119,1,1,SF60653,2026-07-01 0:00
M,USD,MXN,1993-09-16,3.1109,1,1,SF60653,2026-07-01 0:00
M,USD,MXN,1993-09-17,3.1109,1,1,SF60653,2026-07-01 0:00
M,USD,MXN,1993-09-18,3.1108,1,1,SF60653,2026-07-01 0:00
M,USD,MXN,1993-09-19,3.1108,1,1,SF60653,2026-07-01 0:00
M,USD,MXN,1993-09-20,3.1108,1,1,SF60653,2026-07-01 0:00
M,USD,MXN,1993-09-21,3.1093,1,1,SF60653,2026-07-01 0:00
M,USD,MXN,1993-09-22,3.1073,1,1,SF60653,2026-07-01 0:00
M,USD,MXN,1993-09-23,3.11,1,1,SF60653,2026-07-01 0:00
M,USD,MXN,1993-09-24,3.1163,1,1,SF60653,2026-07-01 0:00
M,USD,MXN,1993-09-25,3.1124,1,1,SF60653,2026-07-01 0:00
M,USD,MXN,1993-09-26,3.1124,1,1,SF60653,2026-07-01 0:00
M,USD,MXN,1993-09-27,3.1124,1,1,SF60653,2026-07-01 0:00
M,USD,MXN,1993-09-28,3.1114,1,1,SF60653,2026-07-01 0:00
M,USD,MXN,1993-09-29,3.1199,1,1,SF60653,2026-07-01 0:00
M,USD,MXN,1993-09-30,3.1178,1,1,SF60653,2026-07-01 0:00
M,USD,MXN,1993-10-01,3.1178,1,1,SF60653,2026-07-01 0:00
M,USD,MXN,1993-10-02,3.1179,1,1,SF60653,2026-07-01 0:00
M,USD,MXN,1993-10-03,3.1179,1,1,SF60653,2026-07-01 0:00
M,USD,MXN,1993-10-04,3.1179,1,1,SF60653,2026-07-01 0:00
M,USD,MXN,1993-10-05,3.1163,1,1,SF60653,2026-07-01 0:00
M,USD,MXN,1993-10-06,3.1131,1,1,SF60653,2026-07-01 0:00
M,USD,MXN,1993-10-07,3.1148,1,1,SF60653,2026-07-01 0:00
M,USD,MXN,1993-10-08,3.1142,1,1,SF60653,2026-07-01 0:00
M,USD,MXN,1993-10-09,3.1156,1,1,SF60653,2026-07-01 0:00
M,USD,MXN,1993-10-10,3.1156,1,1,SF60653,2026-07-01 0:00
M,USD,MXN,1993-10-11,3.1156,1,1,SF60653,2026-07-01 0:00
M,USD,MXN,1993-10-12,3.1158,1,1,SF60653,2026-07-01 0:00
M,USD,MXN,1993-10-13,3.1158,1,1,SF60653,2026-07-01 0:00
M,USD,MXN,1993-10-14,3.1136,1,1,SF60653,2026-07-01 0:00
M,USD,MXN,1993-10-15,3.1129,1,1,SF60653,2026-07-01 0:00
M,USD,MXN,1993-10-16,3.1135,1,1,SF60653,2026-07-01 0:00
M,USD,MXN,1993-10-17,3.1135,1,1,SF60653,2026-07-01 0:00
M,USD,MXN,1993-10-18,3.1135,1,1,SF60653,2026-07-01 0:00
M,USD,MXN,1993-10-19,3.114,1,1,SF60653,2026-07-01 0:00
M,USD,MXN,1993-10-20,3.1123,1,1,SF60653,2026-07-01 0:00
M,USD,MXN,1993-10-21,3.1125,1,1,SF60653,2026-07-01 0:00
M,USD,MXN,1993-10-22,3.1115,1,1,SF60653,2026-07-01 0:00
M,USD,MXN,1993-10-23,3.112,1,1,SF60653,2026-07-01 0:00
M,USD,MXN,1993-10-24,3.112,1,1,SF60653,2026-07-01 0:00
M,USD,MXN,1993-10-25,3.112,1,1,SF60653,2026-07-01 0:00
M,USD,MXN,1993-10-26,3.1125,1,1,SF60653,2026-07-01 0:00
M,USD,MXN,1993-10-27,3.1135,1,1,SF60653,2026-07-01 0:00
M,USD,MXN,1993-10-28,3.1135,1,1,SF60653,2026-07-01 0:00
M,USD,MXN,1993-10-29,3.1176,1,1,SF60653,2026-07-01 0:00
M,USD,MXN,1993-10-30,3.1293,1,1,SF60653,2026-07-01 0:00
M,USD,MXN,1993-10-31,3.1293,1,1,SF60653,2026-07-01 0:00
M,USD,MXN,1993-11-01,3.1293,1,1,SF60653,2026-07-01 0:00
M,USD,MXN,1993-11-02,3.1293,1,1,SF60653,2026-07-01 0:00
M,USD,MXN,1993-11-03,3.1293,1,1,SF60653,2026-07-01 0:00
M,USD,MXN,1993-11-04,3.1259,1,1,SF60653,2026-07-01 0:00
M,USD,MXN,1993-11-05,3.1481,1,1,SF60653,2026-07-01 0:00
M,USD,MXN,1993-11-06,3.1476,1,1,SF60653,2026-07-01 0:00
M,USD,MXN,1993-11-07,3.1476,1,1,SF60653,2026-07-01 0:00
M,USD,MXN,1993-11-08,3.1476,1,1,SF60653,2026-07-01 0:00
M,USD,MXN,1993-11-09,3.152,1,1,SF60653,2026-07-01 0:00
M,USD,MXN,1993-11-10,3.152,1,1,SF60653,2026-07-01 0:00
M,USD,MXN,1993-11-11,3.245,1,1,SF60653,2026-07-01 0:00
M,USD,MXN,1993-11-12,3.24,1,1,SF60653,2026-07-01 0:00
M,USD,MXN,1993-11-13,3.2163,1,1,SF60653,2026-07-01 0:00
M,USD,MXN,1993-11-14,3.2163,1,1,SF60653,2026-07-01 0:00
M,USD,MXN,1993-11-15,3.2163,1,1,SF60653,2026-07-01 0:00
M,USD,MXN,1993-11-16,3.2325,1,1,SF60653,2026-07-01 0:00
M,USD,MXN,1993-11-17,3.2125,1,1,SF60653,2026-07-01 0:00
M,USD,MXN,1993-11-18,3.185,1,1,SF60653,2026-07-01 0:00
M,USD,MXN,1993-11-19,3.1608,1,1,SF60653,2026-07-01 0:00
M,USD,MXN,1993-11-20,3.1114,1,1,SF60653,2026-07-01 0:00
M,USD,MXN,1993-11-21,3.1114,1,1,SF60653,2026-07-01 0:00
M,USD,MXN,1993-11-22,3.1114,1,1,SF60653,2026-07-01 0:00
M,USD,MXN,1993-11-23,3.1148,1,1,SF60653,2026-07-01 0:00
M,USD,MXN,1993-11-24,3.101,1,1,SF60653,2026-07-01 0:00
M,USD,MXN,1993-11-25,3.1003,1,1,SF60653,2026-07-01 0:00
M,USD,MXN,1993-11-26,3.1021,1,1,SF60653,2026-07-01 0:00
M,USD,MXN,1993-11-27,3.1168,1,1,SF60653,2026-07-01 0:00
M,USD,MXN,1993-11-28,3.1168,1,1,SF60653,2026-07-01 0:00
M,USD,MXN,1993-11-29,3.1168,1,1,SF60653,2026-07-01 0:00
M,USD,MXN,1993-11-30,3.1125,1,1,SF60653,2026-07-01 0:00
M,USD,MXN,1993-12-01,3.1065,1,1,SF60653,2026-07-01 0:00
M,USD,MXN,1993-12-02,3.1042,1,1,SF60653,2026-07-01 0:00
M,USD,MXN,1993-12-03,3.1034,1,1,SF60653,2026-07-01 0:00
M,USD,MXN,1993-12-04,3.1037,1,1,SF60653,2026-07-01 0:00
M,USD,MXN,1993-12-05,3.1037,1,1,SF60653,2026-07-01 0:00
M,USD,MXN,1993-12-06,3.1037,1,1,SF60653,2026-07-01 0:00
M,USD,MXN,1993-12-07,3.1036,1,1,SF60653,2026-07-01 0:00
M,USD,MXN,1993-12-08,3.1052,1,1,SF60653,2026-07-01 0:00
M,USD,MXN,1993-12-09,3.1047,1,1,SF60653,2026-07-01 0:00
M,USD,MXN,1993-12-10,3.1047,1,1,SF60653,2026-07-01 0:00
M,USD,MXN,1993-12-11,3.1075,1,1,SF60653,2026-07-01 0:00
M,USD,MXN,1993-12-12,3.1075,1,1,SF60653,2026-07-01 0:00
M,USD,MXN,1993-12-13,3.1075,1,1,SF60653,2026-07-01 0:00
M,USD,MXN,1993-12-14,3.1169,1,1,SF60653,2026-07-01 0:00
M,USD,MXN,1993-12-15,3.113,1,1,SF60653,2026-07-01 0:00
M,USD,MXN,1993-12-16,3.1118,1,1,SF60653,2026-07-01 0:00
M,USD,MXN,1993-12-17,3.1065,1,1,SF60653,2026-07-01 0:00
M,USD,MXN,1993-12-18,3.1053,1,1,SF60653,2026-07-01 0:00
M,USD,MXN,1993-12-19,3.1053,1,1,SF60653,2026-07-01 0:00
M,USD,MXN,1993-12-20,3.1053,1,1,SF60653,2026-07-01 0:00
M,USD,MXN,1993-12-21,3.1055,1,1,SF60653,2026-07-01 0:00
M,USD,MXN,1993-12-22,3.1114,1,1,SF60653,2026-07-01 0:00
M,USD,MXN,1993-12-23,3.1111,1,1,SF60653,2026-07-01 0:00
M,USD,MXN,1993-12-24,3.1155,1,1,SF60653,2026-07-01 0:00
M,USD,MXN,1993-12-25,3.111,1,1,SF60653,2026-07-01 0:00
M,USD,MXN,1993-12-26,3.111,1,1,SF60653,2026-07-01 0:00
M,USD,MXN,1993-12-27,3.111,1,1,SF60653,2026-07-01 0:00
M,USD,MXN,1993-12-28,3.1059,1,1,SF60653,2026-07-01 0:00
M,USD,MXN,1993-12-29,3.1056,1,1,SF60653,2026-07-01 0:00
M,USD,MXN,1993-12-30,3.1059,1,1,SF60653,2026-07-01 0:00
M,USD,MXN,1993-12-31,3.1099,1,1,SF60653,2026-07-01 0:00
M,USD,MXN,1994-01-01,3.1099,1,1,SF60653,2026-07-01 0:00
M,USD,MXN,1994-01-02,3.1099,1,1,SF60653,2026-07-01 0:00
M,USD,MXN,1994-01-03,3.1099,1,1,SF60653,2026-07-01 0:00
M,USD,MXN,1994-01-04,3.1071,1,1,SF60653,2026-07-01 0:00
M,USD,MXN,1994-01-05,3.1075,1,1,SF60653,2026-07-01 0:00
M,USD,MXN,1994-01-06,3.1129,1,1,SF60653,2026-07-01 0:00
M,USD,MXN,1994-01-07,3.106,1,1,SF60653,2026-07-01 0:00
M,USD,MXN,1994-01-08,3.1057,1,1,SF60653,2026-07-01 0:00
M,USD,MXN,1994-01-09,3.1057,1,1,SF60653,2026-07-01 0:00
M,USD,MXN,1994-01-10,3.1057,1,1,SF60653,2026-07-01 0:00
M,USD,MXN,1994-01-11,3.1057,1,1,SF60653,2026-07-01 0:00
M,USD,MXN,1994-01-12,3.115,1,1,SF60653,2026-07-01 0:00
M,USD,MXN,1994-01-13,3.1098,1,1,SF60653,2026-07-01 0:00
M,USD,MXN,1994-01-14,3.1094,1,1,SF60653,2026-07-01 0:00
M,USD,MXN,1994-01-15,3.1061,1,1,SF60653,2026-07-01 0:00
M,USD,MXN,1994-01-16,3.1061,1,1,SF60653,2026-07-01 0:00
M,USD,MXN,1994-01-17,3.1061,1,1,SF60653,2026-07-01 0:00
M,USD,MXN,1994-01-18,3.1088,1,1,SF60653,2026-07-01 0:00
M,USD,MXN,1994-01-19,3.1061,1,1,SF60653,2026-07-01 0:00
M,USD,MXN,1994-01-20,3.1058,1,1,SF60653,2026-07-01 0:00
M,USD,MXN,1994-01-21,3.1056,1,1,SF60653,2026-07-01 0:00
M,USD,MXN,1994-01-22,3.106,1,1,SF60653,2026-07-01 0:00
M,USD,MXN,1994-01-23,3.106,1,1,SF60653,2026-07-01 0:00
M,USD,MXN,1994-01-24,3.106,1,1,SF60653,2026-07-01 0:00
M,USD,MXN,1994-01-25,3.1055,1,1,SF60653,2026-07-01 0:00
M,USD,MXN,1994-01-26,3.1056,1,1,SF60653,2026-07-01 0:00
M,USD,MXN,1994-01-27,3.1058,1,1,SF60653,2026-07-01 0:00
M,USD,MXN,1994-01-28,3.1064,1,1,SF60653,2026-07-01 0:00
M,USD,MXN,1994-01-29,3.1063,1,1,SF60653,2026-07-01 0:00
M,USD,MXN,1994-01-30,3.1063,1,1,SF60653,2026-07-01 0:00
M,USD,MXN,1994-01-31,3.1063,1,1,SF60653,2026-07-01 0:00
M,USD,MXN,1994-02-01,3.1059,1,1,SF60653,2026-07-01 0:00
M,USD,MXN,1994-02-02,3.1054,1,1,SF60653,2026-07-01 0:00
M,USD,MXN,1994-02-03,3.105,1,1,SF60653,2026-07-01 0:00
M,USD,MXN,1994-02-04,3.1053,1,1,SF60653,2026-07-01 0:00
M,USD,MXN,1994-02-05,3.1056,1,1,SF60653,2026-07-01 0:00
M,USD,MXN,1994-02-06,3.1056,1,1,SF60653,2026-07-01 0:00
M,USD,MXN,1994-02-07,3.1056,1,1,SF60653,2026-07-01 0:00
M,USD,MXN,1994-02-08,3.1056,1,1,SF60653,2026-07-01 0:00
M,USD,MXN,1994-02-09,3.1056,1,1,SF60653,2026-07-01 0:00
M,USD,MXN,1994-02-10,3.1058,1,1,SF60653,2026-07-01 0:00
M,USD,MXN,1994-02-11,3.1055,1,1,SF60653,2026-07-01 0:00
M,USD,MXN,1994-02-12,3.105,1,1,SF60653,2026-07-01 0:00
M,USD,MXN,1994-02-13,3.105,1,1,SF60653,2026-07-01 0:00
M,USD,MXN,1994-02-14,3.105,1,1,SF60653,2026-07-01 0:00
M,USD,MXN,1994-02-15,3.105,1,1,SF60653,2026-07-01 0:00
M,USD,MXN,1994-02-16,3.1055,1,1,SF60653,2026-07-01 0:00
M,USD,MXN,1994-02-17,3.105,1,1,SF60653,2026-07-01 0:00
M,USD,MXN,1994-02-18,3.1055,1,1,SF60653,2026-07-01 0:00
M,USD,MXN,1994-02-19,3.1053,1,1,SF60653,2026-07-01 0:00
M,USD,MXN,1994-02-20,3.1053,1,1,SF60653,2026-07-01 0:00
M,USD,MXN,1994-02-21,3.1053,1,1,SF60653,2026-07-01 0:00
M,USD,MXN,1994-02-22,3.1057,1,1,SF60653,2026-07-01 0:00
M,USD,MXN,1994-02-23,3.1061,1,1,SF60653,2026-07-01 0:00
M,USD,MXN,1994-02-24,3.111,1,1,SF60653,2026-07-01 0:00
M,USD,MXN,1994-02-25,3.1179,1,1,SF60653,2026-07-01 0:00
M,USD,MXN,1994-02-26,3.2075,1,1,SF60653,2026-07-01 0:00
M,USD,MXN,1994-02-27,3.2075,1,1,SF60653,2026-07-01 0:00
M,USD,MXN,1994-02-28,3.2075,1,1,SF60653,2026-07-01 0:00
M,USD,MXN,1994-03-01,3.2113,1,1,SF60653,2026-07-01 0:00
M,USD,MXN,1994-03-02,3.1933,1,1,SF60653,2026-07-01 0:00
M,USD,MXN,1994-03-03,3.1944,1,1,SF60653,2026-07-01 0:00
M,USD,MXN,1994-03-04,3.2663,1,1,SF60653,2026-07-01 0:00
M,USD,MXN,1994-03-05,3.2513,1,1,SF60653,2026-07-01 0:00
M,USD,MXN,1994-03-06,3.2513,1,1,SF60653,2026-07-01 0:00
M,USD,MXN,1994-03-07,3.2513,1,1,SF60653,2026-07-01 0:00
M,USD,MXN,1994-03-08,3.2355,1,1,SF60653,2026-07-01 0:00
M,USD,MXN,1994-03-09,3.252,1,1,SF60653,2026-07-01 0:00
M,USD,MXN,1994-03-10,3.2565,1,1,SF60653,2026-07-01 0:00
M,USD,MXN,1994-03-11,3.315,1,1,SF60653,2026-07-01 0:00
M,USD,MXN,1994-03-12,3.2888,1,1,SF60653,2026-07-01 0:00
M,USD,MXN,1994-03-13,3.2888,1,1,SF60653,2026-07-01 0:00
M,USD,MXN,1994-03-14,3.2888,1,1,SF60653,2026-07-01 0:00
M,USD,MXN,1994-03-15,3.3025,1,1,SF60653,2026-07-01 0:00
M,USD,MXN,1994-03-16,3.2849,1,1,SF60653,2026-07-01 0:00
M,USD,MXN,1994-03-17,3.3106,1,1,SF60653,2026-07-01 0:00
M,USD,MXN,1994-03-18,3.3033,1,1,SF60653,2026-07-01 0:00
M,USD,MXN,1994-03-19,3.3043,1,1,SF60653,2026-07-01 0:00
M,USD,MXN,1994-03-20,3.3043,1,1,SF60653,2026-07-01 0:00
M,USD,MXN,1994-03-21,3.3043,1,1,SF60653,2026-07-01 0:00
M,USD,MXN,1994-03-22,3.3043,1,1,SF60653,2026-07-01 0:00
M,USD,MXN,1994-03-23,3.3248,1,1,SF60653,2026-07-01 0:00
M,USD,MXN,1994-03-24,3.3326,1,1,SF60653,2026-07-01 0:00
M,USD,MXN,1994-03-25,3.3326,1,1,SF60653,2026-07-01 0:00
M,USD,MXN,1994-03-26,3.3353,1,1,SF60653,2026-07-01 0:00
M,USD,MXN,1994-03-27,3.3353,1,1,SF60653,2026-07-01 0:00
M,USD,MXN,1994-03-28,3.3353,1,1,SF60653,2026-07-01 0:00
M,USD,MXN,1994-03-29,3.3586,1,1,SF60653,2026-07-01 0:00
M,USD,MXN,1994-03-30,3.3598,1,1,SF60653,2026-07-01 0:00
M,USD,MXN,1994-03-31,3.35,1,1,SF60653,2026-07-01 0:00
M,USD,MXN,1994-04-01,3.35,1,1,SF60653,2026-07-01 0:00
M,USD,MXN,1994-04-02,3.35,1,1,SF60653,2026-07-01 0:00
M,USD,MXN,1994-04-03,3.35,1,1,SF60653,2026-07-01 0:00
M,USD,MXN,1994-04-04,3.35,1,1,SF60653,2026-07-01 0:00
M,USD,MXN,1994-04-05,3.3606,1,1,SF60653,2026-07-01 0:00
M,USD,MXN,1994-04-06,3.3626,1,1,SF60653,2026-07-01 0:00
M,USD,MXN,1994-04-07,3.363,1,1,SF60653,2026-07-01 0:00
M,USD,MXN,1994-04-08,3.3615,1,1,SF60653,2026-07-01 0:00
M,USD,MXN,1994-04-09,3.363,1,1,SF60653,2026-07-01 0:00
M,USD,MXN,1994-04-10,3.363,1,1,SF60653,2026-07-01 0:00
M,USD,MXN,1994-04-11,3.363,1,1,SF60653,2026-07-01 0:00
M,USD,MXN,1994-04-12,3.3642,1,1,SF60653,2026-07-01 0:00
M,USD,MXN,1994-04-13,3.3654,1,1,SF60653,2026-07-01 0:00
M,USD,MXN,1994-04-14,3.3657,1,1,SF60653,2026-07-01 0:00
M,USD,MXN,1994-04-15,3.366,1,1,SF60653,2026-07-01 0:00
M,USD,MXN,1994-04-16,3.3666,1,1,SF60653,2026-07-01 0:00
M,USD,MXN,1994-04-17,3.3666,1,1,SF60653,2026-07-01 0:00
M,USD,MXN,1994-04-18,3.3666,1,1,SF60653,2026-07-01 0:00
M,USD,MXN,1994-04-19,3.367,1,1,SF60653,2026-07-01 0:00
M,USD,MXN,1994-04-20,3.3682,1,1,SF60653,2026-07-01 0:00
M,USD,MXN,1994-04-21,3.3686,1,1,SF60653,2026-07-01 0:00
M,USD,MXN,1994-04-22,3.369,1,1,SF60653,2026-07-01 0:00
M,USD,MXN,1994-04-23,3.3694,1,1,SF60653,2026-07-01 0:00
M,USD,MXN,1994-04-24,3.3694,1,1,SF60653,2026-07-01 0:00
M,USD,MXN,1994-04-25,3.3694,1,1,SF60653,2026-07-01 0:00
M,USD,MXN,1994-04-26,3.3679,1,1,SF60653,2026-07-01 0:00
M,USD,MXN,1994-04-27,3.3073,1,1,SF60653,2026-07-01 0:00
M,USD,MXN,1994-04-28,3.298,1,1,SF60653,2026-07-01 0:00
M,USD,MXN,1994-04-29,3.2673,1,1,SF60653,2026-07-01 0:00
M,USD,MXN,1994-04-30,3.2763,1,1,SF60653,2026-07-01 0:00
M,USD,MXN,1994-05-01,3.2763,1,1,SF60653,2026-07-01 0:00
M,USD,MXN,1994-05-02,3.2763,1,1,SF60653,2026-07-01 0:00
M,USD,MXN,1994-05-03,3.2748,1,1,SF60653,2026-07-01 0:00
M,USD,MXN,1994-05-04,3.2748,1,1,SF60653,2026-07-01 0:00
M,USD,MXN,1994-05-05,3.3145,1,1,SF60653,2026-07-01 0:00
M,USD,MXN,1994-05-06,3.3145,1,1,SF60653,2026-07-01 0:00
M,USD,MXN,1994-05-07,3.3053,1,1,SF60653,2026-07-01 0:00
M,USD,MXN,1994-05-08,3.3053,1,1,SF60653,2026-07-01 0:00
M,USD,MXN,1994-05-09,3.3053,1,1,SF60653,2026-07-01 0:00
M,USD,MXN,1994-05-10,3.3223,1,1,SF60653,2026-07-01 0:00
M,USD,MXN,1994-05-11,3.3396,1,1,SF60653,2026-07-01 0:00
M,USD,MXN,1994-05-12,3.3163,1,1,SF60653,2026-07-01 0:00
M,USD,MXN,1994-05-13,3.3173,1,1,SF60653,2026-07-01 0:00
M,USD,MXN,1994-05-14,3.3325,1,1,SF60653,2026-07-01 0:00
M,USD,MXN,1994-05-15,3.3325,1,1,SF60653,2026-07-01 0:00
M,USD,MXN,1994-05-16,3.3325,1,1,SF60653,2026-07-01 0:00
M,USD,MXN,1994-05-17,3.3298,1,1,SF60653,2026-07-01 0:00
M,USD,MXN,1994-05-18,3.3319,1,1,SF60653,2026-07-01 0:00
M,USD,MXN,1994-05-19,3.329,1,1,SF60653,2026-07-01 0:00
M,USD,MXN,1994-05-20,3.3309,1,1,SF60653,2026-07-01 0:00
M,USD,MXN,1994-05-21,3.322,1,1,SF60653,2026-07-01 0:00
M,USD,MXN,1994-05-22,3.322,1,1,SF60653,2026-07-01 0:00
M,USD,MXN,1994-05-23,3.322,1,1,SF60653,2026-07-01 0:00
M,USD,MXN,1994-05-24,3.302,1,1,SF60653,2026-07-01 0:00
M,USD,MXN,1994-05-25,3.3025,1,1,SF60653,2026-07-01 0:00
M,USD,MXN,1994-05-26,3.2919,1,1,SF60653,2026-07-01 0:00
M,USD,MXN,1994-05-27,3.3093,1,1,SF60653,2026-07-01 0:00
M,USD,MXN,1994-05-28,3.3148,1,1,SF60653,2026-07-01 0:00
M,USD,MXN,1994-05-29,3.3148,1,1,SF60653,2026-07-01 0:00
M,USD,MXN,1994-05-30,3.3148,1,1,SF60653,2026-07-01 0:00
M,USD,MXN,1994-05-31,3.3145,1,1,SF60653,2026-07-01 0:00
M,USD,MXN,1994-06-01,3.3276,1,1,SF60653,2026-07-01 0:00
M,USD,MXN,1994-06-02,3.3214,1,1,SF60653,2026-07-01 0:00
M,USD,MXN,1994-06-03,3.3269,1,1,SF60653,2026-07-01 0:00
M,USD,MXN,1994-06-04,3.3253,1,1,SF60653,2026-07-01 0:00
M,USD,MXN,1994-06-05,3.3253,1,1,SF60653,2026-07-01 0:00
M,USD,MXN,1994-06-06,3.3253,1,1,SF60653,2026-07-01 0:00
M,USD,MXN,1994-06-07,3.3243,1,1,SF60653,2026-07-01 0:00
M,USD,MXN,1994-06-08,3.335,1,1,SF60653,2026-07-01 0:00
M,USD,MXN,1994-06-09,3.365,1,1,SF60653,2026-07-01 0:00
M,USD,MXN,1994-06-10,3.3535,1,1,SF60653,2026-07-01 0:00
M,USD,MXN,1994-06-11,3.3588,1,1,SF60653,2026-07-01 0:00
M,USD,MXN,1994-06-12,3.3588,1,1,SF60653,2026-07-01 0:00
M,USD,MXN,1994-06-13,3.3588,1,1,SF60653,2026-07-01 0:00
M,USD,MXN,1994-06-14,3.3613,1,1,SF60653,2026-07-01 0:00
M,USD,MXN,1994-06-15,3.3784,1,1,SF60653,2026-07-01 0:00
M,USD,MXN,1994-06-16,3.3734,1,1,SF60653,2026-07-01 0:00
M,USD,MXN,1994-06-17,3.3673,1,1,SF60653,2026-07-01 0:00
M,USD,MXN,1994-06-18,3.3675,1,1,SF60653,2026-07-01 0:00
M,USD,MXN,1994-06-19,3.3675,1,1,SF60653,2026-07-01 0:00
M,USD,MXN,1994-06-20,3.3675,1,1,SF60653,2026-07-01 0:00
M,USD,MXN,1994-06-21,3.3675,1,1,SF60653,2026-07-01 0:00
M,USD,MXN,1994-06-22,3.3703,1,1,SF60653,2026-07-01 0:00
M,USD,MXN,1994-06-23,3.3743,1,1,SF60653,2026-07-01 0:00
M,USD,MXN,1994-06-24,3.379,1,1,SF60653,2026-07-01 0:00
M,USD,MXN,1994-06-25,3.3855,1,1,SF60653,2026-07-01 0:00
M,USD,MXN,1994-06-26,3.3855,1,1,SF60653,2026-07-01 0:00
M,USD,MXN,1994-06-27,3.3855,1,1,SF60653,2026-07-01 0:00
M,USD,MXN,1994-06-28,3.3903,1,1,SF60653,2026-07-01 0:00
M,USD,MXN,1994-06-29,3.3918,1,1,SF60653,2026-07-01 0:00
M,USD,MXN,1994-06-30,3.3918,1,1,SF60653,2026-07-01 0:00
M,USD,MXN,1994-07-01,3.3865,1,1,SF60653,2026-07-01 0:00
M,USD,MXN,1994-07-02,3.3938,1,1,SF60653,2026-07-01 0:00
M,USD,MXN,1994-07-03,3.3938,1,1,SF60653,2026-07-01 0:00
M,USD,MXN,1994-07-04,3.3938,1,1,SF60653,2026-07-01 0:00
M,USD,MXN,1994-07-05,3.3945,1,1,SF60653,2026-07-01 0:00
M,USD,MXN,1994-07-06,3.399,1,1,SF60653,2026-07-01 0:00
M,USD,MXN,1994-07-07,3.3994,1,1,SF60653,2026-07-01 0:00
M,USD,MXN,1994-07-08,3.3998,1,1,SF60653,2026-07-01 0:00
M,USD,MXN,1994-07-09,3.4002,1,1,SF60653,2026-07-01 0:00
M,USD,MXN,1994-07-10,3.4002,1,1,SF60653,2026-07-01 0:00
M,USD,MXN,1994-07-11,3.4002,1,1,SF60653,2026-07-01 0:00
M,USD,MXN,1994-07-12,3.4006,1,1,SF60653,2026-07-01 0:00
M,USD,MXN,1994-07-13,3.4018,1,1,SF60653,2026-07-01 0:00
M,USD,MXN,1994-07-14,3.4022,1,1,SF60653,2026-07-01 0:00
M,USD,MXN,1994-07-15,3.4026,1,1,SF60653,2026-07-01 0:00
M,USD,MXN,1994-07-16,3.4025,1,1,SF60653,2026-07-01 0:00
M,USD,MXN,1994-07-17,3.4025,1,1,SF60653,2026-07-01 0:00
M,USD,MXN,1994-07-18,3.4025,1,1,SF60653,2026-07-01 0:00
M,USD,MXN,1994-07-19,3.402,1,1,SF60653,2026-07-01 0:00
M,USD,MXN,1994-07-20,3.3998,1,1,SF60653,2026-07-01 0:00
M,USD,MXN,1994-07-21,3.4011,1,1,SF60653,2026-07-01 0:00
M,USD,MXN,1994-07-22,3.4052,1,1,SF60653,2026-07-01 0:00
M,USD,MXN,1994-07-23,3.4056,1,1,SF60653,2026-07-01 0:00
M,USD,MXN,1994-07-24,3.4056,1,1,SF60653,2026-07-01 0:00
M,USD,MXN,1994-07-25,3.4056,1,1,SF60653,2026-07-01 0:00
M,USD,MXN,1994-07-26,3.406,1,1,SF60653,2026-07-01 0:00
M,USD,MXN,1994-07-27,3.4072,1,1,SF60653,2026-07-01 0:00
M,USD,MXN,1994-07-28,3.4078,1,1,SF60653,2026-07-01 0:00
M,USD,MXN,1994-07-29,3.4019,1,1,SF60653,2026-07-01 0:00
M,USD,MXN,1994-07-30,3.4006,1,1,SF60653,2026-07-01 0:00
M,USD,MXN,1994-07-31,3.4006,1,1,SF60653,2026-07-01 0:00
M,USD,MXN,1994-08-01,3.4006,1,1,SF60653,2026-07-01 0:00
M,USD,MXN,1994-08-02,3.4006,1,1,SF60653,2026-07-01 0:00
M,USD,MXN,1994-08-03,3.3989,1,1,SF60653,2026-07-01 0:00
M,USD,MXN,1994-08-04,3.3789,1,1,SF60653,2026-07-01 0:00
M,USD,MXN,1994-08-05,3.3753,1,1,SF60653,2026-07-01 0:00
M,USD,MXN,1994-08-06,3.3781,1,1,SF60653,2026-07-01 0:00
M,USD,MXN,1994-08-07,3.3781,1,1,SF60653,2026-07-01 0:00
M,USD,MXN,1994-08-08,3.3781,1,1,SF60653,2026-07-01 0:00
M,USD,MXN,1994-08-09,3.3829,1,1,SF60653,2026-07-01 0:00
M,USD,MXN,1994-08-10,3.387,1,1,SF60653,2026-07-01 0:00
M,USD,MXN,1994-08-11,3.3882,1,1,SF60653,2026-07-01 0:00
M,USD,MXN,1994-08-12,3.403,1,1,SF60653,2026-07-01 0:00
M,USD,MXN,1994-08-13,3.398,1,1,SF60653,2026-07-01 0:00
M,USD,MXN,1994-08-14,3.398,1,1,SF60653,2026-07-01 0:00
M,USD,MXN,1994-08-15,3.398,1,1,SF60653,2026-07-01 0:00
M,USD,MXN,1994-08-16,3.3996,1,1,SF60653,2026-07-01 0:00
M,USD,MXN,1994-08-17,3.4048,1,1,SF60653,2026-07-01 0:00
M,USD,MXN,1994-08-18,3.4078,1,1,SF60653,2026-07-01 0:00
M,USD,MXN,1994-08-19,3.3845,1,1,SF60653,2026-07-01 0:00
M,USD,MXN,1994-08-20,3.3769,1,1,SF60653,2026-07-01 0:00
M,USD,MXN,1994-08-21,3.3769,1,1,SF60653,2026-07-01 0:00
M,USD,MXN,1994-08-22,3.3769,1,1,SF60653,2026-07-01 0:00
M,USD,MXN,1994-08-23,3.3593,1,1,SF60653,2026-07-01 0:00
M,USD,MXN,1994-08-24,3.3358,1,1,SF60653,2026-07-01 0:00
M,USD,MXN,1994-08-25,3.3428,1,1,SF60653,2026-07-01 0:00
M,USD,MXN,1994-08-26,3.3555,1,1,SF60653,2026-07-01 0:00
M,USD,MXN,1994-08-27,3.3671,1,1,SF60653,2026-07-01 0:00
M,USD,MXN,1994-08-28,3.3671,1,1,SF60653,2026-07-01 0:00
M,USD,MXN,1994-08-29,3.3671,1,1,SF60653,2026-07-01 0:00
M,USD,MXN,1994-08-30,3.3826,1,1,SF60653,2026-07-01 0:00
M,USD,MXN,1994-08-31,3.3794,1,1,SF60653,2026-07-01 0:00
M,USD,MXN,1994-09-01,3.3815,1,1,SF60653,2026-07-01 0:00
M,USD,MXN,1994-09-02,3.3903,1,1,SF60653,2026-07-01 0:00
M,USD,MXN,1994-09-03,3.3908,1,1,SF60653,2026-07-01 0:00
M,USD,MXN,1994-09-04,3.3908,1,1,SF60653,2026-07-01 0:00
M,USD,MXN,1994-09-05,3.3908,1,1,SF60653,2026-07-01 0:00
M,USD,MXN,1994-09-06,3.3778,1,1,SF60653,2026-07-01 0:00
M,USD,MXN,1994-09-07,3.3896,1,1,SF60653,2026-07-01 0:00
M,USD,MXN,1994-09-08,3.404,1,1,SF60653,2026-07-01 0:00
M,USD,MXN,1994-09-09,3.3983,1,1,SF60653,2026-07-01 0:00
M,USD,MXN,1994-09-10,3.4014,1,1,SF60653,2026-07-01 0:00
M,USD,MXN,1994-09-11,3.4014,1,1,SF60653,2026-07-01 0:00
M,USD,MXN,1994-09-12,3.4014,1,1,SF60653,2026-07-01 0:00
M,USD,MXN,1994-09-13,3.4123,1,1,SF60653,2026-07-01 0:00
M,USD,MXN,1994-09-14,3.4134,1,1,SF60653,2026-07-01 0:00
M,USD,MXN,1994-09-15,3.4199,1,1,SF60653,2026-07-01 0:00
M,USD,MXN,1994-09-16,3.4168,1,1,SF60653,2026-07-01 0:00
M,USD,MXN,1994-09-17,3.4168,1,1,SF60653,2026-07-01 0:00
M,USD,MXN,1994-09-18,3.4168,1,1,SF60653,2026-07-01 0:00
M,USD,MXN,1994-09-19,3.4168,1,1,SF60653,2026-07-01 0:00
M,USD,MXN,1994-09-20,3.4145,1,1,SF60653,2026-07-01 0:00
M,USD,MXN,1994-09-21,3.4078,1,1,SF60653,2026-07-01 0:00
M,USD,MXN,1994-09-22,3.4068,1,1,SF60653,2026-07-01 0:00
M,USD,MXN,1994-09-23,3.403,1,1,SF60653,2026-07-01 0:00
M,USD,MXN,1994-09-24,3.4088,1,1,SF60653,2026-07-01 0:00
M,USD,MXN,1994-09-25,3.4088,1,1,SF60653,2026-07-01 0:00
M,USD,MXN,1994-09-26,3.4088,1,1,SF60653,2026-07-01 0:00
M,USD,MXN,1994-09-27,3.3905,1,1,SF60653,2026-07-01 0:00
M,USD,MXN,1994-09-28,3.3733,1,1,SF60653,2026-07-01 0:00
M,USD,MXN,1994-09-29,3.3908,1,1,SF60653,2026-07-01 0:00
M,USD,MXN,1994-09-30,3.404,1,1,SF60653,2026-07-01 0:00
M,USD,MXN,1994-10-01,3.398,1,1,SF60653,2026-07-01 0:00
M,USD,MXN,1994-10-02,3.398,1,1,SF60653,2026-07-01 0:00
M,USD,MXN,1994-10-03,3.398,1,1,SF60653,2026-07-01 0:00
M,USD,MXN,1994-10-04,3.3983,1,1,SF60653,2026-07-01 0:00
M,USD,MXN,1994-10-05,3.3984,1,1,SF60653,2026-07-01 0:00
M,USD,MXN,1994-10-06,3.4143,1,1,SF60653,2026-07-01 0:00
M,USD,MXN,1994-10-07,3.4128,1,1,SF60653,2026-07-01 0:00
M,USD,MXN,1994-10-08,3.4159,1,1,SF60653,2026-07-01 0:00
M,USD,MXN,1994-10-09,3.4159,1,1,SF60653,2026-07-01 0:00
M,USD,MXN,1994-10-10,3.4159,1,1,SF60653,2026-07-01 0:00
M,USD,MXN,1994-10-11,3.4175,1,1,SF60653,2026-07-01 0:00
M,USD,MXN,1994-10-12,3.416,1,1,SF60653,2026-07-01 0:00
M,USD,MXN,1994-10-13,3.4199,1,1,SF60653,2026-07-01 0:00
M,USD,MXN,1994-10-14,3.417,1,1,SF60653,2026-07-01 0:00
M,USD,MXN,1994-10-15,3.4136,1,1,SF60653,2026-07-01 0:00
M,USD,MXN,1994-10-16,3.4136,1,1,SF60653,2026-07-01 0:00
M,USD,MXN,1994-10-17,3.4136,1,1,SF60653,2026-07-01 0:00
M,USD,MXN,1994-10-18,3.4179,1,1,SF60653,2026-07-01 0:00
M,USD,MXN,1994-10-19,3.4215,1,1,SF60653,2026-07-01 0:00
M,USD,MXN,1994-10-20,3.4216,1,1,SF60653,2026-07-01 0:00
M,USD,MXN,1994-10-21,3.4106,1,1,SF60653,2026-07-01 0:00
M,USD,MXN,1994-10-22,3.4173,1,1,SF60653,2026-07-01 0:00
M,USD,MXN,1994-10-23,3.4173,1,1,SF60653,2026-07-01 0:00
M,USD,MXN,1994-10-24,3.4173,1,1,SF60653,2026-07-01 0:00
M,USD,MXN,1994-10-25,3.4175,1,1,SF60653,2026-07-01 0:00
M,USD,MXN,1994-10-26,3.4199,1,1,SF60653,2026-07-01 0:00
M,USD,MXN,1994-10-27,3.4286,1,1,SF60653,2026-07-01 0:00
M,USD,MXN,1994-10-28,3.4256,1,1,SF60653,2026-07-01 0:00
M,USD,MXN,1994-10-29,3.43,1,1,SF60653,2026-07-01 0:00
M,USD,MXN,1994-10-30,3.43,1,1,SF60653,2026-07-01 0:00
M,USD,MXN,1994-10-31,3.43,1,1,SF60653,2026-07-01 0:00
M,USD,MXN,1994-11-01,3.436,1,1,SF60653,2026-07-01 0:00
M,USD,MXN,1994-11-02,3.436,1,1,SF60653,2026-07-01 0:00
M,USD,MXN,1994-11-03,3.436,1,1,SF60653,2026-07-01 0:00
M,USD,MXN,1994-11-04,3.4381,1,1,SF60653,2026-07-01 0:00
M,USD,MXN,1994-11-05,3.435,1,1,SF60653,2026-07-01 0:00
M,USD,MXN,1994-11-06,3.435,1,1,SF60653,2026-07-01 0:00
M,USD,MXN,1994-11-07,3.435,1,1,SF60653,2026-07-01 0:00
M,USD,MXN,1994-11-08,3.4296,1,1,SF60653,2026-07-01 0:00
M,USD,MXN,1994-11-09,3.4273,1,1,SF60653,2026-07-01 0:00
M,USD,MXN,1994-11-10,3.4241,1,1,SF60653,2026-07-01 0:00
M,USD,MXN,1994-11-11,3.4285,1,1,SF60653,2026-07-01 0:00
M,USD,MXN,1994-11-12,3.4424,1,1,SF60653,2026-07-01 0:00
M,USD,MXN,1994-11-13,3.4424,1,1,SF60653,2026-07-01 0:00
M,USD,MXN,1994-11-14,3.4424,1,1,SF60653,2026-07-01 0:00
M,USD,MXN,1994-11-15,3.4435,1,1,SF60653,2026-07-01 0:00
M,USD,MXN,1994-11-16,3.4513,1,1,SF60653,2026-07-01 0:00
M,USD,MXN,1994-11-17,3.4526,1,1,SF60653,2026-07-01 0:00
M,USD,MXN,1994-11-18,3.453,1,1,SF60653,2026-07-01 0:00
M,USD,MXN,1994-11-19,3.4534,1,1,SF60653,2026-07-01 0:00
M,USD,MXN,1994-11-20,3.4534,1,1,SF60653,2026-07-01 0:00
M,USD,MXN,1994-11-21,3.4534,1,1,SF60653,2026-07-01 0:00
M,USD,MXN,1994-11-22,3.4538,1,1,SF60653,2026-07-01 0:00
M,USD,MXN,1994-11-23,3.4455,1,1,SF60653,2026-07-01 0:00
M,USD,MXN,1994-11-24,3.4473,1,1,SF60653,2026-07-01 0:00
M,USD,MXN,1994-11-25,3.4439,1,1,SF60653,2026-07-01 0:00
M,USD,MXN,1994-11-26,3.448,1,1,SF60653,2026-07-01 0:00
M,USD,MXN,1994-11-27,3.448,1,1,SF60653,2026-07-01 0:00
M,USD,MXN,1994-11-28,3.448,1,1,SF60653,2026-07-01 0:00
M,USD,MXN,1994-11-29,3.4481,1,1,SF60653,2026-07-01 0:00
M,USD,MXN,1994-11-30,3.4498,1,1,SF60653,2026-07-01 0:00
M,USD,MXN,1994-12-01,3.441,1,1,SF60653,2026-07-01 0:00
M,USD,MXN,1994-12-02,3.441,1,1,SF60653,2026-07-01 0:00
M,USD,MXN,1994-12-03,3.4386,1,1,SF60653,2026-07-01 0:00
M,USD,MXN,1994-12-04,3.4386,1,1,SF60653,2026-07-01 0:00
M,USD,MXN,1994-12-05,3.4386,1,1,SF60653,2026-07-01 0:00
M,USD,MXN,1994-12-06,3.4379,1,1,SF60653,2026-07-01 0:00
M,USD,MXN,1994-12-07,3.4418,1,1,SF60653,2026-07-01 0:00
M,USD,MXN,1994-12-08,3.4469,1,1,SF60653,2026-07-01 0:00
M,USD,MXN,1994-12-09,3.4519,1,1,SF60653,2026-07-01 0:00
M,USD,MXN,1994-12-10,3.4511,1,1,SF60653,2026-07-01 0:00
M,USD,MXN,1994-12-11,3.4511,1,1,SF60653,2026-07-01 0:00
M,USD,MXN,1994-12-12,3.4511,1,1,SF60653,2026-07-01 0:00
M,USD,MXN,1994-12-13,3.4511,1,1,SF60653,2026-07-01 0:00
M,USD,MXN,1994-12-14,3.4534,1,1,SF60653,2026-07-01 0:00
M,USD,MXN,1994-12-15,3.4585,1,1,SF60653,2026-07-01 0:00
M,USD,MXN,1994-12-16,3.4543,1,1,SF60653,2026-07-01 0:00
M,USD,MXN,1994-12-17,3.4606,1,1,SF60653,2026-07-01 0:00
M,USD,MXN,1994-12-18,3.4606,1,1,SF60653,2026-07-01 0:00
M,USD,MXN,1994-12-19,3.4606,1,1,SF60653,2026-07-01 0:00
M,USD,MXN,1994-12-20,3.4635,1,1,SF60653,2026-07-01 0:00
M,USD,MXN,1994-12-21,3.4662,1,1,SF60653,2026-07-01 0:00
M,USD,MXN,1994-12-22,3.9413,1,1,SF60653,2026-07-01 0:00
M,USD,MXN,1994-12-23,3.997,1,1,SF60653,2026-07-01 0:00
M,USD,MXN,1994-12-24,4.8875,1,1,SF60653,2026-07-01 0:00
M,USD,MXN,1994-12-25,4.8875,1,1,SF60653,2026-07-01 0:00
M,USD,MXN,1994-12-26,4.8875,1,1,SF60653,2026-07-01 0:00
M,USD,MXN,1994-12-27,4.7375,1,1,SF60653,2026-07-01 0:00
M,USD,MXN,1994-12-28,5.1,1,1,SF60653,2026-07-01 0:00
M,USD,MXN,1994-12-29,5.7625,1,1,SF60653,2026-07-01 0:00
M,USD,MXN,1994-12-30,5.325,1,1,SF60653,2026-07-01 0:00
M,USD,MXN,1994-12-31,4.94,1,1,SF60653,2026-07-01 0:00
M,USD,MXN,1995-01-01,4.94,1,1,SF60653,2026-07-01 0:00
M,USD,MXN,1995-01-02,4.94,1,1,SF60653,2026-07-01 0:00
M,USD,MXN,1995-01-03,4.995,1,1,SF60653,2026-07-01 0:00
M,USD,MXN,1995-01-04,5.27,1,1,SF60653,2026-07-01 0:00
M,USD,MXN,1995-01-05,5.5,1,1,SF60653,2026-07-01 0:00
M,USD,MXN,1995-01-06,5.53,1,1,SF60653,2026-07-01 0:00
M,USD,MXN,1995-01-07,5.39,1,1,SF60653,2026-07-01 0:00
M,USD,MXN,1995-01-08,5.39,1,1,SF60653,2026-07-01 0:00
M,USD,MXN,1995-01-09,5.39,1,1,SF60653,2026-07-01 0:00
M,USD,MXN,1995-01-10,5.595,1,1,SF60653,2026-07-01 0:00
M,USD,MXN,1995-01-11,5.395,1,1,SF60653,2026-07-01 0:00
M,USD,MXN,1995-01-12,5.78,1,1,SF60653,2026-07-01 0:00
M,USD,MXN,1995-01-13,5.7575,1,1,SF60653,2026-07-01 0:00
M,USD,MXN,1995-01-14,5.6875,1,1,SF60653,2026-07-01 0:00
M,USD,MXN,1995-01-15,5.6875,1,1,SF60653,2026-07-01 0:00
M,USD,MXN,1995-01-16,5.6875,1,1,SF60653,2026-07-01 0:00
M,USD,MXN,1995-01-17,5.395,1,1,SF60653,2026-07-01 0:00
M,USD,MXN,1995-01-18,5.49,1,1,SF60653,2026-07-01 0:00
M,USD,MXN,1995-01-19,5.3075,1,1,SF60653,2026-07-01 0:00
M,USD,MXN,1995-01-20,5.2825,1,1,SF60653,2026-07-01 0:00
M,USD,MXN,1995-01-21,5.6075,1,1,SF60653,2026-07-01 0:00
M,USD,MXN,1995-01-22,5.6075,1,1,SF60653,2026-07-01 0:00
M,USD,MXN,1995-01-23,5.6075,1,1,SF60653,2026-07-01 0:00
M,USD,MXN,1995-01-24,5.705,1,1,SF60653,2026-07-01 0:00
M,USD,MXN,1995-01-25,5.7725,1,1,SF60653,2026-07-01 0:00
M,USD,MXN,1995-01-26,5.8075,1,1,SF60653,2026-07-01 0:00
M,USD,MXN,1995-01-27,5.7,1,1,SF60653,2026-07-01 0:00
M,USD,MXN,1995-01-28,5.69,1,1,SF60653,2026-07-01 0:00
M,USD,MXN,1995-01-29,5.69,1,1,SF60653,2026-07-01 0:00
M,USD,MXN,1995-01-30,5.69,1,1,SF60653,2026-07-01 0:00
M,USD,MXN,1995-01-31,5.695,1,1,SF60653,2026-07-01 0:00
M,USD,MXN,1995-02-01,6.5,1,1,SF60653,2026-07-01 0:00
M,USD,MXN,1995-02-02,5.9,1,1,SF60653,2026-07-01 0:00
M,USD,MXN,1995-02-03,5.5125,1,1,SF60653,2026-07-01 0:00
M,USD,MXN,1995-02-04,5.455,1,1,SF60653,2026-07-01 0:00
M,USD,MXN,1995-02-05,5.455,1,1,SF60653,2026-07-01 0:00
M,USD,MXN,1995-02-06,5.455,1,1,SF60653,2026-07-01 0:00
M,USD,MXN,1995-02-07,5.3775,1,1,SF60653,2026-07-01 0:00
M,USD,MXN,1995-02-08,5.365,1,1,SF60653,2026-07-01 0:00
M,USD,MXN,1995-02-09,5.3625,1,1,SF60653,2026-07-01 0:00
M,USD,MXN,1995-02-10,5.3625,1,1,SF60653,2026-07-01 0:00
M,USD,MXN,1995-02-11,5.59,1,1,SF60653,2026-07-01 0:00
M,USD,MXN,1995-02-12,5.59,1,1,SF60653,2026-07-01 0:00
M,USD,MXN,1995-02-13,5.59,1,1,SF60653,2026-07-01 0:00
M,USD,MXN,1995-02-14,5.6375,1,1,SF60653,2026-07-01 0:00
M,USD,MXN,1995-02-15,5.615,1,1,SF60653,2026-07-01 0:00
M,USD,MXN,1995-02-16,5.7675,1,1,SF60653,2026-07-01 0:00
M,USD,MXN,1995-02-17,5.9925,1,1,SF60653,2026-07-01 0:00
M,USD,MXN,1995-02-18,6.1,1,1,SF60653,2026-07-01 0:00
M,USD,MXN,1995-02-19,6.1,1,1,SF60653,2026-07-01 0:00
M,USD,MXN,1995-02-20,6.1,1,1,SF60653,2026-07-01 0:00
M,USD,MXN,1995-02-21,5.715,1,1,SF60653,2026-07-01 0:00
M,USD,MXN,1995-02-22,5.5225,1,1,SF60653,2026-07-01 0:00
M,USD,MXN,1995-02-23,5.47,1,1,SF60653,2026-07-01 0:00
M,USD,MXN,1995-02-24,5.95,1,1,SF60653,2026-07-01 0:00
M,USD,MXN,1995-02-25,5.675,1,1,SF60653,2026-07-01 0:00
M,USD,MXN,1995-02-26,5.675,1,1,SF60653,2026-07-01 0:00
M,USD,MXN,1995-02-27,5.675,1,1,SF60653,2026-07-01 0:00
M,USD,MXN,1995-02-28,5.8375,1,1,SF60653,2026-07-01 0:00
M,USD,MXN,1995-03-01,6.0775,1,1,SF60653,2026-07-01 0:00
M,USD,MXN,1995-03-02,6.005,1,1,SF60653,2026-07-01 0:00
M,USD,MXN,1995-03-03,5.9775,1,1,SF60653,2026-07-01 0:00
M,USD,MXN,1995-03-04,5.9625,1,1,SF60653,2026-07-01 0:00
M,USD,MXN,1995-03-05,5.9625,1,1,SF60653,2026-07-01 0:00
M,USD,MXN,1995-03-06,5.9625,1,1,SF60653,2026-07-01 0:00
M,USD,MXN,1995-03-07,6.0725,1,1,SF60653,2026-07-01 0:00
M,USD,MXN,1995-03-08,6.635,1,1,SF60653,2026-07-01 0:00
M,USD,MXN,1995-03-09,6.875,1,1,SF60653,2026-07-01 0:00
M,USD,MXN,1995-03-10,6.8225,1,1,SF60653,2026-07-01 0:00
M,USD,MXN,1995-03-11,7.5875,1,1,SF60653,2026-07-01 0:00
M,USD,MXN,1995-03-12,7.5875,1,1,SF60653,2026-07-01 0:00
M,USD,MXN,1995-03-13,7.5875,1,1,SF60653,2026-07-01 0:00
M,USD,MXN,1995-03-14,6.4675,1,1,SF60653,2026-07-01 0:00
M,USD,MXN,1995-03-15,6.47,1,1,SF60653,2026-07-01 0:00
M,USD,MXN,1995-03-16,6.57,1,1,SF60653,2026-07-01 0:00
M,USD,MXN,1995-03-17,6.9725,1,1,SF60653,2026-07-01 0:00
M,USD,MXN,1995-03-18,7.2075,1,1,SF60653,2026-07-01 0:00
M,USD,MXN,1995-03-19,7.2075,1,1,SF60653,2026-07-01 0:00
M,USD,MXN,1995-03-20,7.2075,1,1,SF60653,2026-07-01 0:00
M,USD,MXN,1995-03-21,7.0825,1,1,SF60653,2026-07-01 0:00
M,USD,MXN,1995-03-22,7.0825,1,1,SF60653,2026-07-01 0:00
M,USD,MXN,1995-03-23,7.0875,1,1,SF60653,2026-07-01 0:00
M,USD,MXN,1995-03-24,7.28,1,1,SF60653,2026-07-01 0:00
M,USD,MXN,1995-03-25,7.0425,1,1,SF60653,2026-07-01 0:00
M,USD,MXN,1995-03-26,7.0425,1,1,SF60653,2026-07-01 0:00
M,USD,MXN,1995-03-27,7.0425,1,1,SF60653,2026-07-01 0:00
M,USD,MXN,1995-03-28,6.875,1,1,SF60653,2026-07-01 0:00
M,USD,MXN,1995-03-29,6.7275,1,1,SF60653,2026-07-01 0:00
M,USD,MXN,1995-03-30,6.8275,1,1,SF60653,2026-07-01 0:00
M,USD,MXN,1995-03-31,6.8175,1,1,SF60653,2026-07-01 0:00
M,USD,MXN,1995-04-01,6.78,1,1,SF60653,2026-07-01 0:00
M,USD,MXN,1995-04-02,6.78,1,1,SF60653,2026-07-01 0:00
M,USD,MXN,1995-04-03,6.78,1,1,SF60653,2026-07-01 0:00
M,USD,MXN,1995-04-04,6.8475,1,1,SF60653,2026-07-01 0:00
M,USD,MXN,1995-04-05,6.8025,1,1,SF60653,2026-07-01 0:00
M,USD,MXN,1995-04-06,6.5883,1,1,SF60653,2026-07-01 0:00
M,USD,MXN,1995-04-07,6.485,1,1,SF60653,2026-07-01 0:00
M,USD,MXN,1995-04-08,6.3808,1,1,SF60653,2026-07-01 0:00
M,USD,MXN,1995-04-09,6.3808,1,1,SF60653,2026-07-01 0:00
M,USD,MXN,1995-04-10,6.3808,1,1,SF60653,2026-07-01 0:00
M,USD,MXN,1995-04-11,6.2933,1,1,SF60653,2026-07-01 0:00
M,USD,MXN,1995-04-12,6.2917,1,1,SF60653,2026-07-01 0:00
M,USD,MXN,1995-04-13,6.3033,1,1,SF60653,2026-07-01 0:00
M,USD,MXN,1995-04-14,6.3033,1,1,SF60653,2026-07-01 0:00
M,USD,MXN,1995-04-15,6.3033,1,1,SF60653,2026-07-01 0:00
M,USD,MXN,1995-04-16,6.3033,1,1,SF60653,2026-07-01 0:00
M,USD,MXN,1995-04-17,6.3033,1,1,SF60653,2026-07-01 0:00
M,USD,MXN,1995-04-18,6.2867,1,1,SF60653,2026-07-01 0:00
M,USD,MXN,1995-04-19,6.2733,1,1,SF60653,2026-07-01 0:00
M,USD,MXN,1995-04-20,6.245,1,1,SF60653,2026-07-01 0:00
M,USD,MXN,1995-04-21,6.1392,1,1,SF60653,2026-07-01 0:00
M,USD,MXN,1995-04-22,6.0483,1,1,SF60653,2026-07-01 0:00
M,USD,MXN,1995-04-23,6.0483,1,1,SF60653,2026-07-01 0:00
M,USD,MXN,1995-04-24,6.0483,1,1,SF60653,2026-07-01 0:00
M,USD,MXN,1995-04-25,6.0192,1,1,SF60653,2026-07-01 0:00
M,USD,MXN,1995-04-26,5.935,1,1,SF60653,2026-07-01 0:00
M,USD,MXN,1995-04-27,5.8883,1,1,SF60653,2026-07-01 0:00
M,USD,MXN,1995-04-28,5.785,1,1,SF60653,2026-07-01 0:00
M,USD,MXN,1995-04-29,5.8983,1,1,SF60653,2026-07-01 0:00
M,USD,MXN,1995-04-30,5.8983,1,1,SF60653,2026-07-01 0:00
M,USD,MXN,1995-05-01,5.8983,1,1,SF60653,2026-07-01 0:00
M,USD,MXN,1995-05-02,5.8983,1,1,SF60653,2026-07-01 0:00
M,USD,MXN,1995-05-03,6.0517,1,1,SF60653,2026-07-01 0:00
M,USD,MXN,1995-05-04,5.9567,1,1,SF60653,2026-07-01 0:00
M,USD,MXN,1995-05-05,5.8692,1,1,SF60653,2026-07-01 0:00
M,USD,MXN,1995-05-06,5.8692,1,1,SF60653,2026-07-01 0:00
M,USD,MXN,1995-05-07,5.8692,1,1,SF60653,2026-07-01 0:00
M,USD,MXN,1995-05-08,5.8692,1,1,SF60653,2026-07-01 0:00
M,USD,MXN,1995-05-09,5.8758,1,1,SF60653,2026-07-01 0:00
M,USD,MXN,1995-05-10,5.8417,1,1,SF60653,2026-07-01 0:00
M,USD,MXN,1995-05-11,5.8883,1,1,SF60653,2026-07-01 0:00
M,USD,MXN,1995-05-12,5.9575,1,1,SF60653,2026-07-01 0:00
M,USD,MXN,1995-05-13,5.9083,1,1,SF60653,2026-07-01 0:00
M,USD,MXN,1995-05-14,5.9083,1,1,SF60653,2026-07-01 0:00
M,USD,MXN,1995-05-15,5.9083,1,1,SF60653,2026-07-01 0:00
M,USD,MXN,1995-05-16,5.9408,1,1,SF60653,2026-07-01 0:00
M,USD,MXN,1995-05-17,5.9742,1,1,SF60653,2026-07-01 0:00
M,USD,MXN,1995-05-18,5.9492,1,1,SF60653,2026-07-01 0:00
M,USD,MXN,1995-05-19,5.9275,1,1,SF60653,2026-07-01 0:00
M,USD,MXN,1995-05-20,5.92,1,1,SF60653,2026-07-01 0:00
M,USD,MXN,1995-05-21,5.92,1,1,SF60653,2026-07-01 0:00
M,USD,MXN,1995-05-22,5.92,1,1,SF60653,2026-07-01 0:00
M,USD,MXN,1995-05-23,5.9175,1,1,SF60653,2026-07-01 0:00
M,USD,MXN,1995-05-24,5.9192,1,1,SF60653,2026-07-01 0:00
M,USD,MXN,1995-05-25,5.995,1,1,SF60653,2026-07-01 0:00
M,USD,MXN,1995-05-26,6.035,1,1,SF60653,2026-07-01 0:00
M,USD,MXN,1995-05-27,6.055,1,1,SF60653,2026-07-01 0:00
M,USD,MXN,1995-05-28,6.055,1,1,SF60653,2026-07-01 0:00
M,USD,MXN,1995-05-29,6.055,1,1,SF60653,2026-07-01 0:00
M,USD,MXN,1995-05-30,6.1583,1,1,SF60653,2026-07-01 0:00
M,USD,MXN,1995-05-31,6.1775,1,1,SF60653,2026-07-01 0:00
M,USD,MXN,1995-06-01,6.26,1,1,SF60653,2026-07-01 0:00
M,USD,MXN,1995-06-02,6.1808,1,1,SF60653,2026-07-01 0:00
M,USD,MXN,1995-06-03,6.2167,1,1,SF60653,2026-07-01 0:00
M,USD,MXN,1995-06-04,6.2167,1,1,SF60653,2026-07-01 0:00
M,USD,MXN,1995-06-05,6.2167,1,1,SF60653,2026-07-01 0:00
M,USD,MXN,1995-06-06,6.2017,1,1,SF60653,2026-07-01 0:00
M,USD,MXN,1995-06-07,6.1408,1,1,SF60653,2026-07-01 0:00
M,USD,MXN,1995-06-08,6.1108,1,1,SF60653,2026-07-01 0:00
M,USD,MXN,1995-06-09,6.1617,1,1,SF60653,2026-07-01 0:00
M,USD,MXN,1995-06-10,6.2317,1,1,SF60653,2026-07-01 0:00
M,USD,MXN,1995-06-11,6.2317,1,1,SF60653,2026-07-01 0:00
M,USD,MXN,1995-06-12,6.2317,1,1,SF60653,2026-07-01 0:00
M,USD,MXN,1995-06-13,6.2825,1,1,SF60653,2026-07-01 0:00
M,USD,MXN,1995-06-14,6.2792,1,1,SF60653,2026-07-01 0:00
M,USD,MXN,1995-06-15,6.1808,1,1,SF60653,2026-07-01 0:00
M,USD,MXN,1995-06-16,6.2275,1,1,SF60653,2026-07-01 0:00
M,USD,MXN,1995-06-17,6.1867,1,1,SF60653,2026-07-01 0:00
M,USD,MXN,1995-06-18,6.1867,1,1,SF60653,2026-07-01 0:00
M,USD,MXN,1995-06-19,6.1867,1,1,SF60653,2026-07-01 0:00
M,USD,MXN,1995-06-20,6.1808,1,1,SF60653,2026-07-01 0:00
M,USD,MXN,1995-06-21,6.2008,1,1,SF60653,2026-07-01 0:00
M,USD,MXN,1995-06-22,6.2517,1,1,SF60653,2026-07-01 0:00
M,USD,MXN,1995-06-23,6.2867,1,1,SF60653,2026-07-01 0:00
M,USD,MXN,1995-06-24,6.2425,1,1,SF60653,2026-07-01 0:00
M,USD,MXN,1995-06-25,6.2425,1,1,SF60653,2026-07-01 0:00
M,USD,MXN,1995-06-26,6.2425,1,1,SF60653,2026-07-01 0:00
M,USD,MXN,1995-06-27,6.25,1,1,SF60653,2026-07-01 0:00
M,USD,MXN,1995-06-28,6.255,1,1,SF60653,2026-07-01 0:00
M,USD,MXN,1995-06-29,6.2717,1,1,SF60653,2026-07-01 0:00
M,USD,MXN,1995-06-30,6.3092,1,1,SF60653,2026-07-01 0:00
M,USD,MXN,1995-07-01,6.2621,1,1,SF60653,2026-07-01 0:00
M,USD,MXN,1995-07-02,6.2621,1,1,SF60653,2026-07-01 0:00
M,USD,MXN,1995-07-03,6.2621,1,1,SF60653,2026-07-01 0:00
M,USD,MXN,1995-07-04,6.2608,1,1,SF60653,2026-07-01 0:00
M,USD,MXN,1995-07-05,6.2425,1,1,SF60653,2026-07-01 0:00
M,USD,MXN,1995-07-06,6.2683,1,1,SF60653,2026-07-01 0:00
M,USD,MXN,1995-07-07,6.2633,1,1,SF60653,2026-07-01 0:00
M,USD,MXN,1995-07-08,6.2371,1,1,SF60653,2026-07-01 0:00
M,USD,MXN,1995-07-09,6.2371,1,1,SF60653,2026-07-01 0:00
M,USD,MXN,1995-07-10,6.2371,1,1,SF60653,2026-07-01 0:00
M,USD,MXN,1995-07-11,6.165,1,1,SF60653,2026-07-01 0:00
M,USD,MXN,1995-07-12,6.1075,1,1,SF60653,2026-07-01 0:00
M,USD,MXN,1995-07-13,6.1209,1,1,SF60653,2026-07-01 0:00
M,USD,MXN,1995-07-14,6.0971,1,1,SF60653,2026-07-01 0:00
M,USD,MXN,1995-07-15,6.0283,1,1,SF60653,2026-07-01 0:00
M,USD,MXN,1995-07-16,6.0283,1,1,SF60653,2026-07-01 0:00
M,USD,MXN,1995-07-17,6.0283,1,1,SF60653,2026-07-01 0:00
M,USD,MXN,1995-07-18,6.045,1,1,SF60653,2026-07-01 0:00
M,USD,MXN,1995-07-19,5.9896,1,1,SF60653,2026-07-01 0:00
M,USD,MXN,1995-07-20,6.0413,1,1,SF60653,2026-07-01 0:00
M,USD,MXN,1995-07-21,6.0793,1,1,SF60653,2026-07-01 0:00
M,USD,MXN,1995-07-22,6.1583,1,1,SF60653,2026-07-01 0:00
M,USD,MXN,1995-07-23,6.1583,1,1,SF60653,2026-07-01 0:00
M,USD,MXN,1995-07-24,6.1583,1,1,SF60653,2026-07-01 0:00
M,USD,MXN,1995-07-25,6.0983,1,1,SF60653,2026-07-01 0:00
M,USD,MXN,1995-07-26,6.1054,1,1,SF60653,2026-07-01 0:00
M,USD,MXN,1995-07-27,6.15,1,1,SF60653,2026-07-01 0:00
M,USD,MXN,1995-07-28,6.12,1,1,SF60653,2026-07-01 0:00
M,USD,MXN,1995-07-29,6.0882,1,1,SF60653,2026-07-01 0:00
M,USD,MXN,1995-07-30,6.0882,1,1,SF60653,2026-07-01 0:00
M,USD,MXN,1995-07-31,6.0882,1,1,SF60653,2026-07-01 0:00
M,USD,MXN,1995-08-01,6.1052,1,1,SF60653,2026-07-01 0:00
M,USD,MXN,1995-08-02,6.1142,1,1,SF60653,2026-07-01 0:00
M,USD,MXN,1995-08-03,6.1296,1,1,SF60653,2026-07-01 0:00
M,USD,MXN,1995-08-04,6.1143,1,1,SF60653,2026-07-01 0:00
M,USD,MXN,1995-08-05,6.1258,1,1,SF60653,2026-07-01 0:00
M,USD,MXN,1995-08-06,6.1258,1,1,SF60653,2026-07-01 0:00
M,USD,MXN,1995-08-07,6.1258,1,1,SF60653,2026-07-01 0:00
M,USD,MXN,1995-08-08,6.1529,1,1,SF60653,2026-07-01 0:00
M,USD,MXN,1995-08-09,6.129,1,1,SF60653,2026-07-01 0:00
M,USD,MXN,1995-08-10,6.1461,1,1,SF60653,2026-07-01 0:00
M,USD,MXN,1995-08-11,6.1385,1,1,SF60653,2026-07-01 0:00
M,USD,MXN,1995-08-12,6.1453,1,1,SF60653,2026-07-01 0:00
M,USD,MXN,1995-08-13,6.1453,1,1,SF60653,2026-07-01 0:00
M,USD,MXN,1995-08-14,6.1453,1,1,SF60653,2026-07-01 0:00
M,USD,MXN,1995-08-15,6.14,1,1,SF60653,2026-07-01 0:00
M,USD,MXN,1995-08-16,6.1426,1,1,SF60653,2026-07-01 0:00
M,USD,MXN,1995-08-17,6.1545,1,1,SF60653,2026-07-01 0:00
M,USD,MXN,1995-08-18,6.1673,1,1,SF60653,2026-07-01 0:00
M,USD,MXN,1995-08-19,6.185,1,1,SF60653,2026-07-01 0:00
M,USD,MXN,1995-08-20,6.185,1,1,SF60653,2026-07-01 0:00
M,USD,MXN,1995-08-21,6.185,1,1,SF60653,2026-07-01 0:00
M,USD,MXN,1995-08-22,6.2651,1,1,SF60653,2026-07-01 0:00
M,USD,MXN,1995-08-23,6.2278,1,1,SF60653,2026-07-01 0:00
M,USD,MXN,1995-08-24,6.215,1,1,SF60653,2026-07-01 0:00
M,USD,MXN,1995-08-25,6.305,1,1,SF60653,2026-07-01 0:00
M,USD,MXN,1995-08-26,6.3167,1,1,SF60653,2026-07-01 0:00
M,USD,MXN,1995-08-27,6.3167,1,1,SF60653,2026-07-01 0:00
M,USD,MXN,1995-08-28,6.3167,1,1,SF60653,2026-07-01 0:00
M,USD,MXN,1995-08-29,6.3342,1,1,SF60653,2026-07-01 0:00
M,USD,MXN,1995-08-30,6.3246,1,1,SF60653,2026-07-01 0:00
M,USD,MXN,1995-08-31,6.3114,1,1,SF60653,2026-07-01 0:00
M,USD,MXN,1995-09-01,6.28,1,1,SF60653,2026-07-01 0:00
M,USD,MXN,1995-09-02,6.28,1,1,SF60653,2026-07-01 0:00
M,USD,MXN,1995-09-03,6.28,1,1,SF60653,2026-07-01 0:00
M,USD,MXN,1995-09-04,6.28,1,1,SF60653,2026-07-01 0:00
M,USD,MXN,1995-09-05,6.2763,1,1,SF60653,2026-07-01 0:00
M,USD,MXN,1995-09-06,6.2453,1,1,SF60653,2026-07-01 0:00
M,USD,MXN,1995-09-07,6.2337,1,1,SF60653,2026-07-01 0:00
M,USD,MXN,1995-09-08,6.2643,1,1,SF60653,2026-07-01 0:00
M,USD,MXN,1995-09-09,6.2568,1,1,SF60653,2026-07-01 0:00
M,USD,MXN,1995-09-10,6.2568,1,1,SF60653,2026-07-01 0:00
M,USD,MXN,1995-09-11,6.2568,1,1,SF60653,2026-07-01 0:00
M,USD,MXN,1995-09-12,6.2754,1,1,SF60653,2026-07-01 0:00
M,USD,MXN,1995-09-13,6.2886,1,1,SF60653,2026-07-01 0:00
M,USD,MXN,1995-09-14,6.285,1,1,SF60653,2026-07-01 0:00
M,USD,MXN,1995-09-15,6.2743,1,1,SF60653,2026-07-01 0:00
M,USD,MXN,1995-09-16,6.2776,1,1,SF60653,2026-07-01 0:00
M,USD,MXN,1995-09-17,6.2776,1,1,SF60653,2026-07-01 0:00
M,USD,MXN,1995-09-18,6.2776,1,1,SF60653,2026-07-01 0:00
M,USD,MXN,1995-09-19,6.275,1,1,SF60653,2026-07-01 0:00
M,USD,MXN,1995-09-20,6.2875,1,1,SF60653,2026-07-01 0:00
M,USD,MXN,1995-09-21,6.3055,1,1,SF60653,2026-07-01 0:00
M,USD,MXN,1995-09-22,6.3297,1,1,SF60653,2026-07-01 0:00
M,USD,MXN,1995-09-23,6.3128,1,1,SF60653,2026-07-01 0:00
M,USD,MXN,1995-09-24,6.3128,1,1,SF60653,2026-07-01 0:00
M,USD,MXN,1995-09-25,6.3128,1,1,SF60653,2026-07-01 0:00
M,USD,MXN,1995-09-26,6.3685,1,1,SF60653,2026-07-01 0:00
M,USD,MXN,1995-09-27,6.3918,1,1,SF60653,2026-07-01 0:00
M,USD,MXN,1995-09-28,6.3878,1,1,SF60653,2026-07-01 0:00
M,USD,MXN,1995-09-29,6.4195,1,1,SF60653,2026-07-01 0:00
M,USD,MXN,1995-09-30,6.4042,1,1,SF60653,2026-07-01 0:00
M,USD,MXN,1995-10-01,6.4042,1,1,SF60653,2026-07-01 0:00
M,USD,MXN,1995-10-02,6.4042,1,1,SF60653,2026-07-01 0:00
M,USD,MXN,1995-10-03,6.3848,1,1,SF60653,2026-07-01 0:00
M,USD,MXN,1995-10-04,6.4342,1,1,SF60653,2026-07-01 0:00
M,USD,MXN,1995-10-05,6.5883,1,1,SF60653,2026-07-01 0:00
M,USD,MXN,1995-10-06,6.5425,1,1,SF60653,2026-07-01 0:00
M,USD,MXN,1995-10-07,6.5425,1,1,SF60653,2026-07-01 0:00
M,USD,MXN,1995-10-08,6.5425,1,1,SF60653,2026-07-01 0:00
M,USD,MXN,1995-10-09,6.5425,1,1,SF60653,2026-07-01 0:00
M,USD,MXN,1995-10-10,6.5404,1,1,SF60653,2026-07-01 0:00
M,USD,MXN,1995-10-11,6.5741,1,1,SF60653,2026-07-01 0:00
M,USD,MXN,1995-10-12,6.8133,1,1,SF60653,2026-07-01 0:00
M,USD,MXN,1995-10-13,6.7467,1,1,SF60653,2026-07-01 0:00
M,USD,MXN,1995-10-14,6.7042,1,1,SF60653,2026-07-01 0:00
M,USD,MXN,1995-10-15,6.7042,1,1,SF60653,2026-07-01 0:00
M,USD,MXN,1995-10-16,6.7042,1,1,SF60653,2026-07-01 0:00
M,USD,MXN,1995-10-17,6.748,1,1,SF60653,2026-07-01 0:00
M,USD,MXN,1995-10-18,6.75,1,1,SF60653,2026-07-01 0:00
M,USD,MXN,1995-10-19,6.7608,1,1,SF60653,2026-07-01 0:00
M,USD,MXN,1995-10-20,6.7062,1,1,SF60653,2026-07-01 0:00
M,USD,MXN,1995-10-21,6.6908,1,1,SF60653,2026-07-01 0:00
M,USD,MXN,1995-10-22,6.6908,1,1,SF60653,2026-07-01 0:00
M,USD,MXN,1995-10-23,6.6908,1,1,SF60653,2026-07-01 0:00
M,USD,MXN,1995-10-24,6.6695,1,1,SF60653,2026-07-01 0:00
M,USD,MXN,1995-10-25,6.7034,1,1,SF60653,2026-07-01 0:00
M,USD,MXN,1995-10-26,6.7608,1,1,SF60653,2026-07-01 0:00
M,USD,MXN,1995-10-27,6.8008,1,1,SF60653,2026-07-01 0:00
M,USD,MXN,1995-10-28,7.1667,1,1,SF60653,2026-07-01 0:00
M,USD,MXN,1995-10-29,7.1667,1,1,SF60653,2026-07-01 0:00
M,USD,MXN,1995-10-30,7.1667,1,1,SF60653,2026-07-01 0:00
M,USD,MXN,1995-10-31,7.1717,1,1,SF60653,2026-07-01 0:00
M,USD,MXN,1995-11-01,6.9342,1,1,SF60653,2026-07-01 0:00
M,USD,MXN,1995-11-02,7.1471,1,1,SF60653,2026-07-01 0:00
M,USD,MXN,1995-11-03,7.1471,1,1,SF60653,2026-07-01 0:00
M,USD,MXN,1995-11-04,7.4033,1,1,SF60653,2026-07-01 0:00
M,USD,MXN,1995-11-05,7.4033,1,1,SF60653,2026-07-01 0:00
M,USD,MXN,1995-11-06,7.4033,1,1,SF60653,2026-07-01 0:00
M,USD,MXN,1995-11-07,7.685,1,1,SF60653,2026-07-01 0:00
M,USD,MXN,1995-11-08,7.3483,1,1,SF60653,2026-07-01 0:00
M,USD,MXN,1995-11-09,7.5167,1,1,SF60653,2026-07-01 0:00
M,USD,MXN,1995-11-10,7.82,1,1,SF60653,2026-07-01 0:00
M,USD,MXN,1995-11-11,8.1383,1,1,SF60653,2026-07-01 0:00
M,USD,MXN,1995-11-12,8.1383,1,1,SF60653,2026-07-01 0:00
M,USD,MXN,1995-11-13,8.1383,1,1,SF60653,2026-07-01 0:00
M,USD,MXN,1995-11-14,7.665,1,1,SF60653,2026-07-01 0:00
M,USD,MXN,1995-11-15,7.8725,1,1,SF60653,2026-07-01 0:00
M,USD,MXN,1995-11-16,8.095,1,1,SF60653,2026-07-01 0:00
M,USD,MXN,1995-11-17,7.9,1,1,SF60653,2026-07-01 0:00
M,USD,MXN,1995-11-18,7.8,1,1,SF60653,2026-07-01 0:00
M,USD,MXN,1995-11-19,7.8,1,1,SF60653,2026-07-01 0:00
M,USD,MXN,1995-11-20,7.8,1,1,SF60653,2026-07-01 0:00
M,USD,MXN,1995-11-21,7.8,1,1,SF60653,2026-07-01 0:00
M,USD,MXN,1995-11-22,7.7508,1,1,SF60653,2026-07-01 0:00
M,USD,MXN,1995-11-23,7.7067,1,1,SF60653,2026-07-01 0:00
M,USD,MXN,1995-11-24,7.7242,1,1,SF60653,2026-07-01 0:00
M,USD,MXN,1995-11-25,7.635,1,1,SF60653,2026-07-01 0:00
M,USD,MXN,1995-11-26,7.635,1,1,SF60653,2026-07-01 0:00
M,USD,MXN,1995-11-27,7.635,1,1,SF60653,2026-07-01 0:00
M,USD,MXN,1995-11-28,7.6967,1,1,SF60653,2026-07-01 0:00
M,USD,MXN,1995-11-29,7.6783,1,1,SF60653,2026-07-01 0:00
M,USD,MXN,1995-11-30,7.6517,1,1,SF60653,2026-07-01 0:00
M,USD,MXN,1995-12-01,7.4775,1,1,SF60653,2026-07-01 0:00
M,USD,MXN,1995-12-02,7.5467,1,1,SF60653,2026-07-01 0:00
M,USD,MXN,1995-12-03,7.5467,1,1,SF60653,2026-07-01 0:00
M,USD,MXN,1995-12-04,7.5467,1,1,SF60653,2026-07-01 0:00
M,USD,MXN,1995-12-05,7.5767,1,1,SF60653,2026-07-01 0:00
M,USD,MXN,1995-12-06,7.6167,1,1,SF60653,2026-07-01 0:00
M,USD,MXN,1995-12-07,7.6708,1,1,SF60653,2026-07-01 0:00
M,USD,MXN,1995-12-08,7.6713,1,1,SF60653,2026-07-01 0:00
M,USD,MXN,1995-12-09,7.7083,1,1,SF60653,2026-07-01 0:00
M,USD,MXN,1995-12-10,7.7083,1,1,SF60653,2026-07-01 0:00
M,USD,MXN,1995-12-11,7.7083,1,1,SF60653,2026-07-01 0:00
M,USD,MXN,1995-12-12,7.79,1,1,SF60653,2026-07-01 0:00
M,USD,MXN,1995-12-13,7.79,1,1,SF60653,2026-07-01 0:00
M,USD,MXN,1995-12-14,7.7504,1,1,SF60653,2026-07-01 0:00
M,USD,MXN,1995-12-15,7.795,1,1,SF60653,2026-07-01 0:00
M,USD,MXN,1995-12-16,7.8192,1,1,SF60653,2026-07-01 0:00
M,USD,MXN,1995-12-17,7.8192,1,1,SF60653,2026-07-01 0:00
M,USD,MXN,1995-12-18,7.8192,1,1,SF60653,2026-07-01 0:00
M,USD,MXN,1995-12-19,7.7696,1,1,SF60653,2026-07-01 0:00
M,USD,MXN,1995-12-20,7.7588,1,1,SF60653,2026-07-01 0:00
M,USD,MXN,1995-12-21,7.6809,1,1,SF60653,2026-07-01 0:00
M,USD,MXN,1995-12-22,7.55,1,1,SF60653,2026-07-01 0:00
M,USD,MXN,1995-12-23,7.5858,1,1,SF60653,2026-07-01 0:00
M,USD,MXN,1995-12-24,7.5858,1,1,SF60653,2026-07-01 0:00
M,USD,MXN,1995-12-25,7.5858,1,1,SF60653,2026-07-01 0:00
M,USD,MXN,1995-12-26,7.5858,1,1,SF60653,2026-07-01 0:00
M,USD,MXN,1995-12-27,7.5708,1,1,SF60653,2026-07-01 0:00
M,USD,MXN,1995-12-28,7.5533,1,1,SF60653,2026-07-01 0:00
M,USD,MXN,1995-12-29,7.6425,1,1,SF60653,2026-07-01 0:00
M,USD,MXN,1995-12-30,7.6842,1,1,SF60653,2026-07-01 0:00
M,USD,MXN,1995-12-31,7.6842,1,1,SF60653,2026-07-01 0:00
M,USD,MXN,1996-01-01,7.6842,1,1,SF60653,2026-07-01 0:00
M,USD,MXN,1996-01-02,7.6842,1,1,SF60653,2026-07-01 0:00
M,USD,MXN,1996-01-03,7.7396,1,1,SF60653,2026-07-01 0:00
M,USD,MXN,1996-01-04,7.6958,1,1,SF60653,2026-07-01 0:00
M,USD,MXN,1996-01-05,7.5596,1,1,SF60653,2026-07-01 0:00
M,USD,MXN,1996-01-06,7.57,1,1,SF60653,2026-07-01 0:00
M,USD,MXN,1996-01-07,7.57,1,1,SF60653,2026-07-01 0:00
M,USD,MXN,1996-01-08,7.57,1,1,SF60653,2026-07-01 0:00
M,USD,MXN,1996-01-09,7.5675,1,1,SF60653,2026-07-01 0:00
M,USD,MXN,1996-01-10,7.5388,1,1,SF60653,2026-07-01 0:00
M,USD,MXN,1996-01-11,7.4779,1,1,SF60653,2026-07-01 0:00
M,USD,MXN,1996-01-12,7.5188,1,1,SF60653,2026-07-01 0:00
M,USD,MXN,1996-01-13,7.5213,1,1,SF60653,2026-07-01 0:00
M,USD,MXN,1996-01-14,7.5213,1,1,SF60653,2026-07-01 0:00
M,USD,MXN,1996-01-15,7.5213,1,1,SF60653,2026-07-01 0:00
M,USD,MXN,1996-01-16,7.4679,1,1,SF60653,2026-07-01 0:00
M,USD,MXN,1996-01-17,7.5246,1,1,SF60653,2026-07-01 0:00
M,USD,MXN,1996-01-18,7.5254,1,1,SF60653,2026-07-01 0:00
M,USD,MXN,1996-01-19,7.51,1,1,SF60653,2026-07-01 0:00
M,USD,MXN,1996-01-20,7.4667,1,1,SF60653,2026-07-01 0:00
M,USD,MXN,1996-01-21,7.4667,1,1,SF60653,2026-07-01 0:00
M,USD,MXN,1996-01-22,7.4667,1,1,SF60653,2026-07-01 0:00
M,USD,MXN,1996-01-23,7.4296,1,1,SF60653,2026-07-01 0:00
M,USD,MXN,1996-01-24,7.3123,1,1,SF60653,2026-07-01 0:00
M,USD,MXN,1996-01-25,7.3608,1,1,SF60653,2026-07-01 0:00
M,USD,MXN,1996-01-26,7.4215,1,1,SF60653,2026-07-01 0:00
M,USD,MXN,1996-01-27,7.3867,1,1,SF60653,2026-07-01 0:00
M,USD,MXN,1996-01-28,7.3867,1,1,SF60653,2026-07-01 0:00
M,USD,MXN,1996-01-29,7.3867,1,1,SF60653,2026-07-01 0:00
M,USD,MXN,1996-01-30,7.4349,1,1,SF60653,2026-07-01 0:00
M,USD,MXN,1996-01-31,7.3908,1,1,SF60653,2026-07-01 0:00
M,USD,MXN,1996-02-01,7.3699,1,1,SF60653,2026-07-01 0:00
M,USD,MXN,1996-02-02,7.4212,1,1,SF60653,2026-07-01 0:00
M,USD,MXN,1996-02-03,7.417,1,1,SF60653,2026-07-01 0:00
M,USD,MXN,1996-02-04,7.417,1,1,SF60653,2026-07-01 0:00
M,USD,MXN,1996-02-05,7.417,1,1,SF60653,2026-07-01 0:00
M,USD,MXN,1996-02-06,7.417,1,1,SF60653,2026-07-01 0:00
M,USD,MXN,1996-02-07,7.4241,1,1,SF60653,2026-07-01 0:00
M,USD,MXN,1996-02-08,7.4821,1,1,SF60653,2026-07-01 0:00
M,USD,MXN,1996-02-09,7.48,1,1,SF60653,2026-07-01 0:00
M,USD,MXN,1996-02-10,7.4863,1,1,SF60653,2026-07-01 0:00
M,USD,MXN,1996-02-11,7.4863,1,1,SF60653,2026-07-01 0:00
M,USD,MXN,1996-02-12,7.4863,1,1,SF60653,2026-07-01 0:00
M,USD,MXN,1996-02-13,7.4929,1,1,SF60653,2026-07-01 0:00
M,USD,MXN,1996-02-14,7.5279,1,1,SF60653,2026-07-01 0:00
M,USD,MXN,1996-02-15,7.5688,1,1,SF60653,2026-07-01 0:00
M,USD,MXN,1996-02-16,7.5298,1,1,SF60653,2026-07-01 0:00
M,USD,MXN,1996-02-17,7.5008,1,1,SF60653,2026-07-01 0:00
M,USD,MXN,1996-02-18,7.5008,1,1,SF60653,2026-07-01 0:00
M,USD,MXN,1996-02-19,7.5008,1,1,SF60653,2026-07-01 0:00
M,USD,MXN,1996-02-20,7.5446,1,1,SF60653,2026-07-01 0:00
M,USD,MXN,1996-02-21,7.5458,1,1,SF60653,2026-07-01 0:00
M,USD,MXN,1996-02-22,7.5785,1,1,SF60653,2026-07-01 0:00
M,USD,MXN,1996-02-23,7.5381,1,1,SF60653,2026-07-01 0:00
M,USD,MXN,1996-02-24,7.5477,1,1,SF60653,2026-07-01 0:00
M,USD,MXN,1996-02-25,7.5477,1,1,SF60653,2026-07-01 0:00
M,USD,MXN,1996-02-26,7.5477,1,1,SF60653,2026-07-01 0:00
M,USD,MXN,1996-02-27,7.5331,1,1,SF60653,2026-07-01 0:00
M,USD,MXN,1996-02-28,7.5571,1,1,SF60653,2026-07-01 0:00
M,USD,MXN,1996-02-29,7.539,1,1,SF60653,2026-07-01 0:00
M,USD,MXN,1996-03-01,7.5573,1,1,SF60653,2026-07-01 0:00
M,USD,MXN,1996-03-02,7.6296,1,1,SF60653,2026-07-01 0:00
M,USD,MXN,1996-03-03,7.6296,1,1,SF60653,2026-07-01 0:00
M,USD,MXN,1996-03-04,7.6296,1,1,SF60653,2026-07-01 0:00
M,USD,MXN,1996-03-05,7.5891,1,1,SF60653,2026-07-01 0:00
M,USD,MXN,1996-03-06,7.5747,1,1,SF60653,2026-07-01 0:00
M,USD,MXN,1996-03-07,7.5863,1,1,SF60653,2026-07-01 0:00
M,USD,MXN,1996-03-08,7.5952,1,1,SF60653,2026-07-01 0:00
M,USD,MXN,1996-03-09,7.5713,1,1,SF60653,2026-07-01 0:00
M,USD,MXN,1996-03-10,7.5713,1,1,SF60653,2026-07-01 0:00
M,USD,MXN,1996-03-11,7.5713,1,1,SF60653,2026-07-01 0:00
M,USD,MXN,1996-03-12,7.5893,1,1,SF60653,2026-07-01 0:00
M,USD,MXN,1996-03-13,7.6237,1,1,SF60653,2026-07-01 0:00
M,USD,MXN,1996-03-14,7.6045,1,1,SF60653,2026-07-01 0:00
M,USD,MXN,1996-03-15,7.5893,1,1,SF60653,2026-07-01 0:00
M,USD,MXN,1996-03-16,7.5616,1,1,SF60653,2026-07-01 0:00
M,USD,MXN,1996-03-17,7.5616,1,1,SF60653,2026-07-01 0:00
M,USD,MXN,1996-03-18,7.5616,1,1,SF60653,2026-07-01 0:00
M,USD,MXN,1996-03-19,7.5762,1,1,SF60653,2026-07-01 0:00
M,USD,MXN,1996-03-20,7.5561,1,1,SF60653,2026-07-01 0:00
M,USD,MXN,1996-03-21,7.5242,1,1,SF60653,2026-07-01 0:00
M,USD,MXN,1996-03-22,7.5242,1,1,SF60653,2026-07-01 0:00
M,USD,MXN,1996-03-23,7.5432,1,1,SF60653,2026-07-01 0:00
M,USD,MXN,1996-03-24,7.5432,1,1,SF60653,2026-07-01 0:00
M,USD,MXN,1996-03-25,7.5432,1,1,SF60653,2026-07-01 0:00
M,USD,MXN,1996-03-26,7.56,1,1,SF60653,2026-07-01 0:00
M,USD,MXN,1996-03-27,7.5484,1,1,SF60653,2026-07-01 0:00
M,USD,MXN,1996-03-28,7.5437,1,1,SF60653,2026-07-01 0:00
M,USD,MXN,1996-03-29,7.5479,1,1,SF60653,2026-07-01 0:00
M,USD,MXN,1996-03-30,7.5526,1,1,SF60653,2026-07-01 0:00
M,USD,MXN,1996-03-31,7.5526,1,1,SF60653,2026-07-01 0:00
M,USD,MXN,1996-04-01,7.5526,1,1,SF60653,2026-07-01 0:00
M,USD,MXN,1996-04-02,7.5375,1,1,SF60653,2026-07-01 0:00
M,USD,MXN,1996-04-03,7.5127,1,1,SF60653,2026-07-01 0:00
M,USD,MXN,1996-04-04,7.511,1,1,SF60653,2026-07-01 0:00
M,USD,MXN,1996-04-05,7.511,1,1,SF60653,2026-07-01 0:00
M,USD,MXN,1996-04-06,7.511,1,1,SF60653,2026-07-01 0:00
M,USD,MXN,1996-04-07,7.511,1,1,SF60653,2026-07-01 0:00
M,USD,MXN,1996-04-08,7.511,1,1,SF60653,2026-07-01 0:00
M,USD,MXN,1996-04-09,7.5181,1,1,SF60653,2026-07-01 0:00
M,USD,MXN,1996-04-10,7.5725,1,1,SF60653,2026-07-01 0:00
M,USD,MXN,1996-04-11,7.5366,1,1,SF60653,2026-07-01 0:00
M,USD,MXN,1996-04-12,7.495,1,1,SF60653,2026-07-01 0:00
M,USD,MXN,1996-04-13,7.499,1,1,SF60653,2026-07-01 0:00
M,USD,MXN,1996-04-14,7.499,1,1,SF60653,2026-07-01 0:00
M,USD,MXN,1996-04-15,7.499,1,1,SF60653,2026-07-01 0:00
M,USD,MXN,1996-04-16,7.4995,1,1,SF60653,2026-07-01 0:00
M,USD,MXN,1996-04-17,7.4736,1,1,SF60653,2026-07-01 0:00
M,USD,MXN,1996-04-18,7.4315,1,1,SF60653,2026-07-01 0:00
M,USD,MXN,1996-04-19,7.4276,1,1,SF60653,2026-07-01 0:00
M,USD,MXN,1996-04-20,7.441,1,1,SF60653,2026-07-01 0:00
M,USD,MXN,1996-04-21,7.441,1,1,SF60653,2026-07-01 0:00
M,USD,MXN,1996-04-22,7.441,1,1,SF60653,2026-07-01 0:00
M,USD,MXN,1996-04-23,7.4053,1,1,SF60653,2026-07-01 0:00
M,USD,MXN,1996-04-24,7.3776,1,1,SF60653,2026-07-01 0:00
M,USD,MXN,1996-04-25,7.4175,1,1,SF60653,2026-07-01 0:00
M,USD,MXN,1996-04-26,7.433,1,1,SF60653,2026-07-01 0:00
M,USD,MXN,1996-04-27,7.3794,1,1,SF60653,2026-07-01 0:00
M,USD,MXN,1996-04-28,7.3794,1,1,SF60653,2026-07-01 0:00
M,USD,MXN,1996-04-29,7.3794,1,1,SF60653,2026-07-01 0:00
M,USD,MXN,1996-04-30,7.4042,1,1,SF60653,2026-07-01 0:00
M,USD,MXN,1996-05-01,7.4526,1,1,SF60653,2026-07-01 0:00
M,USD,MXN,1996-05-02,7.4526,1,1,SF60653,2026-07-01 0:00
M,USD,MXN,1996-05-03,7.4462,1,1,SF60653,2026-07-01 0:00
M,USD,MXN,1996-05-04,7.4692,1,1,SF60653,2026-07-01 0:00
M,USD,MXN,1996-05-05,7.4692,1,1,SF60653,2026-07-01 0:00
M,USD,MXN,1996-05-06,7.4692,1,1,SF60653,2026-07-01 0:00
M,USD,MXN,1996-05-07,7.4749,1,1,SF60653,2026-07-01 0:00
M,USD,MXN,1996-05-08,7.5283,1,1,SF60653,2026-07-01 0:00
M,USD,MXN,1996-05-09,7.512,1,1,SF60653,2026-07-01 0:00
M,USD,MXN,1996-05-10,7.4828,1,1,SF60653,2026-07-01 0:00
M,USD,MXN,1996-05-11,7.4762,1,1,SF60653,2026-07-01 0:00
M,USD,MXN,1996-05-12,7.4762,1,1,SF60653,2026-07-01 0:00
M,USD,MXN,1996-05-13,7.4762,1,1,SF60653,2026-07-01 0:00
M,USD,MXN,1996-05-14,7.4469,1,1,SF60653,2026-07-01 0:00
M,USD,MXN,1996-05-15,7.4434,1,1,SF60653,2026-07-01 0:00
M,USD,MXN,1996-05-16,7.4075,1,1,SF60653,2026-07-01 0:00
M,USD,MXN,1996-05-17,7.4467,1,1,SF60653,2026-07-01 0:00
M,USD,MXN,1996-05-18,7.4179,1,1,SF60653,2026-07-01 0:00
M,USD,MXN,1996-05-19,7.4179,1,1,SF60653,2026-07-01 0:00
M,USD,MXN,1996-05-20,7.4179,1,1,SF60653,2026-07-01 0:00
M,USD,MXN,1996-05-21,7.4019,1,1,SF60653,2026-07-01 0:00
M,USD,MXN,1996-05-22,7.4124,1,1,SF60653,2026-07-01 0:00
M,USD,MXN,1996-05-23,7.394,1,1,SF60653,2026-07-01 0:00
M,USD,MXN,1996-05-24,7.3861,1,1,SF60653,2026-07-01 0:00
M,USD,MXN,1996-05-25,7.3823,1,1,SF60653,2026-07-01 0:00
M,USD,MXN,1996-05-26,7.3823,1,1,SF60653,2026-07-01 0:00
M,USD,MXN,1996-05-27,7.3823,1,1,SF60653,2026-07-01 0:00
M,USD,MXN,1996-05-28,7.3988,1,1,SF60653,2026-07-01 0:00
M,USD,MXN,1996-05-29,7.384,1,1,SF60653,2026-07-01 0:00
M,USD,MXN,1996-05-30,7.385,1,1,SF60653,2026-07-01 0:00
M,USD,MXN,1996-05-31,7.4095,1,1,SF60653,2026-07-01 0:00
M,USD,MXN,1996-06-01,7.4367,1,1,SF60653,2026-07-01 0:00
M,USD,MXN,1996-06-02,7.4367,1,1,SF60653,2026-07-01 0:00
M,USD,MXN,1996-06-03,7.4367,1,1,SF60653,2026-07-01 0:00
M,USD,MXN,1996-06-04,7.4208,1,1,SF60653,2026-07-01 0:00
M,USD,MXN,1996-06-05,7.4747,1,1,SF60653,2026-07-01 0:00
M,USD,MXN,1996-06-06,7.4313,1,1,SF60653,2026-07-01 0:00
M,USD,MXN,1996-06-07,7.4651,1,1,SF60653,2026-07-01 0:00
M,USD,MXN,1996-06-08,7.5017,1,1,SF60653,2026-07-01 0:00
M,USD,MXN,1996-06-09,7.5017,1,1,SF60653,2026-07-01 0:00
M,USD,MXN,1996-06-10,7.5017,1,1,SF60653,2026-07-01 0:00
M,USD,MXN,1996-06-11,7.5278,1,1,SF60653,2026-07-01 0:00
M,USD,MXN,1996-06-12,7.5149,1,1,SF60653,2026-07-01 0:00
M,USD,MXN,1996-06-13,7.6308,1,1,SF60653,2026-07-01 0:00
M,USD,MXN,1996-06-14,7.5743,1,1,SF60653,2026-07-01 0:00
M,USD,MXN,1996-06-15,7.6343,1,1,SF60653,2026-07-01 0:00
M,USD,MXN,1996-06-16,7.6343,1,1,SF60653,2026-07-01 0:00
M,USD,MXN,1996-06-17,7.6343,1,1,SF60653,2026-07-01 0:00
M,USD,MXN,1996-06-18,7.5935,1,1,SF60653,2026-07-01 0:00
M,USD,MXN,1996-06-19,7.5843,1,1,SF60653,2026-07-01 0:00
M,USD,MXN,1996-06-20,7.5552,1,1,SF60653,2026-07-01 0:00
M,USD,MXN,1996-06-21,7.5268,1,1,SF60653,2026-07-01 0:00
M,USD,MXN,1996-06-22,7.5506,1,1,SF60653,2026-07-01 0:00
M,USD,MXN,1996-06-23,7.5506,1,1,SF60653,2026-07-01 0:00
M,USD,MXN,1996-06-24,7.5506,1,1,SF60653,2026-07-01 0:00
M,USD,MXN,1996-06-25,7.5743,1,1,SF60653,2026-07-01 0:00
M,USD,MXN,1996-06-26,7.6352,1,1,SF60653,2026-07-01 0:00
M,USD,MXN,1996-06-27,7.6077,1,1,SF60653,2026-07-01 0:00
M,USD,MXN,1996-06-28,7.6108,1,1,SF60653,2026-07-01 0:00
M,USD,MXN,1996-06-29,7.6323,1,1,SF60653,2026-07-01 0:00
M,USD,MXN,1996-06-30,7.6323,1,1,SF60653,2026-07-01 0:00
M,USD,MXN,1996-07-01,7.6323,1,1,SF60653,2026-07-01 0:00
M,USD,MXN,1996-07-02,7.5814,1,1,SF60653,2026-07-01 0:00
M,USD,MXN,1996-07-03,7.6215,1,1,SF60653,2026-07-01 0:00
M,USD,MXN,1996-07-04,7.5842,1,1,SF60653,2026-07-01 0:00
M,USD,MXN,1996-07-05,7.5925,1,1,SF60653,2026-07-01 0:00
M,USD,MXN,1996-07-06,7.6093,1,1,SF60653,2026-07-01 0:00
M,USD,MXN,1996-07-07,7.6093,1,1,SF60653,2026-07-01 0:00
M,USD,MXN,1996-07-08,7.6093,1,1,SF60653,2026-07-01 0:00
M,USD,MXN,1996-07-09,7.6318,1,1,SF60653,2026-07-01 0:00
M,USD,MXN,1996-07-10,7.6688,1,1,SF60653,2026-07-01 0:00
M,USD,MXN,1996-07-11,7.6383,1,1,SF60653,2026-07-01 0:00
M,USD,MXN,1996-07-12,7.6183,1,1,SF60653,2026-07-01 0:00
M,USD,MXN,1996-07-13,7.6429,1,1,SF60653,2026-07-01 0:00
M,USD,MXN,1996-07-14,7.6429,1,1,SF60653,2026-07-01 0:00
M,USD,MXN,1996-07-15,7.6429,1,1,SF60653,2026-07-01 0:00
M,USD,MXN,1996-07-16,7.639,1,1,SF60653,2026-07-01 0:00
M,USD,MXN,1996-07-17,7.6453,1,1,SF60653,2026-07-01 0:00
M,USD,MXN,1996-07-18,7.6575,1,1,SF60653,2026-07-01 0:00
M,USD,MXN,1996-07-19,7.6536,1,1,SF60653,2026-07-01 0:00
M,USD,MXN,1996-07-20,7.6453,1,1,SF60653,2026-07-01 0:00
M,USD,MXN,1996-07-21,7.6453,1,1,SF60653,2026-07-01 0:00
M,USD,MXN,1996-07-22,7.6453,1,1,SF60653,2026-07-01 0:00
M,USD,MXN,1996-07-23,7.6168,1,1,SF60653,2026-07-01 0:00
M,USD,MXN,1996-07-24,7.6293,1,1,SF60653,2026-07-01 0:00
M,USD,MXN,1996-07-25,7.6078,1,1,SF60653,2026-07-01 0:00
M,USD,MXN,1996-07-26,7.6117,1,1,SF60653,2026-07-01 0:00
M,USD,MXN,1996-07-27,7.5903,1,1,SF60653,2026-07-01 0:00
M,USD,MXN,1996-07-28,7.5903,1,1,SF60653,2026-07-01 0:00
M,USD,MXN,1996-07-29,7.5903,1,1,SF60653,2026-07-01 0:00
M,USD,MXN,1996-07-30,7.5959,1,1,SF60653,2026-07-01 0:00
M,USD,MXN,1996-07-31,7.6135,1,1,SF60653,2026-07-01 0:00
M,USD,MXN,1996-08-01,7.5713,1,1,SF60653,2026-07-01 0:00
M,USD,MXN,1996-08-02,7.5893,1,1,SF60653,2026-07-01 0:00
M,USD,MXN,1996-08-03,7.5709,1,1,SF60653,2026-07-01 0:00
M,USD,MXN,1996-08-04,7.5709,1,1,SF60653,2026-07-01 0:00
M,USD,MXN,1996-08-05,7.5709,1,1,SF60653,2026-07-01 0:00
M,USD,MXN,1996-08-06,7.5375,1,1,SF60653,2026-07-01 0:00
M,USD,MXN,1996-08-07,7.5504,1,1,SF60653,2026-07-01 0:00
M,USD,MXN,1996-08-08,7.534,1,1,SF60653,2026-07-01 0:00
M,USD,MXN,1996-08-09,7.5119,1,1,SF60653,2026-07-01 0:00
M,USD,MXN,1996-08-10,7.5349,1,1,SF60653,2026-07-01 0:00
M,USD,MXN,1996-08-11,7.5349,1,1,SF60653,2026-07-01 0:00
M,USD,MXN,1996-08-12,7.5349,1,1,SF60653,2026-07-01 0:00
M,USD,MXN,1996-08-13,7.5172,1,1,SF60653,2026-07-01 0:00
M,USD,MXN,1996-08-14,7.5106,1,1,SF60653,2026-07-01 0:00
M,USD,MXN,1996-08-15,7.4897,1,1,SF60653,2026-07-01 0:00
M,USD,MXN,1996-08-16,7.4868,1,1,SF60653,2026-07-01 0:00
M,USD,MXN,1996-08-17,7.5077,1,1,SF60653,2026-07-01 0:00
M,USD,MXN,1996-08-18,7.5077,1,1,SF60653,2026-07-01 0:00
M,USD,MXN,1996-08-19,7.5077,1,1,SF60653,2026-07-01 0:00
M,USD,MXN,1996-08-20,7.4789,1,1,SF60653,2026-07-01 0:00
M,USD,MXN,1996-08-21,7.4854,1,1,SF60653,2026-07-01 0:00
M,USD,MXN,1996-08-22,7.4778,1,1,SF60653,2026-07-01 0:00
M,USD,MXN,1996-08-23,7.4858,1,1,SF60653,2026-07-01 0:00
M,USD,MXN,1996-08-24,7.4757,1,1,SF60653,2026-07-01 0:00
M,USD,MXN,1996-08-25,7.4757,1,1,SF60653,2026-07-01 0:00
M,USD,MXN,1996-08-26,7.4757,1,1,SF60653,2026-07-01 0:00
M,USD,MXN,1996-08-27,7.483,1,1,SF60653,2026-07-01 0:00
M,USD,MXN,1996-08-28,7.502,1,1,SF60653,2026-07-01 0:00
M,USD,MXN,1996-08-29,7.5163,1,1,SF60653,2026-07-01 0:00
M,USD,MXN,1996-08-30,7.493,1,1,SF60653,2026-07-01 0:00
M,USD,MXN,1996-08-31,7.5205,1,1,SF60653,2026-07-01 0:00
M,USD,MXN,1996-09-01,7.5205,1,1,SF60653,2026-07-01 0:00
M,USD,MXN,1996-09-02,7.5205,1,1,SF60653,2026-07-01 0:00
M,USD,MXN,1996-09-03,7.5831,1,1,SF60653,2026-07-01 0:00
M,USD,MXN,1996-09-04,7.549,1,1,SF60653,2026-07-01 0:00
M,USD,MXN,1996-09-05,7.5828,1,1,SF60653,2026-07-01 0:00
M,USD,MXN,1996-09-06,7.562,1,1,SF60653,2026-07-01 0:00
M,USD,MXN,1996-09-07,7.5996,1,1,SF60653,2026-07-01 0:00
M,USD,MXN,1996-09-08,7.5996,1,1,SF60653,2026-07-01 0:00
M,USD,MXN,1996-09-09,7.5996,1,1,SF60653,2026-07-01 0:00
M,USD,MXN,1996-09-10,7.5768,1,1,SF60653,2026-07-01 0:00
M,USD,MXN,1996-09-11,7.5426,1,1,SF60653,2026-07-01 0:00
M,USD,MXN,1996-09-12,7.5385,1,1,SF60653,2026-07-01 0:00
M,USD,MXN,1996-09-13,7.5562,1,1,SF60653,2026-07-01 0:00
M,USD,MXN,1996-09-14,7.5417,1,1,SF60653,2026-07-01 0:00
M,USD,MXN,1996-09-15,7.5417,1,1,SF60653,2026-07-01 0:00
M,USD,MXN,1996-09-16,7.5417,1,1,SF60653,2026-07-01 0:00
M,USD,MXN,1996-09-17,7.5417,1,1,SF60653,2026-07-01 0:00
M,USD,MXN,1996-09-18,7.5139,1,1,SF60653,2026-07-01 0:00
M,USD,MXN,1996-09-19,7.5055,1,1,SF60653,2026-07-01 0:00
M,USD,MXN,1996-09-20,7.4907,1,1,SF60653,2026-07-01 0:00
M,USD,MXN,1996-09-21,7.5052,1,1,SF60653,2026-07-01 0:00
M,USD,MXN,1996-09-22,7.5052,1,1,SF60653,2026-07-01 0:00
M,USD,MXN,1996-09-23,7.5052,1,1,SF60653,2026-07-01 0:00
M,USD,MXN,1996-09-24,7.5379,1,1,SF60653,2026-07-01 0:00
M,USD,MXN,1996-09-25,7.5828,1,1,SF60653,2026-07-01 0:00
M,USD,MXN,1996-09-26,7.5364,1,1,SF60653,2026-07-01 0:00
M,USD,MXN,1996-09-27,7.5317,1,1,SF60653,2026-07-01 0:00
M,USD,MXN,1996-09-28,7.5374,1,1,SF60653,2026-07-01 0:00
M,USD,MXN,1996-09-29,7.5374,1,1,SF60653,2026-07-01 0:00
M,USD,MXN,1996-09-30,7.5374,1,1,SF60653,2026-07-01 0:00
M,USD,MXN,1996-10-01,7.5383,1,1,SF60653,2026-07-01 0:00
M,USD,MXN,1996-10-02,7.5519,1,1,SF60653,2026-07-01 0:00
M,USD,MXN,1996-10-03,7.5317,1,1,SF60653,2026-07-01 0:00
M,USD,MXN,1996-10-04,7.5183,1,1,SF60653,2026-07-01 0:00
M,USD,MXN,1996-10-05,7.5302,1,1,SF60653,2026-07-01 0:00
M,USD,MXN,1996-10-06,7.5302,1,1,SF60653,2026-07-01 0:00
M,USD,MXN,1996-10-07,7.5302,1,1,SF60653,2026-07-01 0:00
M,USD,MXN,1996-10-08,7.5273,1,1,SF60653,2026-07-01 0:00
M,USD,MXN,1996-10-09,7.5281,1,1,SF60653,2026-07-01 0:00
M,USD,MXN,1996-10-10,7.54,1,1,SF60653,2026-07-01 0:00
M,USD,MXN,1996-10-11,7.5741,1,1,SF60653,2026-07-01 0:00
M,USD,MXN,1996-10-12,7.6109,1,1,SF60653,2026-07-01 0:00
M,USD,MXN,1996-10-13,7.6109,1,1,SF60653,2026-07-01 0:00
M,USD,MXN,1996-10-14,7.6109,1,1,SF60653,2026-07-01 0:00
M,USD,MXN,1996-10-15,7.6265,1,1,SF60653,2026-07-01 0:00
M,USD,MXN,1996-10-16,7.6923,1,1,SF60653,2026-07-01 0:00
M,USD,MXN,1996-10-17,7.7472,1,1,SF60653,2026-07-01 0:00
M,USD,MXN,1996-10-18,7.795,1,1,SF60653,2026-07-01 0:00
M,USD,MXN,1996-10-19,7.7726,1,1,SF60653,2026-07-01 0:00
M,USD,MXN,1996-10-20,7.7726,1,1,SF60653,2026-07-01 0:00
M,USD,MXN,1996-10-21,7.7726,1,1,SF60653,2026-07-01 0:00
M,USD,MXN,1996-10-22,7.7307,1,1,SF60653,2026-07-01 0:00
M,USD,MXN,1996-10-23,7.7381,1,1,SF60653,2026-07-01 0:00
M,USD,MXN,1996-10-24,7.7625,1,1,SF60653,2026-07-01 0:00
M,USD,MXN,1996-10-25,7.8502,1,1,SF60653,2026-07-01 0:00
M,USD,MXN,1996-10-26,7.8297,1,1,SF60653,2026-07-01 0:00
M,USD,MXN,1996-10-27,7.8297,1,1,SF60653,2026-07-01 0:00
M,USD,MXN,1996-10-28,7.8297,1,1,SF60653,2026-07-01 0:00
M,USD,MXN,1996-10-29,7.955,1,1,SF60653,2026-07-01 0:00
M,USD,MXN,1996-10-30,7.8904,1,1,SF60653,2026-07-01 0:00
M,USD,MXN,1996-10-31,7.9172,1,1,SF60653,2026-07-01 0:00
M,USD,MXN,1996-11-01,7.9883,1,1,SF60653,2026-07-01 0:00
M,USD,MXN,1996-11-02,8.0478,1,1,SF60653,2026-07-01 0:00
M,USD,MXN,1996-11-03,8.0478,1,1,SF60653,2026-07-01 0:00
M,USD,MXN,1996-11-04,8.0478,1,1,SF60653,2026-07-01 0:00
M,USD,MXN,1996-11-05,7.9653,1,1,SF60653,2026-07-01 0:00
M,USD,MXN,1996-11-06,7.9242,1,1,SF60653,2026-07-01 0:00
M,USD,MXN,1996-11-07,7.892,1,1,SF60653,2026-07-01 0:00
M,USD,MXN,1996-11-08,7.9215,1,1,SF60653,2026-07-01 0:00
M,USD,MXN,1996-11-09,7.9527,1,1,SF60653,2026-07-01 0:00
M,USD,MXN,1996-11-10,7.9527,1,1,SF60653,2026-07-01 0:00
M,USD,MXN,1996-11-11,7.9527,1,1,SF60653,2026-07-01 0:00
M,USD,MXN,1996-11-12,7.9005,1,1,SF60653,2026-07-01 0:00
M,USD,MXN,1996-11-13,7.9017,1,1,SF60653,2026-07-01 0:00
M,USD,MXN,1996-11-14,7.9155,1,1,SF60653,2026-07-01 0:00
M,USD,MXN,1996-11-15,7.9215,1,1,SF60653,2026-07-01 0:00
M,USD,MXN,1996-11-16,7.9182,1,1,SF60653,2026-07-01 0:00
M,USD,MXN,1996-11-17,7.9182,1,1,SF60653,2026-07-01 0:00
M,USD,MXN,1996-11-18,7.9182,1,1,SF60653,2026-07-01 0:00
M,USD,MXN,1996-11-19,7.902,1,1,SF60653,2026-07-01 0:00
M,USD,MXN,1996-11-20,7.9085,1,1,SF60653,2026-07-01 0:00
M,USD,MXN,1996-11-21,7.9085,1,1,SF60653,2026-07-01 0:00
M,USD,MXN,1996-11-22,7.8975,1,1,SF60653,2026-07-01 0:00
M,USD,MXN,1996-11-23,7.896,1,1,SF60653,2026-07-01 0:00
M,USD,MXN,1996-11-24,7.896,1,1,SF60653,2026-07-01 0:00
M,USD,MXN,1996-11-25,7.896,1,1,SF60653,2026-07-01 0:00
M,USD,MXN,1996-11-26,7.87,1,1,SF60653,2026-07-01 0:00
M,USD,MXN,1996-11-27,7.9095,1,1,SF60653,2026-07-01 0:00
M,USD,MXN,1996-11-28,7.875,1,1,SF60653,2026-07-01 0:00
M,USD,MXN,1996-11-29,7.87,1,1,SF60653,2026-07-01 0:00
M,USD,MXN,1996-11-30,7.8858,1,1,SF60653,2026-07-01 0:00
M,USD,MXN,1996-12-01,7.8858,1,1,SF60653,2026-07-01 0:00
M,USD,MXN,1996-12-02,7.8858,1,1,SF60653,2026-07-01 0:00
M,USD,MXN,1996-12-03,7.893,1,1,SF60653,2026-07-01 0:00
M,USD,MXN,1996-12-04,7.8928,1,1,SF60653,2026-07-01 0:00
M,USD,MXN,1996-12-05,7.8787,1,1,SF60653,2026-07-01 0:00
M,USD,MXN,1996-12-06,7.8626,1,1,SF60653,2026-07-01 0:00
M,USD,MXN,1996-12-07,7.8885,1,1,SF60653,2026-07-01 0:00
M,USD,MXN,1996-12-08,7.8885,1,1,SF60653,2026-07-01 0:00
M,USD,MXN,1996-12-09,7.8885,1,1,SF60653,2026-07-01 0:00
M,USD,MXN,1996-12-10,7.926,1,1,SF60653,2026-07-01 0:00
M,USD,MXN,1996-12-11,7.9032,1,1,SF60653,2026-07-01 0:00
M,USD,MXN,1996-12-12,7.8723,1,1,SF60653,2026-07-01 0:00
M,USD,MXN,1996-12-13,7.8723,1,1,SF60653,2026-07-01 0:00
M,USD,MXN,1996-12-14,7.8723,1,1,SF60653,2026-07-01 0:00
M,USD,MXN,1996-12-15,7.8723,1,1,SF60653,2026-07-01 0:00
M,USD,MXN,1996-12-16,7.8723,1,1,SF60653,2026-07-01 0:00
M,USD,MXN,1996-12-17,7.9017,1,1,SF60653,2026-07-01 0:00
M,USD,MXN,1996-12-18,7.9272,1,1,SF60653,2026-07-01 0:00
M,USD,MXN,1996-12-19,7.8771,1,1,SF60653,2026-07-01 0:00
M,USD,MXN,1996-12-20,7.881,1,1,SF60653,2026-07-01 0:00
M,USD,MXN,1996-12-21,7.8674,1,1,SF60653,2026-07-01 0:00
M,USD,MXN,1996-12-22,7.8674,1,1,SF60653,2026-07-01 0:00
M,USD,MXN,1996-12-23,7.8674,1,1,SF60653,2026-07-01 0:00
M,USD,MXN,1996-12-24,7.8427,1,1,SF60653,2026-07-01 0:00
M,USD,MXN,1996-12-25,7.8344,1,1,SF60653,2026-07-01 0:00
M,USD,MXN,1996-12-26,7.8344,1,1,SF60653,2026-07-01 0:00
M,USD,MXN,1996-12-27,7.8325,1,1,SF60653,2026-07-01 0:00
M,USD,MXN,1996-12-28,7.8442,1,1,SF60653,2026-07-01 0:00
M,USD,MXN,1996-12-29,7.8442,1,1,SF60653,2026-07-01 0:00
M,USD,MXN,1996-12-30,7.8442,1,1,SF60653,2026-07-01 0:00
M,USD,MXN,1996-12-31,7.8509,1,1,SF60653,2026-07-01 0:00
M,USD,MXN,1997-01-01,7.8557,1,1,SF60653,2026-07-01 0:00
M,USD,MXN,1997-01-02,7.8557,1,1,SF60653,2026-07-01 0:00
M,USD,MXN,1997-01-03,7.8703,1,1,SF60653,2026-07-01 0:00
M,USD,MXN,1997-01-04,7.9027,1,1,SF60653,2026-07-01 0:00
M,USD,MXN,1997-01-05,7.9027,1,1,SF60653,2026-07-01 0:00
M,USD,MXN,1997-01-06,7.9027,1,1,SF60653,2026-07-01 0:00
M,USD,MXN,1997-01-07,7.8664,1,1,SF60653,2026-07-01 0:00
M,USD,MXN,1997-01-08,7.8508,1,1,SF60653,2026-07-01 0:00
M,USD,MXN,1997-01-09,7.8375,1,1,SF60653,2026-07-01 0:00
M,USD,MXN,1997-01-10,7.8174,1,1,SF60653,2026-07-01 0:00
M,USD,MXN,1997-01-11,7.8208,1,1,SF60653,2026-07-01 0:00
M,USD,MXN,1997-01-12,7.8208,1,1,SF60653,2026-07-01 0:00
M,USD,MXN,1997-01-13,7.8208,1,1,SF60653,2026-07-01 0:00
M,USD,MXN,1997-01-14,7.8607,1,1,SF60653,2026-07-01 0:00
M,USD,MXN,1997-01-15,7.8125,1,1,SF60653,2026-07-01 0:00
M,USD,MXN,1997-01-16,7.8005,1,1,SF60653,2026-07-01 0:00
M,USD,MXN,1997-01-17,7.8085,1,1,SF60653,2026-07-01 0:00
M,USD,MXN,1997-01-18,7.8222,1,1,SF60653,2026-07-01 0:00
M,USD,MXN,1997-01-19,7.8222,1,1,SF60653,2026-07-01 0:00
M,USD,MXN,1997-01-20,7.8222,1,1,SF60653,2026-07-01 0:00
M,USD,MXN,1997-01-21,7.8275,1,1,SF60653,2026-07-01 0:00
M,USD,MXN,1997-01-22,7.8082,1,1,SF60653,2026-07-01 0:00
M,USD,MXN,1997-01-23,7.8033,1,1,SF60653,2026-07-01 0:00
M,USD,MXN,1997-01-24,7.7946,1,1,SF60653,2026-07-01 0:00
M,USD,MXN,1997-01-25,7.7913,1,1,SF60653,2026-07-01 0:00
M,USD,MXN,1997-01-26,7.7913,1,1,SF60653,2026-07-01 0:00
M,USD,MXN,1997-01-27,7.7913,1,1,SF60653,2026-07-01 0:00
M,USD,MXN,1997-01-28,7.8205,1,1,SF60653,2026-07-01 0:00
M,USD,MXN,1997-01-29,7.8312,1,1,SF60653,2026-07-01 0:00
M,USD,MXN,1997-01-30,7.8152,1,1,SF60653,2026-07-01 0:00
M,USD,MXN,1997-01-31,7.8393,1,1,SF60653,2026-07-01 0:00
M,USD,MXN,1997-02-01,7.8409,1,1,SF60653,2026-07-01 0:00
M,USD,MXN,1997-02-02,7.8409,1,1,SF60653,2026-07-01 0:00
M,USD,MXN,1997-02-03,7.8409,1,1,SF60653,2026-07-01 0:00
M,USD,MXN,1997-02-04,7.8217,1,1,SF60653,2026-07-01 0:00
M,USD,MXN,1997-02-05,7.8183,1,1,SF60653,2026-07-01 0:00
M,USD,MXN,1997-02-06,7.8183,1,1,SF60653,2026-07-01 0:00
M,USD,MXN,1997-02-07,7.8322,1,1,SF60653,2026-07-01 0:00
M,USD,MXN,1997-02-08,7.8282,1,1,SF60653,2026-07-01 0:00
M,USD,MXN,1997-02-09,7.8282,1,1,SF60653,2026-07-01 0:00
M,USD,MXN,1997-02-10,7.8282,1,1,SF60653,2026-07-01 0:00
M,USD,MXN,1997-02-11,7.8048,1,1,SF60653,2026-07-01 0:00
M,USD,MXN,1997-02-12,7.7988,1,1,SF60653,2026-07-01 0:00
M,USD,MXN,1997-02-13,7.7927,1,1,SF60653,2026-07-01 0:00
M,USD,MXN,1997-02-14,7.7968,1,1,SF60653,2026-07-01 0:00
M,USD,MXN,1997-02-15,7.7898,1,1,SF60653,2026-07-01 0:00
M,USD,MXN,1997-02-16,7.7898,1,1,SF60653,2026-07-01 0:00
M,USD,MXN,1997-02-17,7.7898,1,1,SF60653,2026-07-01 0:00
M,USD,MXN,1997-02-18,7.778,1,1,SF60653,2026-07-01 0:00
M,USD,MXN,1997-02-19,7.7692,1,1,SF60653,2026-07-01 0:00
M,USD,MXN,1997-02-20,7.801,1,1,SF60653,2026-07-01 0:00
M,USD,MXN,1997-02-21,7.7887,1,1,SF60653,2026-07-01 0:00
M,USD,MXN,1997-02-22,7.746,1,1,SF60653,2026-07-01 0:00
M,USD,MXN,1997-02-23,7.746,1,1,SF60653,2026-07-01 0:00
M,USD,MXN,1997-02-24,7.746,1,1,SF60653,2026-07-01 0:00
M,USD,MXN,1997-02-25,7.7617,1,1,SF60653,2026-07-01 0:00
M,USD,MXN,1997-02-26,7.7502,1,1,SF60653,2026-07-01 0:00
M,USD,MXN,1997-02-27,7.7556,1,1,SF60653,2026-07-01 0:00
M,USD,MXN,1997-02-28,7.7844,1,1,SF60653,2026-07-01 0:00
M,USD,MXN,1997-03-01,7.8358,1,1,SF60653,2026-07-01 0:00
M,USD,MXN,1997-03-02,7.8358,1,1,SF60653,2026-07-01 0:00
M,USD,MXN,1997-03-03,7.8358,1,1,SF60653,2026-07-01 0:00
M,USD,MXN,1997-03-04,7.974,1,1,SF60653,2026-07-01 0:00
M,USD,MXN,1997-03-05,8.0117,1,1,SF60653,2026-07-01 0:00
M,USD,MXN,1997-03-06,7.9737,1,1,SF60653,2026-07-01 0:00
M,USD,MXN,1997-03-07,8.0438,1,1,SF60653,2026-07-01 0:00
M,USD,MXN,1997-03-08,8.0092,1,1,SF60653,2026-07-01 0:00
M,USD,MXN,1997-03-09,8.0092,1,1,SF60653,2026-07-01 0:00
M,USD,MXN,1997-03-10,8.0092,1,1,SF60653,2026-07-01 0:00
M,USD,MXN,1997-03-11,8.0152,1,1,SF60653,2026-07-01 0:00
M,USD,MXN,1997-03-12,7.959,1,1,SF60653,2026-07-01 0:00
M,USD,MXN,1997-03-13,7.978,1,1,SF60653,2026-07-01 0:00
M,USD,MXN,1997-03-14,7.9611,1,1,SF60653,2026-07-01 0:00
M,USD,MXN,1997-03-15,7.9987,1,1,SF60653,2026-07-01 0:00
M,USD,MXN,1997-03-16,7.9987,1,1,SF60653,2026-07-01 0:00
M,USD,MXN,1997-03-17,7.9987,1,1,SF60653,2026-07-01 0:00
M,USD,MXN,1997-03-18,7.9789,1,1,SF60653,2026-07-01 0:00
M,USD,MXN,1997-03-19,7.992,1,1,SF60653,2026-07-01 0:00
M,USD,MXN,1997-03-20,7.9492,1,1,SF60653,2026-07-01 0:00
M,USD,MXN,1997-03-21,7.9233,1,1,SF60653,2026-07-01 0:00
M,USD,MXN,1997-03-22,7.9233,1,1,SF60653,2026-07-01 0:00
M,USD,MXN,1997-03-23,7.9233,1,1,SF60653,2026-07-01 0:00
M,USD,MXN,1997-03-24,7.9233,1,1,SF60653,2026-07-01 0:00
M,USD,MXN,1997-03-25,7.9407,1,1,SF60653,2026-07-01 0:00
M,USD,MXN,1997-03-26,7.8958,1,1,SF60653,2026-07-01 0:00
M,USD,MXN,1997-03-27,7.8905,1,1,SF60653,2026-07-01 0:00
M,USD,MXN,1997-03-28,7.8905,1,1,SF60653,2026-07-01 0:00
M,USD,MXN,1997-03-29,7.8905,1,1,SF60653,2026-07-01 0:00
M,USD,MXN,1997-03-30,7.8905,1,1,SF60653,2026-07-01 0:00
M,USD,MXN,1997-03-31,7.8905,1,1,SF60653,2026-07-01 0:00
M,USD,MXN,1997-04-01,7.9126,1,1,SF60653,2026-07-01 0:00
M,USD,MXN,1997-04-02,7.9313,1,1,SF60653,2026-07-01 0:00
M,USD,MXN,1997-04-03,7.9117,1,1,SF60653,2026-07-01 0:00
M,USD,MXN,1997-04-04,7.9248,1,1,SF60653,2026-07-01 0:00
M,USD,MXN,1997-04-05,7.972,1,1,SF60653,2026-07-01 0:00
M,USD,MXN,1997-04-06,7.972,1,1,SF60653,2026-07-01 0:00
M,USD,MXN,1997-04-07,7.972,1,1,SF60653,2026-07-01 0:00
M,USD,MXN,1997-04-08,7.9592,1,1,SF60653,2026-07-01 0:00
M,USD,MXN,1997-04-09,7.9061,1,1,SF60653,2026-07-01 0:00
M,USD,MXN,1997-04-10,7.8851,1,1,SF60653,2026-07-01 0:00
M,USD,MXN,1997-04-11,7.8913,1,1,SF60653,2026-07-01 0:00
M,USD,MXN,1997-04-12,7.9153,1,1,SF60653,2026-07-01 0:00
M,USD,MXN,1997-04-13,7.9153,1,1,SF60653,2026-07-01 0:00
M,USD,MXN,1997-04-14,7.9153,1,1,SF60653,2026-07-01 0:00
M,USD,MXN,1997-04-15,7.9222,1,1,SF60653,2026-07-01 0:00
M,USD,MXN,1997-04-16,7.9064,1,1,SF60653,2026-07-01 0:00
M,USD,MXN,1997-04-17,7.8877,1,1,SF60653,2026-07-01 0:00
M,USD,MXN,1997-04-18,7.8978,1,1,SF60653,2026-07-01 0:00
M,USD,MXN,1997-04-19,7.8852,1,1,SF60653,2026-07-01 0:00
M,USD,MXN,1997-04-20,7.8852,1,1,SF60653,2026-07-01 0:00
M,USD,MXN,1997-04-21,7.8852,1,1,SF60653,2026-07-01 0:00
M,USD,MXN,1997-04-22,7.8738,1,1,SF60653,2026-07-01 0:00
M,USD,MXN,1997-04-23,7.8773,1,1,SF60653,2026-07-01 0:00
M,USD,MXN,1997-04-24,7.8703,1,1,SF60653,2026-07-01 0:00
M,USD,MXN,1997-04-25,7.8783,1,1,SF60653,2026-07-01 0:00
M,USD,MXN,1997-04-26,7.8545,1,1,SF60653,2026-07-01 0:00
M,USD,MXN,1997-04-27,7.8545,1,1,SF60653,2026-07-01 0:00
M,USD,MXN,1997-04-28,7.8545,1,1,SF60653,2026-07-01 0:00
M,USD,MXN,1997-04-29,7.8917,1,1,SF60653,2026-07-01 0:00
M,USD,MXN,1997-04-30,7.9267,1,1,SF60653,2026-07-01 0:00
M,USD,MXN,1997-05-01,7.9743,1,1,SF60653,2026-07-01 0:00
M,USD,MXN,1997-05-02,7.9743,1,1,SF60653,2026-07-01 0:00
M,USD,MXN,1997-05-03,7.9519,1,1,SF60653,2026-07-01 0:00
M,USD,MXN,1997-05-04,7.9519,1,1,SF60653,2026-07-01 0:00
M,USD,MXN,1997-05-05,7.9519,1,1,SF60653,2026-07-01 0:00
M,USD,MXN,1997-05-06,7.9519,1,1,SF60653,2026-07-01 0:00
M,USD,MXN,1997-05-07,7.9113,1,1,SF60653,2026-07-01 0:00
M,USD,MXN,1997-05-08,7.8781,1,1,SF60653,2026-07-01 0:00
M,USD,MXN,1997-05-09,7.9203,1,1,SF60653,2026-07-01 0:00
M,USD,MXN,1997-05-10,7.9253,1,1,SF60653,2026-07-01 0:00
M,USD,MXN,1997-05-11,7.9253,1,1,SF60653,2026-07-01 0:00
M,USD,MXN,1997-05-12,7.9253,1,1,SF60653,2026-07-01 0:00
M,USD,MXN,1997-05-13,7.9028,1,1,SF60653,2026-07-01 0:00
M,USD,MXN,1997-05-14,7.9243,1,1,SF60653,2026-07-01 0:00
M,USD,MXN,1997-05-15,7.9065,1,1,SF60653,2026-07-01 0:00
M,USD,MXN,1997-05-16,7.8925,1,1,SF60653,2026-07-01 0:00
M,USD,MXN,1997-05-17,7.9031,1,1,SF60653,2026-07-01 0:00
M,USD,MXN,1997-05-18,7.9031,1,1,SF60653,2026-07-01 0:00
M,USD,MXN,1997-05-19,7.9031,1,1,SF60653,2026-07-01 0:00
M,USD,MXN,1997-05-20,7.8942,1,1,SF60653,2026-07-01 0:00
M,USD,MXN,1997-05-21,7.8934,1,1,SF60653,2026-07-01 0:00
M,USD,MXN,1997-05-22,7.8878,1,1,SF60653,2026-07-01 0:00
M,USD,MXN,1997-05-23,7.8655,1,1,SF60653,2026-07-01 0:00
M,USD,MXN,1997-05-24,7.8689,1,1,SF60653,2026-07-01 0:00
M,USD,MXN,1997-05-25,7.8689,1,1,SF60653,2026-07-01 0:00
M,USD,MXN,1997-05-26,7.8689,1,1,SF60653,2026-07-01 0:00
M,USD,MXN,1997-05-27,7.8731,1,1,SF60653,2026-07-01 0:00
M,USD,MXN,1997-05-28,7.9059,1,1,SF60653,2026-07-01 0:00
M,USD,MXN,1997-05-29,7.9263,1,1,SF60653,2026-07-01 0:00
M,USD,MXN,1997-05-30,7.9085,1,1,SF60653,2026-07-01 0:00
M,USD,MXN,1997-05-31,7.9082,1,1,SF60653,2026-07-01 0:00
M,USD,MXN,1997-06-01,7.9082,1,1,SF60653,2026-07-01 0:00
M,USD,MXN,1997-06-02,7.9082,1,1,SF60653,2026-07-01 0:00
M,USD,MXN,1997-06-03,7.9167,1,1,SF60653,2026-07-01 0:00
M,USD,MXN,1997-06-04,7.9183,1,1,SF60653,2026-07-01 0:00
M,USD,MXN,1997-06-05,7.9118,1,1,SF60653,2026-07-01 0:00
M,USD,MXN,1997-06-06,7.9283,1,1,SF60653,2026-07-01 0:00
M,USD,MXN,1997-06-07,7.9482,1,1,SF60653,2026-07-01 0:00
M,USD,MXN,1997-06-08,7.9482,1,1,SF60653,2026-07-01 0:00
M,USD,MXN,1997-06-09,7.9482,1,1,SF60653,2026-07-01 0:00
M,USD,MXN,1997-06-10,7.987,1,1,SF60653,2026-07-01 0:00
M,USD,MXN,1997-06-11,7.9878,1,1,SF60653,2026-07-01 0:00
M,USD,MXN,1997-06-12,7.9689,1,1,SF60653,2026-07-01 0:00
M,USD,MXN,1997-06-13,7.9753,1,1,SF60653,2026-07-01 0:00
M,USD,MXN,1997-06-14,7.9633,1,1,SF60653,2026-07-01 0:00
M,USD,MXN,1997-06-15,7.9633,1,1,SF60653,2026-07-01 0:00
M,USD,MXN,1997-06-16,7.9633,1,1,SF60653,2026-07-01 0:00
M,USD,MXN,1997-06-17,7.9581,1,1,SF60653,2026-07-01 0:00
M,USD,MXN,1997-06-18,7.9537,1,1,SF60653,2026-07-01 0:00
M,USD,MXN,1997-06-19,7.9424,1,1,SF60653,2026-07-01 0:00
M,USD,MXN,1997-06-20,7.9098,1,1,SF60653,2026-07-01 0:00
M,USD,MXN,1997-06-21,7.9168,1,1,SF60653,2026-07-01 0:00
M,USD,MXN,1997-06-22,7.9168,1,1,SF60653,2026-07-01 0:00
M,USD,MXN,1997-06-23,7.9168,1,1,SF60653,2026-07-01 0:00
M,USD,MXN,1997-06-24,7.9582,1,1,SF60653,2026-07-01 0:00
M,USD,MXN,1997-06-25,7.977,1,1,SF60653,2026-07-01 0:00
M,USD,MXN,1997-06-26,7.9413,1,1,SF60653,2026-07-01 0:00
M,USD,MXN,1997-06-27,7.9483,1,1,SF60653,2026-07-01 0:00
M,USD,MXN,1997-06-28,7.9577,1,1,SF60653,2026-07-01 0:00
M,USD,MXN,1997-06-29,7.9577,1,1,SF60653,2026-07-01 0:00
M,USD,MXN,1997-06-30,7.9577,1,1,SF60653,2026-07-01 0:00
M,USD,MXN,1997-07-01,7.9517,1,1,SF60653,2026-07-01 0:00
M,USD,MXN,1997-07-02,7.9504,1,1,SF60653,2026-07-01 0:00
M,USD,MXN,1997-07-03,7.9298,1,1,SF60653,2026-07-01 0:00
M,USD,MXN,1997-07-04,7.9395,1,1,SF60653,2026-07-01 0:00
M,USD,MXN,1997-07-05,7.9497,1,1,SF60653,2026-07-01 0:00
M,USD,MXN,1997-07-06,7.9497,1,1,SF60653,2026-07-01 0:00
M,USD,MXN,1997-07-07,7.9497,1,1,SF60653,2026-07-01 0:00
M,USD,MXN,1997-07-08,7.966,1,1,SF60653,2026-07-01 0:00
M,USD,MXN,1997-07-09,7.9072,1,1,SF60653,2026-07-01 0:00
M,USD,MXN,1997-07-10,7.9147,1,1,SF60653,2026-07-01 0:00
M,USD,MXN,1997-07-11,7.8953,1,1,SF60653,2026-07-01 0:00
M,USD,MXN,1997-07-12,7.8913,1,1,SF60653,2026-07-01 0:00
M,USD,MXN,1997-07-13,7.8913,1,1,SF60653,2026-07-01 0:00
M,USD,MXN,1997-07-14,7.8913,1,1,SF60653,2026-07-01 0:00
M,USD,MXN,1997-07-15,7.8526,1,1,SF60653,2026-07-01 0:00
M,USD,MXN,1997-07-16,7.8693,1,1,SF60653,2026-07-01 0:00
M,USD,MXN,1997-07-17,7.8861,1,1,SF60653,2026-07-01 0:00
M,USD,MXN,1997-07-18,7.9282,1,1,SF60653,2026-07-01 0:00
M,USD,MXN,1997-07-19,7.8557,1,1,SF60653,2026-07-01 0:00
M,USD,MXN,1997-07-20,7.8557,1,1,SF60653,2026-07-01 0:00
M,USD,MXN,1997-07-21,7.8557,1,1,SF60653,2026-07-01 0:00
M,USD,MXN,1997-07-22,7.9097,1,1,SF60653,2026-07-01 0:00
M,USD,MXN,1997-07-23,7.8868,1,1,SF60653,2026-07-01 0:00
M,USD,MXN,1997-07-24,7.8571,1,1,SF60653,2026-07-01 0:00
M,USD,MXN,1997-07-25,7.8373,1,1,SF60653,2026-07-01 0:00
M,USD,MXN,1997-07-26,7.8313,1,1,SF60653,2026-07-01 0:00
M,USD,MXN,1997-07-27,7.8313,1,1,SF60653,2026-07-01 0:00
M,USD,MXN,1997-07-28,7.8313,1,1,SF60653,2026-07-01 0:00
M,USD,MXN,1997-07-29,7.7717,1,1,SF60653,2026-07-01 0:00
M,USD,MXN,1997-07-30,7.7808,1,1,SF60653,2026-07-01 0:00
M,USD,MXN,1997-07-31,7.8088,1,1,SF60653,2026-07-01 0:00
M,USD,MXN,1997-08-01,7.7658,1,1,SF60653,2026-07-01 0:00
M,USD,MXN,1997-08-02,7.8248,1,1,SF60653,2026-07-01 0:00
M,USD,MXN,1997-08-03,7.8248,1,1,SF60653,2026-07-01 0:00
M,USD,MXN,1997-08-04,7.8248,1,1,SF60653,2026-07-01 0:00
M,USD,MXN,1997-08-05,7.8244,1,1,SF60653,2026-07-01 0:00
M,USD,MXN,1997-08-06,7.831,1,1,SF60653,2026-07-01 0:00
M,USD,MXN,1997-08-07,7.8051,1,1,SF60653,2026-07-01 0:00
M,USD,MXN,1997-08-08,7.7806,1,1,SF60653,2026-07-01 0:00
M,USD,MXN,1997-08-09,7.7895,1,1,SF60653,2026-07-01 0:00
M,USD,MXN,1997-08-10,7.7895,1,1,SF60653,2026-07-01 0:00
M,USD,MXN,1997-08-11,7.7895,1,1,SF60653,2026-07-01 0:00
M,USD,MXN,1997-08-12,7.8263,1,1,SF60653,2026-07-01 0:00
M,USD,MXN,1997-08-13,7.8059,1,1,SF60653,2026-07-01 0:00
M,USD,MXN,1997-08-14,7.782,1,1,SF60653,2026-07-01 0:00
M,USD,MXN,1997-08-15,7.7828,1,1,SF60653,2026-07-01 0:00
M,USD,MXN,1997-08-16,7.766,1,1,SF60653,2026-07-01 0:00
M,USD,MXN,1997-08-17,7.766,1,1,SF60653,2026-07-01 0:00
M,USD,MXN,1997-08-18,7.766,1,1,SF60653,2026-07-01 0:00
M,USD,MXN,1997-08-19,7.7646,1,1,SF60653,2026-07-01 0:00
M,USD,MXN,1997-08-20,7.7757,1,1,SF60653,2026-07-01 0:00
M,USD,MXN,1997-08-21,7.7575,1,1,SF60653,2026-07-01 0:00
M,USD,MXN,1997-08-22,7.7615,1,1,SF60653,2026-07-01 0:00
M,USD,MXN,1997-08-23,7.7597,1,1,SF60653,2026-07-01 0:00
M,USD,MXN,1997-08-24,7.7597,1,1,SF60653,2026-07-01 0:00
M,USD,MXN,1997-08-25,7.7597,1,1,SF60653,2026-07-01 0:00
M,USD,MXN,1997-08-26,7.7905,1,1,SF60653,2026-07-01 0:00
M,USD,MXN,1997-08-27,7.7583,1,1,SF60653,2026-07-01 0:00
M,USD,MXN,1997-08-28,7.7637,1,1,SF60653,2026-07-01 0:00
M,USD,MXN,1997-08-29,7.7548,1,1,SF60653,2026-07-01 0:00
M,USD,MXN,1997-08-30,7.7746,1,1,SF60653,2026-07-01 0:00
M,USD,MXN,1997-08-31,7.7746,1,1,SF60653,2026-07-01 0:00
M,USD,MXN,1997-09-01,7.7746,1,1,SF60653,2026-07-01 0:00
M,USD,MXN,1997-09-02,7.7746,1,1,SF60653,2026-07-01 0:00
M,USD,MXN,1997-09-03,7.7853,1,1,SF60653,2026-07-01 0:00
M,USD,MXN,1997-09-04,7.777,1,1,SF60653,2026-07-01 0:00
M,USD,MXN,1997-09-05,7.7687,1,1,SF60653,2026-07-01 0:00
M,USD,MXN,1997-09-06,7.7882,1,1,SF60653,2026-07-01 0:00
M,USD,MXN,1997-09-07,7.7882,1,1,SF60653,2026-07-01 0:00
M,USD,MXN,1997-09-08,7.7882,1,1,SF60653,2026-07-01 0:00
M,USD,MXN,1997-09-09,7.807,1,1,SF60653,2026-07-01 0:00
M,USD,MXN,1997-09-10,7.784,1,1,SF60653,2026-07-01 0:00
M,USD,MXN,1997-09-11,7.7791,1,1,SF60653,2026-07-01 0:00
M,USD,MXN,1997-09-12,7.7769,1,1,SF60653,2026-07-01 0:00
M,USD,MXN,1997-09-13,7.7847,1,1,SF60653,2026-07-01 0:00
M,USD,MXN,1997-09-14,7.7847,1,1,SF60653,2026-07-01 0:00
M,USD,MXN,1997-09-15,7.7847,1,1,SF60653,2026-07-01 0:00
M,USD,MXN,1997-09-16,7.7794,1,1,SF60653,2026-07-01 0:00
M,USD,MXN,1997-09-17,7.7794,1,1,SF60653,2026-07-01 0:00
M,USD,MXN,1997-09-18,7.7677,1,1,SF60653,2026-07-01 0:00
M,USD,MXN,1997-09-19,7.7546,1,1,SF60653,2026-07-01 0:00
M,USD,MXN,1997-09-20,7.756,1,1,SF60653,2026-07-01 0:00
M,USD,MXN,1997-09-21,7.756,1,1,SF60653,2026-07-01 0:00
M,USD,MXN,1997-09-22,7.756,1,1,SF60653,2026-07-01 0:00
M,USD,MXN,1997-09-23,7.7558,1,1,SF60653,2026-07-01 0:00
M,USD,MXN,1997-09-24,7.7245,1,1,SF60653,2026-07-01 0:00
M,USD,MXN,1997-09-25,7.7681,1,1,SF60653,2026-07-01 0:00
M,USD,MXN,1997-09-26,7.8243,1,1,SF60653,2026-07-01 0:00
M,USD,MXN,1997-09-27,7.8072,1,1,SF60653,2026-07-01 0:00
M,USD,MXN,1997-09-28,7.8072,1,1,SF60653,2026-07-01 0:00
M,USD,MXN,1997-09-29,7.8072,1,1,SF60653,2026-07-01 0:00
M,USD,MXN,1997-09-30,7.8199,1,1,SF60653,2026-07-01 0:00
M,USD,MXN,1997-10-01,7.8158,1,1,SF60653,2026-07-01 0:00
M,USD,MXN,1997-10-02,7.7707,1,1,SF60653,2026-07-01 0:00
M,USD,MXN,1997-10-03,7.7536,1,1,SF60653,2026-07-01 0:00
M,USD,MXN,1997-10-04,7.753,1,1,SF60653,2026-07-01 0:00
M,USD,MXN,1997-10-05,7.753,1,1,SF60653,2026-07-01 0:00
M,USD,MXN,1997-10-06,7.753,1,1,SF60653,2026-07-01 0:00
M,USD,MXN,1997-10-07,7.7562,1,1,SF60653,2026-07-01 0:00
M,USD,MXN,1997-10-08,7.7601,1,1,SF60653,2026-07-01 0:00
M,USD,MXN,1997-10-09,7.7497,1,1,SF60653,2026-07-01 0:00
M,USD,MXN,1997-10-10,7.7603,1,1,SF60653,2026-07-01 0:00
M,USD,MXN,1997-10-11,7.77,1,1,SF60653,2026-07-01 0:00
M,USD,MXN,1997-10-12,7.77,1,1,SF60653,2026-07-01 0:00
M,USD,MXN,1997-10-13,7.77,1,1,SF60653,2026-07-01 0:00
M,USD,MXN,1997-10-14,7.7592,1,1,SF60653,2026-07-01 0:00
M,USD,MXN,1997-10-15,7.7483,1,1,SF60653,2026-07-01 0:00
M,USD,MXN,1997-10-16,7.7427,1,1,SF60653,2026-07-01 0:00
M,USD,MXN,1997-10-17,7.7403,1,1,SF60653,2026-07-01 0:00
M,USD,MXN,1997-10-18,7.7336,1,1,SF60653,2026-07-01 0:00
M,USD,MXN,1997-10-19,7.7336,1,1,SF60653,2026-07-01 0:00
M,USD,MXN,1997-10-20,7.7336,1,1,SF60653,2026-07-01 0:00
M,USD,MXN,1997-10-21,7.7484,1,1,SF60653,2026-07-01 0:00
M,USD,MXN,1997-10-22,7.727,1,1,SF60653,2026-07-01 0:00
M,USD,MXN,1997-10-23,7.7196,1,1,SF60653,2026-07-01 0:00
M,USD,MXN,1997-10-24,7.7229,1,1,SF60653,2026-07-01 0:00
M,USD,MXN,1997-10-25,7.763,1,1,SF60653,2026-07-01 0:00
M,USD,MXN,1997-10-26,7.763,1,1,SF60653,2026-07-01 0:00
M,USD,MXN,1997-10-27,7.763,1,1,SF60653,2026-07-01 0:00
M,USD,MXN,1997-10-28,7.8272,1,1,SF60653,2026-07-01 0:00
M,USD,MXN,1997-10-29,8.14,1,1,SF60653,2026-07-01 0:00
M,USD,MXN,1997-10-30,8.2967,1,1,SF60653,2026-07-01 0:00
M,USD,MXN,1997-10-31,8.1033,1,1,SF60653,2026-07-01 0:00
M,USD,MXN,1997-11-01,8.3433,1,1,SF60653,2026-07-01 0:00
M,USD,MXN,1997-11-02,8.3433,1,1,SF60653,2026-07-01 0:00
M,USD,MXN,1997-11-03,8.3433,1,1,SF60653,2026-07-01 0:00
M,USD,MXN,1997-11-04,8.3683,1,1,SF60653,2026-07-01 0:00
M,USD,MXN,1997-11-05,8.2367,1,1,SF60653,2026-07-01 0:00
M,USD,MXN,1997-11-06,8.2535,1,1,SF60653,2026-07-01 0:00
M,USD,MXN,1997-11-07,8.1659,1,1,SF60653,2026-07-01 0:00
M,USD,MXN,1997-11-08,8.365,1,1,SF60653,2026-07-01 0:00
M,USD,MXN,1997-11-09,8.365,1,1,SF60653,2026-07-01 0:00
M,USD,MXN,1997-11-10,8.365,1,1,SF60653,2026-07-01 0:00
M,USD,MXN,1997-11-11,8.3767,1,1,SF60653,2026-07-01 0:00
M,USD,MXN,1997-11-12,8.2627,1,1,SF60653,2026-07-01 0:00
M,USD,MXN,1997-11-13,8.31,1,1,SF60653,2026-07-01 0:00
M,USD,MXN,1997-11-14,8.3583,1,1,SF60653,2026-07-01 0:00
M,USD,MXN,1997-11-15,8.38,1,1,SF60653,2026-07-01 0:00
M,USD,MXN,1997-11-16,8.38,1,1,SF60653,2026-07-01 0:00
M,USD,MXN,1997-11-17,8.38,1,1,SF60653,2026-07-01 0:00
M,USD,MXN,1997-11-18,8.3275,1,1,SF60653,2026-07-01 0:00
M,USD,MXN,1997-11-19,8.2425,1,1,SF60653,2026-07-01 0:00
M,USD,MXN,1997-11-20,8.2642,1,1,SF60653,2026-07-01 0:00
M,USD,MXN,1997-11-21,8.2642,1,1,SF60653,2026-07-01 0:00
M,USD,MXN,1997-11-22,8.2883,1,1,SF60653,2026-07-01 0:00
M,USD,MXN,1997-11-23,8.2883,1,1,SF60653,2026-07-01 0:00
M,USD,MXN,1997-11-24,8.2883,1,1,SF60653,2026-07-01 0:00
M,USD,MXN,1997-11-25,8.1773,1,1,SF60653,2026-07-01 0:00
M,USD,MXN,1997-11-26,8.2352,1,1,SF60653,2026-07-01 0:00
M,USD,MXN,1997-11-27,8.2358,1,1,SF60653,2026-07-01 0:00
M,USD,MXN,1997-11-28,8.2,1,1,SF60653,2026-07-01 0:00
M,USD,MXN,1997-11-29,8.2165,1,1,SF60653,2026-07-01 0:00
M,USD,MXN,1997-11-30,8.2165,1,1,SF60653,2026-07-01 0:00
M,USD,MXN,1997-12-01,8.2165,1,1,SF60653,2026-07-01 0:00
M,USD,MXN,1997-12-02,8.2135,1,1,SF60653,2026-07-01 0:00
M,USD,MXN,1997-12-03,8.181,1,1,SF60653,2026-07-01 0:00
M,USD,MXN,1997-12-04,8.1538,1,1,SF60653,2026-07-01 0:00
M,USD,MXN,1997-12-05,8.1306,1,1,SF60653,2026-07-01 0:00
M,USD,MXN,1997-12-06,8.1057,1,1,SF60653,2026-07-01 0:00
M,USD,MXN,1997-12-07,8.1057,1,1,SF60653,2026-07-01 0:00
M,USD,MXN,1997-12-08,8.1057,1,1,SF60653,2026-07-01 0:00
M,USD,MXN,1997-12-09,8.144,1,1,SF60653,2026-07-01 0:00
M,USD,MXN,1997-12-10,8.1105,1,1,SF60653,2026-07-01 0:00
M,USD,MXN,1997-12-11,8.1148,1,1,SF60653,2026-07-01 0:00
M,USD,MXN,1997-12-12,8.1394,1,1,SF60653,2026-07-01 0:00
M,USD,MXN,1997-12-13,8.1394,1,1,SF60653,2026-07-01 0:00
M,USD,MXN,1997-12-14,8.1394,1,1,SF60653,2026-07-01 0:00
M,USD,MXN,1997-12-15,8.1394,1,1,SF60653,2026-07-01 0:00
M,USD,MXN,1997-12-16,8.1998,1,1,SF60653,2026-07-01 0:00
M,USD,MXN,1997-12-17,8.1376,1,1,SF60653,2026-07-01 0:00
M,USD,MXN,1997-12-18,8.0916,1,1,SF60653,2026-07-01 0:00
M,USD,MXN,1997-12-19,8.0787,1,1,SF60653,2026-07-01 0:00
M,USD,MXN,1997-12-20,8.074,1,1,SF60653,2026-07-01 0:00
M,USD,MXN,1997-12-21,8.074,1,1,SF60653,2026-07-01 0:00
M,USD,MXN,1997-12-22,8.074,1,1,SF60653,2026-07-01 0:00
M,USD,MXN,1997-12-23,8.1318,1,1,SF60653,2026-07-01 0:00
M,USD,MXN,1997-12-24,8.1156,1,1,SF60653,2026-07-01 0:00
M,USD,MXN,1997-12-25,8.1268,1,1,SF60653,2026-07-01 0:00
M,USD,MXN,1997-12-26,8.1268,1,1,SF60653,2026-07-01 0:00
M,USD,MXN,1997-12-27,8.1648,1,1,SF60653,2026-07-01 0:00
M,USD,MXN,1997-12-28,8.1648,1,1,SF60653,2026-07-01 0:00
M,USD,MXN,1997-12-29,8.1648,1,1,SF60653,2026-07-01 0:00
M,USD,MXN,1997-12-30,8.143,1,1,SF60653,2026-07-01 0:00
M,USD,MXN,1997-12-31,8.0833,1,1,SF60653,2026-07-01 0:00
M,USD,MXN,1998-01-01,8.064,1,1,SF60653,2026-07-01 0:00
M,USD,MXN,1998-01-02,8.064,1,1,SF60653,2026-07-01 0:00
M,USD,MXN,1998-01-03,8.0681,1,1,SF60653,2026-07-01 0:00
M,USD,MXN,1998-01-04,8.0681,1,1,SF60653,2026-07-01 0:00
M,USD,MXN,1998-01-05,8.0681,1,1,SF60653,2026-07-01 0:00
M,USD,MXN,1998-01-06,8.0585,1,1,SF60653,2026-07-01 0:00
M,USD,MXN,1998-01-07,8.0423,1,1,SF60653,2026-07-01 0:00
M,USD,MXN,1998-01-08,8.0422,1,1,SF60653,2026-07-01 0:00
M,USD,MXN,1998-01-09,8.0598,1,1,SF60653,2026-07-01 0:00
M,USD,MXN,1998-01-10,8.0775,1,1,SF60653,2026-07-01 0:00
M,USD,MXN,1998-01-11,8.0775,1,1,SF60653,2026-07-01 0:00
M,USD,MXN,1998-01-12,8.0775,1,1,SF60653,2026-07-01 0:00
M,USD,MXN,1998-01-13,8.0857,1,1,SF60653,2026-07-01 0:00
M,USD,MXN,1998-01-14,8.2775,1,1,SF60653,2026-07-01 0:00
M,USD,MXN,1998-01-15,8.1628,1,1,SF60653,2026-07-01 0:00
M,USD,MXN,1998-01-16,8.1662,1,1,SF60653,2026-07-01 0:00
M,USD,MXN,1998-01-17,8.2762,1,1,SF60653,2026-07-01 0:00
M,USD,MXN,1998-01-18,8.2762,1,1,SF60653,2026-07-01 0:00
M,USD,MXN,1998-01-19,8.2762,1,1,SF60653,2026-07-01 0:00
M,USD,MXN,1998-01-20,8.1978,1,1,SF60653,2026-07-01 0:00
M,USD,MXN,1998-01-21,8.1803,1,1,SF60653,2026-07-01 0:00
M,USD,MXN,1998-01-22,8.2145,1,1,SF60653,2026-07-01 0:00
M,USD,MXN,1998-01-23,8.2682,1,1,SF60653,2026-07-01 0:00
M,USD,MXN,1998-01-24,8.332,1,1,SF60653,2026-07-01 0:00
M,USD,MXN,1998-01-25,8.332,1,1,SF60653,2026-07-01 0:00
M,USD,MXN,1998-01-26,8.332,1,1,SF60653,2026-07-01 0:00
M,USD,MXN,1998-01-27,8.2939,1,1,SF60653,2026-07-01 0:00
M,USD,MXN,1998-01-28,8.281,1,1,SF60653,2026-07-01 0:00
M,USD,MXN,1998-01-29,8.2662,1,1,SF60653,2026-07-01 0:00
M,USD,MXN,1998-01-30,8.3603,1,1,SF60653,2026-07-01 0:00
M,USD,MXN,1998-01-31,8.464,1,1,SF60653,2026-07-01 0:00
M,USD,MXN,1998-02-01,8.464,1,1,SF60653,2026-07-01 0:00
M,USD,MXN,1998-02-02,8.464,1,1,SF60653,2026-07-01 0:00
M,USD,MXN,1998-02-03,8.4643,1,1,SF60653,2026-07-01 0:00
M,USD,MXN,1998-02-04,8.4367,1,1,SF60653,2026-07-01 0:00
M,USD,MXN,1998-02-05,8.4323,1,1,SF60653,2026-07-01 0:00
M,USD,MXN,1998-02-06,8.4323,1,1,SF60653,2026-07-01 0:00
M,USD,MXN,1998-02-07,8.4135,1,1,SF60653,2026-07-01 0:00
M,USD,MXN,1998-02-08,8.4135,1,1,SF60653,2026-07-01 0:00
M,USD,MXN,1998-02-09,8.4135,1,1,SF60653,2026-07-01 0:00
M,USD,MXN,1998-02-10,8.4222,1,1,SF60653,2026-07-01 0:00
M,USD,MXN,1998-02-11,8.4529,1,1,SF60653,2026-07-01 0:00
M,USD,MXN,1998-02-12,8.485,1,1,SF60653,2026-07-01 0:00
M,USD,MXN,1998-02-13,8.4522,1,1,SF60653,2026-07-01 0:00
M,USD,MXN,1998-02-14,8.4495,1,1,SF60653,2026-07-01 0:00
M,USD,MXN,1998-02-15,8.4495,1,1,SF60653,2026-07-01 0:00
M,USD,MXN,1998-02-16,8.4495,1,1,SF60653,2026-07-01 0:00
M,USD,MXN,1998-02-17,8.4652,1,1,SF60653,2026-07-01 0:00
M,USD,MXN,1998-02-18,8.4629,1,1,SF60653,2026-07-01 0:00
M,USD,MXN,1998-02-19,8.4578,1,1,SF60653,2026-07-01 0:00
M,USD,MXN,1998-02-20,8.5427,1,1,SF60653,2026-07-01 0:00
M,USD,MXN,1998-02-21,8.5449,1,1,SF60653,2026-07-01 0:00
M,USD,MXN,1998-02-22,8.5449,1,1,SF60653,2026-07-01 0:00
M,USD,MXN,1998-02-23,8.5449,1,1,SF60653,2026-07-01 0:00
M,USD,MXN,1998-02-24,8.5892,1,1,SF60653,2026-07-01 0:00
M,USD,MXN,1998-02-25,8.6379,1,1,SF60653,2026-07-01 0:00
M,USD,MXN,1998-02-26,8.614,1,1,SF60653,2026-07-01 0:00
M,USD,MXN,1998-02-27,8.5832,1,1,SF60653,2026-07-01 0:00
M,USD,MXN,1998-02-28,8.5583,1,1,SF60653,2026-07-01 0:00
M,USD,MXN,1998-03-01,8.5583,1,1,SF60653,2026-07-01 0:00
M,USD,MXN,1998-03-02,8.5583,1,1,SF60653,2026-07-01 0:00
M,USD,MXN,1998-03-03,8.5253,1,1,SF60653,2026-07-01 0:00
M,USD,MXN,1998-03-04,8.4957,1,1,SF60653,2026-07-01 0:00
M,USD,MXN,1998-03-05,8.5347,1,1,SF60653,2026-07-01 0:00
M,USD,MXN,1998-03-06,8.5825,1,1,SF60653,2026-07-01 0:00
M,USD,MXN,1998-03-07,8.6202,1,1,SF60653,2026-07-01 0:00
M,USD,MXN,1998-03-08,8.6202,1,1,SF60653,2026-07-01 0:00
M,USD,MXN,1998-03-09,8.6202,1,1,SF60653,2026-07-01 0:00
M,USD,MXN,1998-03-10,8.5978,1,1,SF60653,2026-07-01 0:00
M,USD,MXN,1998-03-11,8.6273,1,1,SF60653,2026-07-01 0:00
M,USD,MXN,1998-03-12,8.6273,1,1,SF60653,2026-07-01 0:00
M,USD,MXN,1998-03-13,8.669,1,1,SF60653,2026-07-01 0:00
M,USD,MXN,1998-03-14,8.5673,1,1,SF60653,2026-07-01 0:00
M,USD,MXN,1998-03-15,8.5673,1,1,SF60653,2026-07-01 0:00
M,USD,MXN,1998-03-16,8.5673,1,1,SF60653,2026-07-01 0:00
M,USD,MXN,1998-03-17,8.5595,1,1,SF60653,2026-07-01 0:00
M,USD,MXN,1998-03-18,8.5927,1,1,SF60653,2026-07-01 0:00
M,USD,MXN,1998-03-19,8.6048,1,1,SF60653,2026-07-01 0:00
M,USD,MXN,1998-03-20,8.5641,1,1,SF60653,2026-07-01 0:00
M,USD,MXN,1998-03-21,8.5638,1,1,SF60653,2026-07-01 0:00
M,USD,MXN,1998-03-22,8.5638,1,1,SF60653,2026-07-01 0:00
M,USD,MXN,1998-03-23,8.5638,1,1,SF60653,2026-07-01 0:00
M,USD,MXN,1998-03-24,8.5784,1,1,SF60653,2026-07-01 0:00
M,USD,MXN,1998-03-25,8.5368,1,1,SF60653,2026-07-01 0:00
M,USD,MXN,1998-03-26,8.541,1,1,SF60653,2026-07-01 0:00
M,USD,MXN,1998-03-27,8.5282,1,1,SF60653,2026-07-01 0:00
M,USD,MXN,1998-03-28,8.5252,1,1,SF60653,2026-07-01 0:00
M,USD,MXN,1998-03-29,8.5252,1,1,SF60653,2026-07-01 0:00
M,USD,MXN,1998-03-30,8.5252,1,1,SF60653,2026-07-01 0:00
M,USD,MXN,1998-03-31,8.5165,1,1,SF60653,2026-07-01 0:00
M,USD,MXN,1998-04-01,8.5353,1,1,SF60653,2026-07-01 0:00
M,USD,MXN,1998-04-02,8.5192,1,1,SF60653,2026-07-01 0:00
M,USD,MXN,1998-04-03,8.5096,1,1,SF60653,2026-07-01 0:00
M,USD,MXN,1998-04-04,8.5214,1,1,SF60653,2026-07-01 0:00
M,USD,MXN,1998-04-05,8.5214,1,1,SF60653,2026-07-01 0:00
M,USD,MXN,1998-04-06,8.5214,1,1,SF60653,2026-07-01 0:00
M,USD,MXN,1998-04-07,8.541,1,1,SF60653,2026-07-01 0:00
M,USD,MXN,1998-04-08,8.52,1,1,SF60653,2026-07-01 0:00
M,USD,MXN,1998-04-09,8.5274,1,1,SF60653,2026-07-01 0:00
M,USD,MXN,1998-04-10,8.5274,1,1,SF60653,2026-07-01 0:00
M,USD,MXN,1998-04-11,8.5274,1,1,SF60653,2026-07-01 0:00
M,USD,MXN,1998-04-12,8.5274,1,1,SF60653,2026-07-01 0:00
M,USD,MXN,1998-04-13,8.5274,1,1,SF60653,2026-07-01 0:00
M,USD,MXN,1998-04-14,8.5106,1,1,SF60653,2026-07-01 0:00
M,USD,MXN,1998-04-15,8.513,1,1,SF60653,2026-07-01 0:00
M,USD,MXN,1998-04-16,8.4928,1,1,SF60653,2026-07-01 0:00
M,USD,MXN,1998-04-17,8.4716,1,1,SF60653,2026-07-01 0:00
M,USD,MXN,1998-04-18,8.5009,1,1,SF60653,2026-07-01 0:00
M,USD,MXN,1998-04-19,8.5009,1,1,SF60653,2026-07-01 0:00
M,USD,MXN,1998-04-20,8.5009,1,1,SF60653,2026-07-01 0:00
M,USD,MXN,1998-04-21,8.4945,1,1,SF60653,2026-07-01 0:00
M,USD,MXN,1998-04-22,8.4728,1,1,SF60653,2026-07-01 0:00
M,USD,MXN,1998-04-23,8.455,1,1,SF60653,2026-07-01 0:00
M,USD,MXN,1998-04-24,8.4616,1,1,SF60653,2026-07-01 0:00
M,USD,MXN,1998-04-25,8.4703,1,1,SF60653,2026-07-01 0:00
M,USD,MXN,1998-04-26,8.4703,1,1,SF60653,2026-07-01 0:00
M,USD,MXN,1998-04-27,8.4703,1,1,SF60653,2026-07-01 0:00
M,USD,MXN,1998-04-28,8.4747,1,1,SF60653,2026-07-01 0:00
M,USD,MXN,1998-04-29,8.519,1,1,SF60653,2026-07-01 0:00
M,USD,MXN,1998-04-30,8.4818,1,1,SF60653,2026-07-01 0:00
M,USD,MXN,1998-05-01,8.5029,1,1,SF60653,2026-07-01 0:00
M,USD,MXN,1998-05-02,8.5029,1,1,SF60653,2026-07-01 0:00
M,USD,MXN,1998-05-03,8.5029,1,1,SF60653,2026-07-01 0:00
M,USD,MXN,1998-05-04,8.5029,1,1,SF60653,2026-07-01 0:00
M,USD,MXN,1998-05-05,8.4898,1,1,SF60653,2026-07-01 0:00
M,USD,MXN,1998-05-06,8.4898,1,1,SF60653,2026-07-01 0:00
M,USD,MXN,1998-05-07,8.477,1,1,SF60653,2026-07-01 0:00
M,USD,MXN,1998-05-08,8.4793,1,1,SF60653,2026-07-01 0:00
M,USD,MXN,1998-05-09,8.5007,1,1,SF60653,2026-07-01 0:00
M,USD,MXN,1998-05-10,8.5007,1,1,SF60653,2026-07-01 0:00
M,USD,MXN,1998-05-11,8.5007,1,1,SF60653,2026-07-01 0:00
M,USD,MXN,1998-05-12,8.4834,1,1,SF60653,2026-07-01 0:00
M,USD,MXN,1998-05-13,8.4673,1,1,SF60653,2026-07-01 0:00
M,USD,MXN,1998-05-14,8.4965,1,1,SF60653,2026-07-01 0:00
M,USD,MXN,1998-05-15,8.5198,1,1,SF60653,2026-07-01 0:00
M,USD,MXN,1998-05-16,8.5069,1,1,SF60653,2026-07-01 0:00
M,USD,MXN,1998-05-17,8.5069,1,1,SF60653,2026-07-01 0:00
M,USD,MXN,1998-05-18,8.5069,1,1,SF60653,2026-07-01 0:00
M,USD,MXN,1998-05-19,8.5147,1,1,SF60653,2026-07-01 0:00
M,USD,MXN,1998-05-20,8.5303,1,1,SF60653,2026-07-01 0:00
M,USD,MXN,1998-05-21,8.5849,1,1,SF60653,2026-07-01 0:00
M,USD,MXN,1998-05-22,8.6212,1,1,SF60653,2026-07-01 0:00
M,USD,MXN,1998-05-23,8.6223,1,1,SF60653,2026-07-01 0:00
M,USD,MXN,1998-05-24,8.6223,1,1,SF60653,2026-07-01 0:00
M,USD,MXN,1998-05-25,8.6223,1,1,SF60653,2026-07-01 0:00
M,USD,MXN,1998-05-26,8.6402,1,1,SF60653,2026-07-01 0:00
M,USD,MXN,1998-05-27,8.6378,1,1,SF60653,2026-07-01 0:00
M,USD,MXN,1998-05-28,8.7081,1,1,SF60653,2026-07-01 0:00
M,USD,MXN,1998-05-29,8.8802,1,1,SF60653,2026-07-01 0:00
M,USD,MXN,1998-05-30,8.7873,1,1,SF60653,2026-07-01 0:00
M,USD,MXN,1998-05-31,8.7873,1,1,SF60653,2026-07-01 0:00
M,USD,MXN,1998-06-01,8.7873,1,1,SF60653,2026-07-01 0:00
M,USD,MXN,1998-06-02,8.8164,1,1,SF60653,2026-07-01 0:00
M,USD,MXN,1998-06-03,8.8983,1,1,SF60653,2026-07-01 0:00
M,USD,MXN,1998-06-04,8.8818,1,1,SF60653,2026-07-01 0:00
M,USD,MXN,1998-06-05,8.7958,1,1,SF60653,2026-07-01 0:00
M,USD,MXN,1998-06-06,8.7803,1,1,SF60653,2026-07-01 0:00
M,USD,MXN,1998-06-07,8.7803,1,1,SF60653,2026-07-01 0:00
M,USD,MXN,1998-06-08,8.7803,1,1,SF60653,2026-07-01 0:00
M,USD,MXN,1998-06-09,8.7619,1,1,SF60653,2026-07-01 0:00
M,USD,MXN,1998-06-10,8.8252,1,1,SF60653,2026-07-01 0:00
M,USD,MXN,1998-06-11,8.836,1,1,SF60653,2026-07-01 0:00
M,USD,MXN,1998-06-12,8.8808,1,1,SF60653,2026-07-01 0:00
M,USD,MXN,1998-06-13,8.9609,1,1,SF60653,2026-07-01 0:00
M,USD,MXN,1998-06-14,8.9609,1,1,SF60653,2026-07-01 0:00
M,USD,MXN,1998-06-15,8.9609,1,1,SF60653,2026-07-01 0:00
M,USD,MXN,1998-06-16,9.0463,1,1,SF60653,2026-07-01 0:00
M,USD,MXN,1998-06-17,9.0375,1,1,SF60653,2026-07-01 0:00
M,USD,MXN,1998-06-18,8.9815,1,1,SF60653,2026-07-01 0:00
M,USD,MXN,1998-06-19,8.8803,1,1,SF60653,2026-07-01 0:00
M,USD,MXN,1998-06-20,8.8967,1,1,SF60653,2026-07-01 0:00
M,USD,MXN,1998-06-21,8.8967,1,1,SF60653,2026-07-01 0:00
M,USD,MXN,1998-06-22,8.8967,1,1,SF60653,2026-07-01 0:00
M,USD,MXN,1998-06-23,8.8929,1,1,SF60653,2026-07-01 0:00
M,USD,MXN,1998-06-24,8.9123,1,1,SF60653,2026-07-01 0:00
M,USD,MXN,1998-06-25,8.8927,1,1,SF60653,2026-07-01 0:00
M,USD,MXN,1998-06-26,8.9252,1,1,SF60653,2026-07-01 0:00
M,USD,MXN,1998-06-27,8.9537,1,1,SF60653,2026-07-01 0:00
M,USD,MXN,1998-06-28,8.9537,1,1,SF60653,2026-07-01 0:00
M,USD,MXN,1998-06-29,8.9537,1,1,SF60653,2026-07-01 0:00
M,USD,MXN,1998-06-30,9.0407,1,1,SF60653,2026-07-01 0:00
M,USD,MXN,1998-07-01,9.0228,1,1,SF60653,2026-07-01 0:00
M,USD,MXN,1998-07-02,8.9852,1,1,SF60653,2026-07-01 0:00
M,USD,MXN,1998-07-03,8.9375,1,1,SF60653,2026-07-01 0:00
M,USD,MXN,1998-07-04,8.9863,1,1,SF60653,2026-07-01 0:00
M,USD,MXN,1998-07-05,8.9863,1,1,SF60653,2026-07-01 0:00
M,USD,MXN,1998-07-06,8.9863,1,1,SF60653,2026-07-01 0:00
M,USD,MXN,1998-07-07,8.9497,1,1,SF60653,2026-07-01 0:00
M,USD,MXN,1998-07-08,8.9694,1,1,SF60653,2026-07-01 0:00
M,USD,MXN,1998-07-09,8.9558,1,1,SF60653,2026-07-01 0:00
M,USD,MXN,1998-07-10,8.9242,1,1,SF60653,2026-07-01 0:00
M,USD,MXN,1998-07-11,8.9432,1,1,SF60653,2026-07-01 0:00
M,USD,MXN,1998-07-12,8.9432,1,1,SF60653,2026-07-01 0:00
M,USD,MXN,1998-07-13,8.9432,1,1,SF60653,2026-07-01 0:00
M,USD,MXN,1998-07-14,8.9535,1,1,SF60653,2026-07-01 0:00
M,USD,MXN,1998-07-15,8.9025,1,1,SF60653,2026-07-01 0:00
M,USD,MXN,1998-07-16,8.8548,1,1,SF60653,2026-07-01 0:00
M,USD,MXN,1998-07-17,8.8535,1,1,SF60653,2026-07-01 0:00
M,USD,MXN,1998-07-18,8.8393,1,1,SF60653,2026-07-01 0:00
M,USD,MXN,1998-07-19,8.8393,1,1,SF60653,2026-07-01 0:00
M,USD,MXN,1998-07-20,8.8393,1,1,SF60653,2026-07-01 0:00
M,USD,MXN,1998-07-21,8.8218,1,1,SF60653,2026-07-01 0:00
M,USD,MXN,1998-07-22,8.7896,1,1,SF60653,2026-07-01 0:00
M,USD,MXN,1998-07-23,8.8033,1,1,SF60653,2026-07-01 0:00
M,USD,MXN,1998-07-24,8.8721,1,1,SF60653,2026-07-01 0:00
M,USD,MXN,1998-07-25,8.8647,1,1,SF60653,2026-07-01 0:00
M,USD,MXN,1998-07-26,8.8647,1,1,SF60653,2026-07-01 0:00
M,USD,MXN,1998-07-27,8.8647,1,1,SF60653,2026-07-01 0:00
M,USD,MXN,1998-07-28,8.867,1,1,SF60653,2026-07-01 0:00
M,USD,MXN,1998-07-29,8.893,1,1,SF60653,2026-07-01 0:00
M,USD,MXN,1998-07-30,8.8861,1,1,SF60653,2026-07-01 0:00
M,USD,MXN,1998-07-31,8.9178,1,1,SF60653,2026-07-01 0:00
M,USD,MXN,1998-08-01,8.9008,1,1,SF60653,2026-07-01 0:00
M,USD,MXN,1998-08-02,8.9008,1,1,SF60653,2026-07-01 0:00
M,USD,MXN,1998-08-03,8.9008,1,1,SF60653,2026-07-01 0:00
M,USD,MXN,1998-08-04,8.9215,1,1,SF60653,2026-07-01 0:00
M,USD,MXN,1998-08-05,8.9545,1,1,SF60653,2026-07-01 0:00
M,USD,MXN,1998-08-06,8.9648,1,1,SF60653,2026-07-01 0:00
M,USD,MXN,1998-08-07,9.0062,1,1,SF60653,2026-07-01 0:00
M,USD,MXN,1998-08-08,9.0255,1,1,SF60653,2026-07-01 0:00
M,USD,MXN,1998-08-09,9.0255,1,1,SF60653,2026-07-01 0:00
M,USD,MXN,1998-08-10,9.0255,1,1,SF60653,2026-07-01 0:00
M,USD,MXN,1998-08-11,9.0187,1,1,SF60653,2026-07-01 0:00
M,USD,MXN,1998-08-12,9.1253,1,1,SF60653,2026-07-01 0:00
M,USD,MXN,1998-08-13,9.2016,1,1,SF60653,2026-07-01 0:00
M,USD,MXN,1998-08-14,9.1762,1,1,SF60653,2026-07-01 0:00
M,USD,MXN,1998-08-15,9.2325,1,1,SF60653,2026-07-01 0:00
M,USD,MXN,1998-08-16,9.2325,1,1,SF60653,2026-07-01 0:00
M,USD,MXN,1998-08-17,9.2325,1,1,SF60653,2026-07-01 0:00
M,USD,MXN,1998-08-18,9.1812,1,1,SF60653,2026-07-01 0:00
M,USD,MXN,1998-08-19,9.3018,1,1,SF60653,2026-07-01 0:00
M,USD,MXN,1998-08-20,9.2302,1,1,SF60653,2026-07-01 0:00
M,USD,MXN,1998-08-21,9.1873,1,1,SF60653,2026-07-01 0:00
M,USD,MXN,1998-08-22,9.3134,1,1,SF60653,2026-07-01 0:00
M,USD,MXN,1998-08-23,9.3134,1,1,SF60653,2026-07-01 0:00
M,USD,MXN,1998-08-24,9.3134,1,1,SF60653,2026-07-01 0:00
M,USD,MXN,1998-08-25,9.69,1,1,SF60653,2026-07-01 0:00
M,USD,MXN,1998-08-26,9.6458,1,1,SF60653,2026-07-01 0:00
M,USD,MXN,1998-08-27,9.6001,1,1,SF60653,2026-07-01 0:00
M,USD,MXN,1998-08-28,9.815,1,1,SF60653,2026-07-01 0:00
M,USD,MXN,1998-08-29,9.96,1,1,SF60653,2026-07-01 0:00
M,USD,MXN,1998-08-30,9.96,1,1,SF60653,2026-07-01 0:00
M,USD,MXN,1998-08-31,9.96,1,1,SF60653,2026-07-01 0:00
M,USD,MXN,1998-09-01,10.0275,1,1,SF60653,2026-07-01 0:00
M,USD,MXN,1998-09-02,10.0275,1,1,SF60653,2026-07-01 0:00
M,USD,MXN,1998-09-03,9.9717,1,1,SF60653,2026-07-01 0:00
M,USD,MXN,1998-09-04,9.9458,1,1,SF60653,2026-07-01 0:00
M,USD,MXN,1998-09-05,10.1072,1,1,SF60653,2026-07-01 0:00
M,USD,MXN,1998-09-06,10.1072,1,1,SF60653,2026-07-01 0:00
M,USD,MXN,1998-09-07,10.1072,1,1,SF60653,2026-07-01 0:00
M,USD,MXN,1998-09-08,10.1618,1,1,SF60653,2026-07-01 0:00
M,USD,MXN,1998-09-09,10.1967,1,1,SF60653,2026-07-01 0:00
M,USD,MXN,1998-09-10,10.2742,1,1,SF60653,2026-07-01 0:00
M,USD,MXN,1998-09-11,10.3499,1,1,SF60653,2026-07-01 0:00
M,USD,MXN,1998-09-12,10.5325,1,1,SF60653,2026-07-01 0:00
M,USD,MXN,1998-09-13,10.5325,1,1,SF60653,2026-07-01 0:00
M,USD,MXN,1998-09-14,10.5325,1,1,SF60653,2026-07-01 0:00
M,USD,MXN,1998-09-15,10.5792,1,1,SF60653,2026-07-01 0:00
M,USD,MXN,1998-09-16,10.5233,1,1,SF60653,2026-07-01 0:00
M,USD,MXN,1998-09-17,10.5233,1,1,SF60653,2026-07-01 0:00
M,USD,MXN,1998-09-18,10.2058,1,1,SF60653,2026-07-01 0:00
M,USD,MXN,1998-09-19,10.3158,1,1,SF60653,2026-07-01 0:00
M,USD,MXN,1998-09-20,10.3158,1,1,SF60653,2026-07-01 0:00
M,USD,MXN,1998-09-21,10.3158,1,1,SF60653,2026-07-01 0:00
M,USD,MXN,1998-09-22,10.1383,1,1,SF60653,2026-07-01 0:00
M,USD,MXN,1998-09-23,10.305,1,1,SF60653,2026-07-01 0:00
M,USD,MXN,1998-09-24,10.0962,1,1,SF60653,2026-07-01 0:00
M,USD,MXN,1998-09-25,10.1159,1,1,SF60653,2026-07-01 0:00
M,USD,MXN,1998-09-26,10.1117,1,1,SF60653,2026-07-01 0:00
M,USD,MXN,1998-09-27,10.1117,1,1,SF60653,2026-07-01 0:00
M,USD,MXN,1998-09-28,10.1117,1,1,SF60653,2026-07-01 0:00
M,USD,MXN,1998-09-29,10.2438,1,1,SF60653,2026-07-01 0:00
M,USD,MXN,1998-09-30,10.1062,1,1,SF60653,2026-07-01 0:00
M,USD,MXN,1998-10-01,10.1119,1,1,SF60653,2026-07-01 0:00
M,USD,MXN,1998-10-02,10.1933,1,1,SF60653,2026-07-01 0:00
M,USD,MXN,1998-10-03,10.3137,1,1,SF60653,2026-07-01 0:00
M,USD,MXN,1998-10-04,10.3137,1,1,SF60653,2026-07-01 0:00
M,USD,MXN,1998-10-05,10.3137,1,1,SF60653,2026-07-01 0:00
M,USD,MXN,1998-10-06,10.3137,1,1,SF60653,2026-07-01 0:00
M,USD,MXN,1998-10-07,10.218,1,1,SF60653,2026-07-01 0:00
M,USD,MXN,1998-10-08,10.1729,1,1,SF60653,2026-07-01 0:00
M,USD,MXN,1998-10-09,10.1835,1,1,SF60653,2026-07-01 0:00
M,USD,MXN,1998-10-10,10.3549,1,1,SF60653,2026-07-01 0:00
M,USD,MXN,1998-10-11,10.3549,1,1,SF60653,2026-07-01 0:00
M,USD,MXN,1998-10-12,10.3549,1,1,SF60653,2026-07-01 0:00
M,USD,MXN,1998-10-13,10.2157,1,1,SF60653,2026-07-01 0:00
M,USD,MXN,1998-10-14,10.1555,1,1,SF60653,2026-07-01 0:00
M,USD,MXN,1998-10-15,10.1863,1,1,SF60653,2026-07-01 0:00
M,USD,MXN,1998-10-16,10.18,1,1,SF60653,2026-07-01 0:00
M,USD,MXN,1998-10-17,10.1312,1,1,SF60653,2026-07-01 0:00
M,USD,MXN,1998-10-18,10.1312,1,1,SF60653,2026-07-01 0:00
M,USD,MXN,1998-10-19,10.1312,1,1,SF60653,2026-07-01 0:00
M,USD,MXN,1998-10-20,10.0933,1,1,SF60653,2026-07-01 0:00
M,USD,MXN,1998-10-21,10.0863,1,1,SF60653,2026-07-01 0:00
M,USD,MXN,1998-10-22,10.042,1,1,SF60653,2026-07-01 0:00
M,USD,MXN,1998-10-23,10.0338,1,1,SF60653,2026-07-01 0:00
M,USD,MXN,1998-10-24,9.993,1,1,SF60653,2026-07-01 0:00
M,USD,MXN,1998-10-25,9.993,1,1,SF60653,2026-07-01 0:00
M,USD,MXN,1998-10-26,9.993,1,1,SF60653,2026-07-01 0:00
M,USD,MXN,1998-10-27,10.0353,1,1,SF60653,2026-07-01 0:00
M,USD,MXN,1998-10-28,10.0293,1,1,SF60653,2026-07-01 0:00
M,USD,MXN,1998-10-29,10.149,1,1,SF60653,2026-07-01 0:00
M,USD,MXN,1998-10-30,10.1575,1,1,SF60653,2026-07-01 0:00
M,USD,MXN,1998-10-31,10.2198,1,1,SF60653,2026-07-01 0:00
M,USD,MXN,1998-11-01,10.2198,1,1,SF60653,2026-07-01 0:00
M,USD,MXN,1998-11-02,10.2198,1,1,SF60653,2026-07-01 0:00
M,USD,MXN,1998-11-03,10.2198,1,1,SF60653,2026-07-01 0:00
M,USD,MXN,1998-11-04,10.1137,1,1,SF60653,2026-07-01 0:00
M,USD,MXN,1998-11-05,10.0312,1,1,SF60653,2026-07-01 0:00
M,USD,MXN,1998-11-06,9.9365,1,1,SF60653,2026-07-01 0:00
M,USD,MXN,1998-11-07,9.9886,1,1,SF60653,2026-07-01 0:00
M,USD,MXN,1998-11-08,9.9886,1,1,SF60653,2026-07-01 0:00
M,USD,MXN,1998-11-09,9.9886,1,1,SF60653,2026-07-01 0:00
M,USD,MXN,1998-11-10,9.9717,1,1,SF60653,2026-07-01 0:00
M,USD,MXN,1998-11-11,10.0015,1,1,SF60653,2026-07-01 0:00
M,USD,MXN,1998-11-12,10.0256,1,1,SF60653,2026-07-01 0:00
M,USD,MXN,1998-11-13,10.006,1,1,SF60653,2026-07-01 0:00
M,USD,MXN,1998-11-14,10.0563,1,1,SF60653,2026-07-01 0:00
M,USD,MXN,1998-11-15,10.0563,1,1,SF60653,2026-07-01 0:00
M,USD,MXN,1998-11-16,10.0563,1,1,SF60653,2026-07-01 0:00
M,USD,MXN,1998-11-17,9.9965,1,1,SF60653,2026-07-01 0:00
M,USD,MXN,1998-11-18,9.9765,1,1,SF60653,2026-07-01 0:00
M,USD,MXN,1998-11-19,9.944,1,1,SF60653,2026-07-01 0:00
M,USD,MXN,1998-11-20,9.9305,1,1,SF60653,2026-07-01 0:00
M,USD,MXN,1998-11-21,9.9305,1,1,SF60653,2026-07-01 0:00
M,USD,MXN,1998-11-22,9.9305,1,1,SF60653,2026-07-01 0:00
M,USD,MXN,1998-11-23,9.9305,1,1,SF60653,2026-07-01 0:00
M,USD,MXN,1998-11-24,9.9203,1,1,SF60653,2026-07-01 0:00
M,USD,MXN,1998-11-25,9.8772,1,1,SF60653,2026-07-01 0:00
M,USD,MXN,1998-11-26,9.9145,1,1,SF60653,2026-07-01 0:00
M,USD,MXN,1998-11-27,9.9107,1,1,SF60653,2026-07-01 0:00
M,USD,MXN,1998-11-28,9.9404,1,1,SF60653,2026-07-01 0:00
M,USD,MXN,1998-11-29,9.9404,1,1,SF60653,2026-07-01 0:00
M,USD,MXN,1998-11-30,9.9404,1,1,SF60653,2026-07-01 0:00
M,USD,MXN,1998-12-01,9.9676,1,1,SF60653,2026-07-01 0:00
M,USD,MXN,1998-12-02,9.9995,1,1,SF60653,2026-07-01 0:00
M,USD,MXN,1998-12-03,10.0318,1,1,SF60653,2026-07-01 0:00
M,USD,MXN,1998-12-04,9.9682,1,1,SF60653,2026-07-01 0:00
M,USD,MXN,1998-12-05,9.9876,1,1,SF60653,2026-07-01 0:00
M,USD,MXN,1998-12-06,9.9876,1,1,SF60653,2026-07-01 0:00
M,USD,MXN,1998-12-07,9.9876,1,1,SF60653,2026-07-01 0:00
M,USD,MXN,1998-12-08,9.9897,1,1,SF60653,2026-07-01 0:00
M,USD,MXN,1998-12-09,9.9993,1,1,SF60653,2026-07-01 0:00
M,USD,MXN,1998-12-10,9.9423,1,1,SF60653,2026-07-01 0:00
M,USD,MXN,1998-12-11,9.9517,1,1,SF60653,2026-07-01 0:00
M,USD,MXN,1998-12-12,9.95,1,1,SF60653,2026-07-01 0:00
M,USD,MXN,1998-12-13,9.95,1,1,SF60653,2026-07-01 0:00
M,USD,MXN,1998-12-14,9.95,1,1,SF60653,2026-07-01 0:00
M,USD,MXN,1998-12-15,9.9482,1,1,SF60653,2026-07-01 0:00
M,USD,MXN,1998-12-16,9.9491,1,1,SF60653,2026-07-01 0:00
M,USD,MXN,1998-12-17,9.9498,1,1,SF60653,2026-07-01 0:00
M,USD,MXN,1998-12-18,9.8828,1,1,SF60653,2026-07-01 0:00
M,USD,MXN,1998-12-19,9.7863,1,1,SF60653,2026-07-01 0:00
M,USD,MXN,1998-12-20,9.7863,1,1,SF60653,2026-07-01 0:00
M,USD,MXN,1998-12-21,9.7863,1,1,SF60653,2026-07-01 0:00
M,USD,MXN,1998-12-22,9.7972,1,1,SF60653,2026-07-01 0:00
M,USD,MXN,1998-12-23,9.7568,1,1,SF60653,2026-07-01 0:00
M,USD,MXN,1998-12-24,9.8028,1,1,SF60653,2026-07-01 0:00
M,USD,MXN,1998-12-25,9.8104,1,1,SF60653,2026-07-01 0:00
M,USD,MXN,1998-12-26,9.8104,1,1,SF60653,2026-07-01 0:00
M,USD,MXN,1998-12-27,9.8104,1,1,SF60653,2026-07-01 0:00
M,USD,MXN,1998-12-28,9.8104,1,1,SF60653,2026-07-01 0:00
M,USD,MXN,1998-12-29,9.8822,1,1,SF60653,2026-07-01 0:00
M,USD,MXN,1998-12-30,9.8382,1,1,SF60653,2026-07-01 0:00
M,USD,MXN,1998-12-31,9.865,1,1,SF60653,2026-07-01 0:00
M,USD,MXN,1999-01-01,9.9395,1,1,SF60653,2026-07-01 0:00
M,USD,MXN,1999-01-02,9.9395,1,1,SF60653,2026-07-01 0:00
M,USD,MXN,1999-01-03,9.9395,1,1,SF60653,2026-07-01 0:00
M,USD,MXN,1999-01-04,9.9395,1,1,SF60653,2026-07-01 0:00
M,USD,MXN,1999-01-05,9.8963,1,1,SF60653,2026-07-01 0:00
M,USD,MXN,1999-01-06,9.8376,1,1,SF60653,2026-07-01 0:00
M,USD,MXN,1999-01-07,9.7921,1,1,SF60653,2026-07-01 0:00
M,USD,MXN,1999-01-08,9.7755,1,1,SF60653,2026-07-01 0:00
M,USD,MXN,1999-01-09,9.8527,1,1,SF60653,2026-07-01 0:00
M,USD,MXN,1999-01-10,9.8527,1,1,SF60653,2026-07-01 0:00
M,USD,MXN,1999-01-11,9.8527,1,1,SF60653,2026-07-01 0:00
M,USD,MXN,1999-01-12,9.8091,1,1,SF60653,2026-07-01 0:00
M,USD,MXN,1999-01-13,9.9394,1,1,SF60653,2026-07-01 0:00
M,USD,MXN,1999-01-14,10.0848,1,1,SF60653,2026-07-01 0:00
M,USD,MXN,1999-01-15,10.6,1,1,SF60653,2026-07-01 0:00
M,USD,MXN,1999-01-16,10.5383,1,1,SF60653,2026-07-01 0:00
M,USD,MXN,1999-01-17,10.5383,1,1,SF60653,2026-07-01 0:00
M,USD,MXN,1999-01-18,10.5383,1,1,SF60653,2026-07-01 0:00
M,USD,MXN,1999-01-19,10.3485,1,1,SF60653,2026-07-01 0:00
M,USD,MXN,1999-01-20,10.2258,1,1,SF60653,2026-07-01 0:00
M,USD,MXN,1999-01-21,10.2783,1,1,SF60653,2026-07-01 0:00
M,USD,MXN,1999-01-22,10.178,1,1,SF60653,2026-07-01 0:00
M,USD,MXN,1999-01-23,10.2874,1,1,SF60653,2026-07-01 0:00
M,USD,MXN,1999-01-24,10.2874,1,1,SF60653,2026-07-01 0:00
M,USD,MXN,1999-01-25,10.2874,1,1,SF60653,2026-07-01 0:00
M,USD,MXN,1999-01-26,10.2017,1,1,SF60653,2026-07-01 0:00
M,USD,MXN,1999-01-27,10.2242,1,1,SF60653,2026-07-01 0:00
M,USD,MXN,1999-01-28,10.2252,1,1,SF60653,2026-07-01 0:00
M,USD,MXN,1999-01-29,10.1745,1,1,SF60653,2026-07-01 0:00
M,USD,MXN,1999-01-30,10.1752,1,1,SF60653,2026-07-01 0:00
M,USD,MXN,1999-01-31,10.1752,1,1,SF60653,2026-07-01 0:00
M,USD,MXN,1999-02-01,10.1752,1,1,SF60653,2026-07-01 0:00
M,USD,MXN,1999-02-02,10.1543,1,1,SF60653,2026-07-01 0:00
M,USD,MXN,1999-02-03,10.0986,1,1,SF60653,2026-07-01 0:00
M,USD,MXN,1999-02-04,10.0823,1,1,SF60653,2026-07-01 0:00
M,USD,MXN,1999-02-05,10.1138,1,1,SF60653,2026-07-01 0:00
M,USD,MXN,1999-02-06,10.1138,1,1,SF60653,2026-07-01 0:00
M,USD,MXN,1999-02-07,10.1138,1,1,SF60653,2026-07-01 0:00
M,USD,MXN,1999-02-08,10.1138,1,1,SF60653,2026-07-01 0:00
M,USD,MXN,1999-02-09,10.1217,1,1,SF60653,2026-07-01 0:00
M,USD,MXN,1999-02-10,10.0821,1,1,SF60653,2026-07-01 0:00
M,USD,MXN,1999-02-11,10.0764,1,1,SF60653,2026-07-01 0:00
M,USD,MXN,1999-02-12,10.0606,1,1,SF60653,2026-07-01 0:00
M,USD,MXN,1999-02-13,9.9793,1,1,SF60653,2026-07-01 0:00
M,USD,MXN,1999-02-14,9.9793,1,1,SF60653,2026-07-01 0:00
M,USD,MXN,1999-02-15,9.9793,1,1,SF60653,2026-07-01 0:00
M,USD,MXN,1999-02-16,9.9486,1,1,SF60653,2026-07-01 0:00
M,USD,MXN,1999-02-17,9.9315,1,1,SF60653,2026-07-01 0:00
M,USD,MXN,1999-02-18,9.919,1,1,SF60653,2026-07-01 0:00
M,USD,MXN,1999-02-19,9.9043,1,1,SF60653,2026-07-01 0:00
M,USD,MXN,1999-02-20,9.8809,1,1,SF60653,2026-07-01 0:00
M,USD,MXN,1999-02-21,9.8809,1,1,SF60653,2026-07-01 0:00
M,USD,MXN,1999-02-22,9.8809,1,1,SF60653,2026-07-01 0:00
M,USD,MXN,1999-02-23,9.9333,1,1,SF60653,2026-07-01 0:00
M,USD,MXN,1999-02-24,9.9315,1,1,SF60653,2026-07-01 0:00
M,USD,MXN,1999-02-25,9.9565,1,1,SF60653,2026-07-01 0:00
M,USD,MXN,1999-02-26,9.9357,1,1,SF60653,2026-07-01 0:00
M,USD,MXN,1999-02-27,9.9836,1,1,SF60653,2026-07-01 0:00
M,USD,MXN,1999-02-28,9.9836,1,1,SF60653,2026-07-01 0:00
M,USD,MXN,1999-03-01,9.9836,1,1,SF60653,2026-07-01 0:00
M,USD,MXN,1999-03-02,9.9441,1,1,SF60653,2026-07-01 0:00
M,USD,MXN,1999-03-03,9.9072,1,1,SF60653,2026-07-01 0:00
M,USD,MXN,1999-03-04,9.9528,1,1,SF60653,2026-07-01 0:00
M,USD,MXN,1999-03-05,9.9641,1,1,SF60653,2026-07-01 0:00
M,USD,MXN,1999-03-06,9.9334,1,1,SF60653,2026-07-01 0:00
M,USD,MXN,1999-03-07,9.9334,1,1,SF60653,2026-07-01 0:00
M,USD,MXN,1999-03-08,9.9334,1,1,SF60653,2026-07-01 0:00
M,USD,MXN,1999-03-09,9.8732,1,1,SF60653,2026-07-01 0:00
M,USD,MXN,1999-03-10,9.8434,1,1,SF60653,2026-07-01 0:00
M,USD,MXN,1999-03-11,9.7927,1,1,SF60653,2026-07-01 0:00
M,USD,MXN,1999-03-12,9.8012,1,1,SF60653,2026-07-01 0:00
M,USD,MXN,1999-03-13,9.748,1,1,SF60653,2026-07-01 0:00
M,USD,MXN,1999-03-14,9.748,1,1,SF60653,2026-07-01 0:00
M,USD,MXN,1999-03-15,9.748,1,1,SF60653,2026-07-01 0:00
M,USD,MXN,1999-03-16,9.7527,1,1,SF60653,2026-07-01 0:00
M,USD,MXN,1999-03-17,9.7053,1,1,SF60653,2026-07-01 0:00
M,USD,MXN,1999-03-18,9.6587,1,1,SF60653,2026-07-01 0:00
M,USD,MXN,1999-03-19,9.6888,1,1,SF60653,2026-07-01 0:00
M,USD,MXN,1999-03-20,9.6462,1,1,SF60653,2026-07-01 0:00
M,USD,MXN,1999-03-21,9.6462,1,1,SF60653,2026-07-01 0:00
M,USD,MXN,1999-03-22,9.6462,1,1,SF60653,2026-07-01 0:00
M,USD,MXN,1999-03-23,9.6675,1,1,SF60653,2026-07-01 0:00
M,USD,MXN,1999-03-24,9.7116,1,1,SF60653,2026-07-01 0:00
M,USD,MXN,1999-03-25,9.6723,1,1,SF60653,2026-07-01 0:00
M,USD,MXN,1999-03-26,9.6917,1,1,SF60653,2026-07-01 0:00
M,USD,MXN,1999-03-27,9.6454,1,1,SF60653,2026-07-01 0:00
M,USD,MXN,1999-03-28,9.6454,1,1,SF60653,2026-07-01 0:00
M,USD,MXN,1999-03-29,9.6454,1,1,SF60653,2026-07-01 0:00
M,USD,MXN,1999-03-30,9.5954,1,1,SF60653,2026-07-01 0:00
M,USD,MXN,1999-03-31,9.5158,1,1,SF60653,2026-07-01 0:00
M,USD,MXN,1999-04-01,9.5376,1,1,SF60653,2026-07-01 0:00
M,USD,MXN,1999-04-02,9.5376,1,1,SF60653,2026-07-01 0:00
M,USD,MXN,1999-04-03,9.5376,1,1,SF60653,2026-07-01 0:00
M,USD,MXN,1999-04-04,9.5376,1,1,SF60653,2026-07-01 0:00
M,USD,MXN,1999-04-05,9.5376,1,1,SF60653,2026-07-01 0:00
M,USD,MXN,1999-04-06,9.5218,1,1,SF60653,2026-07-01 0:00
M,USD,MXN,1999-04-07,9.4818,1,1,SF60653,2026-07-01 0:00
M,USD,MXN,1999-04-08,9.4846,1,1,SF60653,2026-07-01 0:00
M,USD,MXN,1999-04-09,9.4968,1,1,SF60653,2026-07-01 0:00
M,USD,MXN,1999-04-10,9.4771,1,1,SF60653,2026-07-01 0:00
M,USD,MXN,1999-04-11,9.4771,1,1,SF60653,2026-07-01 0:00
M,USD,MXN,1999-04-12,9.4771,1,1,SF60653,2026-07-01 0:00
M,USD,MXN,1999-04-13,9.5728,1,1,SF60653,2026-07-01 0:00
M,USD,MXN,1999-04-14,9.5569,1,1,SF60653,2026-07-01 0:00
M,USD,MXN,1999-04-15,9.5058,1,1,SF60653,2026-07-01 0:00
M,USD,MXN,1999-04-16,9.5085,1,1,SF60653,2026-07-01 0:00
M,USD,MXN,1999-04-17,9.543,1,1,SF60653,2026-07-01 0:00
M,USD,MXN,1999-04-18,9.543,1,1,SF60653,2026-07-01 0:00
M,USD,MXN,1999-04-19,9.543,1,1,SF60653,2026-07-01 0:00
M,USD,MXN,1999-04-20,9.5237,1,1,SF60653,2026-07-01 0:00
M,USD,MXN,1999-04-21,9.3831,1,1,SF60653,2026-07-01 0:00
M,USD,MXN,1999-04-22,9.4077,1,1,SF60653,2026-07-01 0:00
M,USD,MXN,1999-04-23,9.3643,1,1,SF60653,2026-07-01 0:00
M,USD,MXN,1999-04-24,9.3317,1,1,SF60653,2026-07-01 0:00
M,USD,MXN,1999-04-25,9.3317,1,1,SF60653,2026-07-01 0:00
M,USD,MXN,1999-04-26,9.3317,1,1,SF60653,2026-07-01 0:00
M,USD,MXN,1999-04-27,9.3005,1,1,SF60653,2026-07-01 0:00
M,USD,MXN,1999-04-28,9.3084,1,1,SF60653,2026-07-01 0:00
M,USD,MXN,1999-04-29,9.3285,1,1,SF60653,2026-07-01 0:00
M,USD,MXN,1999-04-30,9.2871,1,1,SF60653,2026-07-01 0:00
M,USD,MXN,1999-05-01,9.2622,1,1,SF60653,2026-07-01 0:00
M,USD,MXN,1999-05-02,9.2622,1,1,SF60653,2026-07-01 0:00
M,USD,MXN,1999-05-03,9.2622,1,1,SF60653,2026-07-01 0:00
M,USD,MXN,1999-05-04,9.2447,1,1,SF60653,2026-07-01 0:00
M,USD,MXN,1999-05-05,9.2689,1,1,SF60653,2026-07-01 0:00
M,USD,MXN,1999-05-06,9.2689,1,1,SF60653,2026-07-01 0:00
M,USD,MXN,1999-05-07,9.2749,1,1,SF60653,2026-07-01 0:00
M,USD,MXN,1999-05-08,9.333,1,1,SF60653,2026-07-01 0:00
M,USD,MXN,1999-05-09,9.333,1,1,SF60653,2026-07-01 0:00
M,USD,MXN,1999-05-10,9.333,1,1,SF60653,2026-07-01 0:00
M,USD,MXN,1999-05-11,9.348,1,1,SF60653,2026-07-01 0:00
M,USD,MXN,1999-05-12,9.2992,1,1,SF60653,2026-07-01 0:00
M,USD,MXN,1999-05-13,9.2533,1,1,SF60653,2026-07-01 0:00
M,USD,MXN,1999-05-14,9.3247,1,1,SF60653,2026-07-01 0:00
M,USD,MXN,1999-05-15,9.2698,1,1,SF60653,2026-07-01 0:00
M,USD,MXN,1999-05-16,9.2698,1,1,SF60653,2026-07-01 0:00
M,USD,MXN,1999-05-17,9.2698,1,1,SF60653,2026-07-01 0:00
M,USD,MXN,1999-05-18,9.3591,1,1,SF60653,2026-07-01 0:00
M,USD,MXN,1999-05-19,9.3663,1,1,SF60653,2026-07-01 0:00
M,USD,MXN,1999-05-20,9.2983,1,1,SF60653,2026-07-01 0:00
M,USD,MXN,1999-05-21,9.3086,1,1,SF60653,2026-07-01 0:00
M,USD,MXN,1999-05-22,9.3242,1,1,SF60653,2026-07-01 0:00
M,USD,MXN,1999-05-23,9.3242,1,1,SF60653,2026-07-01 0:00
M,USD,MXN,1999-05-24,9.3242,1,1,SF60653,2026-07-01 0:00
M,USD,MXN,1999-05-25,9.3589,1,1,SF60653,2026-07-01 0:00
M,USD,MXN,1999-05-26,9.3845,1,1,SF60653,2026-07-01 0:00
M,USD,MXN,1999-05-27,9.5468,1,1,SF60653,2026-07-01 0:00
M,USD,MXN,1999-05-28,9.6715,1,1,SF60653,2026-07-01 0:00
M,USD,MXN,1999-05-29,9.7498,1,1,SF60653,2026-07-01 0:00
M,USD,MXN,1999-05-30,9.7498,1,1,SF60653,2026-07-01 0:00
M,USD,MXN,1999-05-31,9.7498,1,1,SF60653,2026-07-01 0:00
M,USD,MXN,1999-06-01,9.7833,1,1,SF60653,2026-07-01 0:00
M,USD,MXN,1999-06-02,9.6872,1,1,SF60653,2026-07-01 0:00
M,USD,MXN,1999-06-03,9.8156,1,1,SF60653,2026-07-01 0:00
M,USD,MXN,1999-06-04,9.7653,1,1,SF60653,2026-07-01 0:00
M,USD,MXN,1999-06-05,9.6545,1,1,SF60653,2026-07-01 0:00
M,USD,MXN,1999-06-06,9.6545,1,1,SF60653,2026-07-01 0:00
M,USD,MXN,1999-06-07,9.6545,1,1,SF60653,2026-07-01 0:00
M,USD,MXN,1999-06-08,9.6272,1,1,SF60653,2026-07-01 0:00
M,USD,MXN,1999-06-09,9.5045,1,1,SF60653,2026-07-01 0:00
M,USD,MXN,1999-06-10,9.4879,1,1,SF60653,2026-07-01 0:00
M,USD,MXN,1999-06-11,9.5817,1,1,SF60653,2026-07-01 0:00
M,USD,MXN,1999-06-12,9.5985,1,1,SF60653,2026-07-01 0:00
M,USD,MXN,1999-06-13,9.5985,1,1,SF60653,2026-07-01 0:00
M,USD,MXN,1999-06-14,9.5985,1,1,SF60653,2026-07-01 0:00
M,USD,MXN,1999-06-15,9.5452,1,1,SF60653,2026-07-01 0:00
M,USD,MXN,1999-06-16,9.5767,1,1,SF60653,2026-07-01 0:00
M,USD,MXN,1999-06-17,9.5018,1,1,SF60653,2026-07-01 0:00
M,USD,MXN,1999-06-18,9.4585,1,1,SF60653,2026-07-01 0:00
M,USD,MXN,1999-06-19,9.4038,1,1,SF60653,2026-07-01 0:00
M,USD,MXN,1999-06-20,9.4038,1,1,SF60653,2026-07-01 0:00
M,USD,MXN,1999-06-21,9.4038,1,1,SF60653,2026-07-01 0:00
M,USD,MXN,1999-06-22,9.355,1,1,SF60653,2026-07-01 0:00
M,USD,MXN,1999-06-23,9.3781,1,1,SF60653,2026-07-01 0:00
M,USD,MXN,1999-06-24,9.3717,1,1,SF60653,2026-07-01 0:00
M,USD,MXN,1999-06-25,9.4038,1,1,SF60653,2026-07-01 0:00
M,USD,MXN,1999-06-26,9.459,1,1,SF60653,2026-07-01 0:00
M,USD,MXN,1999-06-27,9.459,1,1,SF60653,2026-07-01 0:00
M,USD,MXN,1999-06-28,9.459,1,1,SF60653,2026-07-01 0:00
M,USD,MXN,1999-06-29,9.4717,1,1,SF60653,2026-07-01 0:00
M,USD,MXN,1999-06-30,9.4875,1,1,SF60653,2026-07-01 0:00
M,USD,MXN,1999-07-01,9.4165,1,1,SF60653,2026-07-01 0:00
M,USD,MXN,1999-07-02,9.4409,1,1,SF60653,2026-07-01 0:00
M,USD,MXN,1999-07-03,9.3773,1,1,SF60653,2026-07-01 0:00
M,USD,MXN,1999-07-04,9.3773,1,1,SF60653,2026-07-01 0:00
M,USD,MXN,1999-07-05,9.3773,1,1,SF60653,2026-07-01 0:00
M,USD,MXN,1999-07-06,9.3513,1,1,SF60653,2026-07-01 0:00
M,USD,MXN,1999-07-07,9.3167,1,1,SF60653,2026-07-01 0:00
M,USD,MXN,1999-07-08,9.3314,1,1,SF60653,2026-07-01 0:00
M,USD,MXN,1999-07-09,9.3637,1,1,SF60653,2026-07-01 0:00
M,USD,MXN,1999-07-10,9.3303,1,1,SF60653,2026-07-01 0:00
M,USD,MXN,1999-07-11,9.3303,1,1,SF60653,2026-07-01 0:00
M,USD,MXN,1999-07-12,9.3303,1,1,SF60653,2026-07-01 0:00
M,USD,MXN,1999-07-13,9.3523,1,1,SF60653,2026-07-01 0:00
M,USD,MXN,1999-07-14,9.4358,1,1,SF60653,2026-07-01 0:00
M,USD,MXN,1999-07-15,9.459,1,1,SF60653,2026-07-01 0:00
M,USD,MXN,1999-07-16,9.3388,1,1,SF60653,2026-07-01 0:00
M,USD,MXN,1999-07-17,9.3343,1,1,SF60653,2026-07-01 0:00
M,USD,MXN,1999-07-18,9.3343,1,1,SF60653,2026-07-01 0:00
M,USD,MXN,1999-07-19,9.3343,1,1,SF60653,2026-07-01 0:00
M,USD,MXN,1999-07-20,9.3563,1,1,SF60653,2026-07-01 0:00
M,USD,MXN,1999-07-21,9.3008,1,1,SF60653,2026-07-01 0:00
M,USD,MXN,1999-07-22,9.3013,1,1,SF60653,2026-07-01 0:00
M,USD,MXN,1999-07-23,9.3348,1,1,SF60653,2026-07-01 0:00
M,USD,MXN,1999-07-24,9.3746,1,1,SF60653,2026-07-01 0:00
M,USD,MXN,1999-07-25,9.3746,1,1,SF60653,2026-07-01 0:00
M,USD,MXN,1999-07-26,9.3746,1,1,SF60653,2026-07-01 0:00
M,USD,MXN,1999-07-27,9.3856,1,1,SF60653,2026-07-01 0:00
M,USD,MXN,1999-07-28,9.4235,1,1,SF60653,2026-07-01 0:00
M,USD,MXN,1999-07-29,9.368,1,1,SF60653,2026-07-01 0:00
M,USD,MXN,1999-07-30,9.3827,1,1,SF60653,2026-07-01 0:00
M,USD,MXN,1999-07-31,9.426,1,1,SF60653,2026-07-01 0:00
M,USD,MXN,1999-08-01,9.426,1,1,SF60653,2026-07-01 0:00
M,USD,MXN,1999-08-02,9.426,1,1,SF60653,2026-07-01 0:00
M,USD,MXN,1999-08-03,9.401,1,1,SF60653,2026-07-01 0:00
M,USD,MXN,1999-08-04,9.4058,1,1,SF60653,2026-07-01 0:00
M,USD,MXN,1999-08-05,9.4552,1,1,SF60653,2026-07-01 0:00
M,USD,MXN,1999-08-06,9.4364,1,1,SF60653,2026-07-01 0:00
M,USD,MXN,1999-08-07,9.5097,1,1,SF60653,2026-07-01 0:00
M,USD,MXN,1999-08-08,9.5097,1,1,SF60653,2026-07-01 0:00
M,USD,MXN,1999-08-09,9.5097,1,1,SF60653,2026-07-01 0:00
M,USD,MXN,1999-08-10,9.4962,1,1,SF60653,2026-07-01 0:00
M,USD,MXN,1999-08-11,9.4874,1,1,SF60653,2026-07-01 0:00
M,USD,MXN,1999-08-12,9.5063,1,1,SF60653,2026-07-01 0:00
M,USD,MXN,1999-08-13,9.415,1,1,SF60653,2026-07-01 0:00
M,USD,MXN,1999-08-14,9.3533,1,1,SF60653,2026-07-01 0:00
M,USD,MXN,1999-08-15,9.3533,1,1,SF60653,2026-07-01 0:00
M,USD,MXN,1999-08-16,9.3533,1,1,SF60653,2026-07-01 0:00
M,USD,MXN,1999-08-17,9.3883,1,1,SF60653,2026-07-01 0:00
M,USD,MXN,1999-08-18,9.3568,1,1,SF60653,2026-07-01 0:00
M,USD,MXN,1999-08-19,9.3332,1,1,SF60653,2026-07-01 0:00
M,USD,MXN,1999-08-20,9.3218,1,1,SF60653,2026-07-01 0:00
M,USD,MXN,1999-08-21,9.3745,1,1,SF60653,2026-07-01 0:00
M,USD,MXN,1999-08-22,9.3745,1,1,SF60653,2026-07-01 0:00
M,USD,MXN,1999-08-23,9.3745,1,1,SF60653,2026-07-01 0:00
M,USD,MXN,1999-08-24,9.3868,1,1,SF60653,2026-07-01 0:00
M,USD,MXN,1999-08-25,9.3435,1,1,SF60653,2026-07-01 0:00
M,USD,MXN,1999-08-26,9.331,1,1,SF60653,2026-07-01 0:00
M,USD,MXN,1999-08-27,9.3081,1,1,SF60653,2026-07-01 0:00
M,USD,MXN,1999-08-28,9.3394,1,1,SF60653,2026-07-01 0:00
M,USD,MXN,1999-08-29,9.3394,1,1,SF60653,2026-07-01 0:00
M,USD,MXN,1999-08-30,9.3394,1,1,SF60653,2026-07-01 0:00
M,USD,MXN,1999-08-31,9.3819,1,1,SF60653,2026-07-01 0:00
M,USD,MXN,1999-09-01,9.4095,1,1,SF60653,2026-07-01 0:00
M,USD,MXN,1999-09-02,9.4095,1,1,SF60653,2026-07-01 0:00
M,USD,MXN,1999-09-03,9.385,1,1,SF60653,2026-07-01 0:00
M,USD,MXN,1999-09-04,9.3739,1,1,SF60653,2026-07-01 0:00
M,USD,MXN,1999-09-05,9.3739,1,1,SF60653,2026-07-01 0:00
M,USD,MXN,1999-09-06,9.3739,1,1,SF60653,2026-07-01 0:00
M,USD,MXN,1999-09-07,9.3382,1,1,SF60653,2026-07-01 0:00
M,USD,MXN,1999-09-08,9.3462,1,1,SF60653,2026-07-01 0:00
M,USD,MXN,1999-09-09,9.3497,1,1,SF60653,2026-07-01 0:00
M,USD,MXN,1999-09-10,9.3578,1,1,SF60653,2026-07-01 0:00
M,USD,MXN,1999-09-11,9.3471,1,1,SF60653,2026-07-01 0:00
M,USD,MXN,1999-09-12,9.3471,1,1,SF60653,2026-07-01 0:00
M,USD,MXN,1999-09-13,9.3471,1,1,SF60653,2026-07-01 0:00
M,USD,MXN,1999-09-14,9.3174,1,1,SF60653,2026-07-01 0:00
M,USD,MXN,1999-09-15,9.3192,1,1,SF60653,2026-07-01 0:00
M,USD,MXN,1999-09-16,9.3323,1,1,SF60653,2026-07-01 0:00
M,USD,MXN,1999-09-17,9.3323,1,1,SF60653,2026-07-01 0:00
M,USD,MXN,1999-09-18,9.3092,1,1,SF60653,2026-07-01 0:00
M,USD,MXN,1999-09-19,9.3092,1,1,SF60653,2026-07-01 0:00
M,USD,MXN,1999-09-20,9.3092,1,1,SF60653,2026-07-01 0:00
M,USD,MXN,1999-09-21,9.3712,1,1,SF60653,2026-07-01 0:00
M,USD,MXN,1999-09-22,9.3223,1,1,SF60653,2026-07-01 0:00
M,USD,MXN,1999-09-23,9.3044,1,1,SF60653,2026-07-01 0:00
M,USD,MXN,1999-09-24,9.2858,1,1,SF60653,2026-07-01 0:00
M,USD,MXN,1999-09-25,9.3055,1,1,SF60653,2026-07-01 0:00
M,USD,MXN,1999-09-26,9.3055,1,1,SF60653,2026-07-01 0:00
M,USD,MXN,1999-09-27,9.3055,1,1,SF60653,2026-07-01 0:00
M,USD,MXN,1999-09-28,9.3565,1,1,SF60653,2026-07-01 0:00
M,USD,MXN,1999-09-29,9.3158,1,1,SF60653,2026-07-01 0:00
M,USD,MXN,1999-09-30,9.3582,1,1,SF60653,2026-07-01 0:00
M,USD,MXN,1999-10-01,9.3565,1,1,SF60653,2026-07-01 0:00
M,USD,MXN,1999-10-02,9.3483,1,1,SF60653,2026-07-01 0:00
M,USD,MXN,1999-10-03,9.3483,1,1,SF60653,2026-07-01 0:00
M,USD,MXN,1999-10-04,9.3483,1,1,SF60653,2026-07-01 0:00
M,USD,MXN,1999-10-05,9.4063,1,1,SF60653,2026-07-01 0:00
M,USD,MXN,1999-10-06,9.4531,1,1,SF60653,2026-07-01 0:00
M,USD,MXN,1999-10-07,9.4758,1,1,SF60653,2026-07-01 0:00
M,USD,MXN,1999-10-08,9.4323,1,1,SF60653,2026-07-01 0:00
M,USD,MXN,1999-10-09,9.4598,1,1,SF60653,2026-07-01 0:00
M,USD,MXN,1999-10-10,9.4598,1,1,SF60653,2026-07-01 0:00
M,USD,MXN,1999-10-11,9.4598,1,1,SF60653,2026-07-01 0:00
M,USD,MXN,1999-10-12,9.4682,1,1,SF60653,2026-07-01 0:00
M,USD,MXN,1999-10-13,9.4507,1,1,SF60653,2026-07-01 0:00
M,USD,MXN,1999-10-14,9.4675,1,1,SF60653,2026-07-01 0:00
M,USD,MXN,1999-10-15,9.519,1,1,SF60653,2026-07-01 0:00
M,USD,MXN,1999-10-16,9.6308,1,1,SF60653,2026-07-01 0:00
M,USD,MXN,1999-10-17,9.6308,1,1,SF60653,2026-07-01 0:00
M,USD,MXN,1999-10-18,9.6308,1,1,SF60653,2026-07-01 0:00
M,USD,MXN,1999-10-19,9.7114,1,1,SF60653,2026-07-01 0:00
M,USD,MXN,1999-10-20,9.7143,1,1,SF60653,2026-07-01 0:00
M,USD,MXN,1999-10-21,9.6713,1,1,SF60653,2026-07-01 0:00
M,USD,MXN,1999-10-22,9.6114,1,1,SF60653,2026-07-01 0:00
M,USD,MXN,1999-10-23,9.6482,1,1,SF60653,2026-07-01 0:00
M,USD,MXN,1999-10-24,9.6482,1,1,SF60653,2026-07-01 0:00
M,USD,MXN,1999-10-25,9.6482,1,1,SF60653,2026-07-01 0:00
M,USD,MXN,1999-10-26,9.603,1,1,SF60653,2026-07-01 0:00
M,USD,MXN,1999-10-27,9.6374,1,1,SF60653,2026-07-01 0:00
M,USD,MXN,1999-10-28,9.6299,1,1,SF60653,2026-07-01 0:00
M,USD,MXN,1999-10-29,9.6504,1,1,SF60653,2026-07-01 0:00
M,USD,MXN,1999-10-30,9.6357,1,1,SF60653,2026-07-01 0:00
M,USD,MXN,1999-10-31,9.6357,1,1,SF60653,2026-07-01 0:00
M,USD,MXN,1999-11-01,9.6357,1,1,SF60653,2026-07-01 0:00
M,USD,MXN,1999-11-02,9.625,1,1,SF60653,2026-07-01 0:00
M,USD,MXN,1999-11-03,9.625,1,1,SF60653,2026-07-01 0:00
M,USD,MXN,1999-11-04,9.6208,1,1,SF60653,2026-07-01 0:00
M,USD,MXN,1999-11-05,9.5552,1,1,SF60653,2026-07-01 0:00
M,USD,MXN,1999-11-06,9.4712,1,1,SF60653,2026-07-01 0:00
M,USD,MXN,1999-11-07,9.4712,1,1,SF60653,2026-07-01 0:00
M,USD,MXN,1999-11-08,9.4712,1,1,SF60653,2026-07-01 0:00
M,USD,MXN,1999-11-09,9.4518,1,1,SF60653,2026-07-01 0:00
M,USD,MXN,1999-11-10,9.4571,1,1,SF60653,2026-07-01 0:00
M,USD,MXN,1999-11-11,9.4158,1,1,SF60653,2026-07-01 0:00
M,USD,MXN,1999-11-12,9.4126,1,1,SF60653,2026-07-01 0:00
M,USD,MXN,1999-11-13,9.3857,1,1,SF60653,2026-07-01 0:00
M,USD,MXN,1999-11-14,9.3857,1,1,SF60653,2026-07-01 0:00
M,USD,MXN,1999-11-15,9.3857,1,1,SF60653,2026-07-01 0:00
M,USD,MXN,1999-11-16,9.3787,1,1,SF60653,2026-07-01 0:00
M,USD,MXN,1999-11-17,9.3685,1,1,SF60653,2026-07-01 0:00
M,USD,MXN,1999-11-18,9.4018,1,1,SF60653,2026-07-01 0:00
M,USD,MXN,1999-11-19,9.3549,1,1,SF60653,2026-07-01 0:00
M,USD,MXN,1999-11-20,9.346,1,1,SF60653,2026-07-01 0:00
M,USD,MXN,1999-11-21,9.346,1,1,SF60653,2026-07-01 0:00
M,USD,MXN,1999-11-22,9.346,1,1,SF60653,2026-07-01 0:00
M,USD,MXN,1999-11-23,9.3288,1,1,SF60653,2026-07-01 0:00
M,USD,MXN,1999-11-24,9.319,1,1,SF60653,2026-07-01 0:00
M,USD,MXN,1999-11-25,9.3324,1,1,SF60653,2026-07-01 0:00
M,USD,MXN,1999-11-26,9.3195,1,1,SF60653,2026-07-01 0:00
M,USD,MXN,1999-11-27,9.2945,1,1,SF60653,2026-07-01 0:00
M,USD,MXN,1999-11-28,9.2945,1,1,SF60653,2026-07-01 0:00
M,USD,MXN,1999-11-29,9.2945,1,1,SF60653,2026-07-01 0:00
M,USD,MXN,1999-11-30,9.355,1,1,SF60653,2026-07-01 0:00
M,USD,MXN,1999-12-01,9.3737,1,1,SF60653,2026-07-01 0:00
M,USD,MXN,1999-12-02,9.432,1,1,SF60653,2026-07-01 0:00
M,USD,MXN,1999-12-03,9.4683,1,1,SF60653,2026-07-01 0:00
M,USD,MXN,1999-12-04,9.5326,1,1,SF60653,2026-07-01 0:00
M,USD,MXN,1999-12-05,9.5326,1,1,SF60653,2026-07-01 0:00
M,USD,MXN,1999-12-06,9.5326,1,1,SF60653,2026-07-01 0:00
M,USD,MXN,1999-12-07,9.4942,1,1,SF60653,2026-07-01 0:00
M,USD,MXN,1999-12-08,9.4562,1,1,SF60653,2026-07-01 0:00
M,USD,MXN,1999-12-09,9.4416,1,1,SF60653,2026-07-01 0:00
M,USD,MXN,1999-12-10,9.4755,1,1,SF60653,2026-07-01 0:00
M,USD,MXN,1999-12-11,9.4288,1,1,SF60653,2026-07-01 0:00
M,USD,MXN,1999-12-12,9.4288,1,1,SF60653,2026-07-01 0:00
M,USD,MXN,1999-12-13,9.4288,1,1,SF60653,2026-07-01 0:00
M,USD,MXN,1999-12-14,9.4143,1,1,SF60653,2026-07-01 0:00
M,USD,MXN,1999-12-15,9.4143,1,1,SF60653,2026-07-01 0:00
M,USD,MXN,1999-12-16,9.411,1,1,SF60653,2026-07-01 0:00
M,USD,MXN,1999-12-17,9.379,1,1,SF60653,2026-07-01 0:00
M,USD,MXN,1999-12-18,9.3578,1,1,SF60653,2026-07-01 0:00
M,USD,MXN,1999-12-19,9.3578,1,1,SF60653,2026-07-01 0:00
M,USD,MXN,1999-12-20,9.3578,1,1,SF60653,2026-07-01 0:00
M,USD,MXN,1999-12-21,9.3298,1,1,SF60653,2026-07-01 0:00
M,USD,MXN,1999-12-22,9.3338,1,1,SF60653,2026-07-01 0:00
M,USD,MXN,1999-12-23,9.3142,1,1,SF60653,2026-07-01 0:00
M,USD,MXN,1999-12-24,9.3095,1,1,SF60653,2026-07-01 0:00
M,USD,MXN,1999-12-25,9.3695,1,1,SF60653,2026-07-01 0:00
M,USD,MXN,1999-12-26,9.3695,1,1,SF60653,2026-07-01 0:00
M,USD,MXN,1999-12-27,9.3695,1,1,SF60653,2026-07-01 0:00
M,USD,MXN,1999-12-28,9.4188,1,1,SF60653,2026-07-01 0:00
M,USD,MXN,1999-12-29,9.4632,1,1,SF60653,2026-07-01 0:00
M,USD,MXN,1999-12-30,9.5143,1,1,SF60653,2026-07-01 0:00
M,USD,MXN,1999-12-31,9.5222,1,1,SF60653,2026-07-01 0:00
M,USD,MXN,2000-01-01,9.5222,1,1,SF60653,2026-07-01 0:00
M,USD,MXN,2000-01-02,9.5222,1,1,SF60653,2026-07-01 0:00
M,USD,MXN,2000-01-03,9.5222,1,1,SF60653,2026-07-01 0:00
M,USD,MXN,2000-01-04,9.4986,1,1,SF60653,2026-07-01 0:00
M,USD,MXN,2000-01-05,9.3949,1,1,SF60653,2026-07-01 0:00
M,USD,MXN,2000-01-06,9.4564,1,1,SF60653,2026-07-01 0:00
M,USD,MXN,2000-01-07,9.5455,1,1,SF60653,2026-07-01 0:00
M,USD,MXN,2000-01-08,9.5705,1,1,SF60653,2026-07-01 0:00
M,USD,MXN,2000-01-09,9.5705,1,1,SF60653,2026-07-01 0:00
M,USD,MXN,2000-01-10,9.5705,1,1,SF60653,2026-07-01 0:00
M,USD,MXN,2000-01-11,9.515,1,1,SF60653,2026-07-01 0:00
M,USD,MXN,2000-01-12,9.4464,1,1,SF60653,2026-07-01 0:00
M,USD,MXN,2000-01-13,9.478,1,1,SF60653,2026-07-01 0:00
M,USD,MXN,2000-01-14,9.5352,1,1,SF60653,2026-07-01 0:00
M,USD,MXN,2000-01-15,9.5057,1,1,SF60653,2026-07-01 0:00
M,USD,MXN,2000-01-16,9.5057,1,1,SF60653,2026-07-01 0:00
M,USD,MXN,2000-01-17,9.5057,1,1,SF60653,2026-07-01 0:00
M,USD,MXN,2000-01-18,9.4483,1,1,SF60653,2026-07-01 0:00
M,USD,MXN,2000-01-19,9.4172,1,1,SF60653,2026-07-01 0:00
M,USD,MXN,2000-01-20,9.4383,1,1,SF60653,2026-07-01 0:00
M,USD,MXN,2000-01-21,9.4086,1,1,SF60653,2026-07-01 0:00
M,USD,MXN,2000-01-22,9.4038,1,1,SF60653,2026-07-01 0:00
M,USD,MXN,2000-01-23,9.4038,1,1,SF60653,2026-07-01 0:00
M,USD,MXN,2000-01-24,9.4038,1,1,SF60653,2026-07-01 0:00
M,USD,MXN,2000-01-25,9.4463,1,1,SF60653,2026-07-01 0:00
M,USD,MXN,2000-01-26,9.4838,1,1,SF60653,2026-07-01 0:00
M,USD,MXN,2000-01-27,9.5288,1,1,SF60653,2026-07-01 0:00
M,USD,MXN,2000-01-28,9.5103,1,1,SF60653,2026-07-01 0:00
M,USD,MXN,2000-01-29,9.5123,1,1,SF60653,2026-07-01 0:00
M,USD,MXN,2000-01-30,9.5123,1,1,SF60653,2026-07-01 0:00
M,USD,MXN,2000-01-31,9.5123,1,1,SF60653,2026-07-01 0:00
M,USD,MXN,2000-02-01,9.5727,1,1,SF60653,2026-07-01 0:00
M,USD,MXN,2000-02-02,9.6253,1,1,SF60653,2026-07-01 0:00
M,USD,MXN,2000-02-03,9.5956,1,1,SF60653,2026-07-01 0:00
M,USD,MXN,2000-02-04,9.5724,1,1,SF60653,2026-07-01 0:00
M,USD,MXN,2000-02-05,9.5011,1,1,SF60653,2026-07-01 0:00
M,USD,MXN,2000-02-06,9.5011,1,1,SF60653,2026-07-01 0:00
M,USD,MXN,2000-02-07,9.5011,1,1,SF60653,2026-07-01 0:00
M,USD,MXN,2000-02-08,9.4803,1,1,SF60653,2026-07-01 0:00
M,USD,MXN,2000-02-09,9.4327,1,1,SF60653,2026-07-01 0:00
M,USD,MXN,2000-02-10,9.4018,1,1,SF60653,2026-07-01 0:00
M,USD,MXN,2000-02-11,9.3998,1,1,SF60653,2026-07-01 0:00
M,USD,MXN,2000-02-12,9.4348,1,1,SF60653,2026-07-01 0:00
M,USD,MXN,2000-02-13,9.4348,1,1,SF60653,2026-07-01 0:00
M,USD,MXN,2000-02-14,9.4348,1,1,SF60653,2026-07-01 0:00
M,USD,MXN,2000-02-15,9.4212,1,1,SF60653,2026-07-01 0:00
M,USD,MXN,2000-02-16,9.3988,1,1,SF60653,2026-07-01 0:00
M,USD,MXN,2000-02-17,9.388,1,1,SF60653,2026-07-01 0:00
M,USD,MXN,2000-02-18,9.371,1,1,SF60653,2026-07-01 0:00
M,USD,MXN,2000-02-19,9.3905,1,1,SF60653,2026-07-01 0:00
M,USD,MXN,2000-02-20,9.3905,1,1,SF60653,2026-07-01 0:00
M,USD,MXN,2000-02-21,9.3905,1,1,SF60653,2026-07-01 0:00
M,USD,MXN,2000-02-22,9.3592,1,1,SF60653,2026-07-01 0:00
M,USD,MXN,2000-02-23,9.4108,1,1,SF60653,2026-07-01 0:00
M,USD,MXN,2000-02-24,9.4395,1,1,SF60653,2026-07-01 0:00
M,USD,MXN,2000-02-25,9.4067,1,1,SF60653,2026-07-01 0:00
M,USD,MXN,2000-02-26,9.3798,1,1,SF60653,2026-07-01 0:00
M,USD,MXN,2000-02-27,9.3798,1,1,SF60653,2026-07-01 0:00
M,USD,MXN,2000-02-28,9.3798,1,1,SF60653,2026-07-01 0:00
M,USD,MXN,2000-02-29,9.3748,1,1,SF60653,2026-07-01 0:00
M,USD,MXN,2000-03-01,9.4033,1,1,SF60653,2026-07-01 0:00
M,USD,MXN,2000-03-02,9.3662,1,1,SF60653,2026-07-01 0:00
M,USD,MXN,2000-03-03,9.3633,1,1,SF60653,2026-07-01 0:00
M,USD,MXN,2000-03-04,9.3382,1,1,SF60653,2026-07-01 0:00
M,USD,MXN,2000-03-05,9.3382,1,1,SF60653,2026-07-01 0:00
M,USD,MXN,2000-03-06,9.3382,1,1,SF60653,2026-07-01 0:00
M,USD,MXN,2000-03-07,9.3115,1,1,SF60653,2026-07-01 0:00
M,USD,MXN,2000-03-08,9.3215,1,1,SF60653,2026-07-01 0:00
M,USD,MXN,2000-03-09,9.3009,1,1,SF60653,2026-07-01 0:00
M,USD,MXN,2000-03-10,9.2662,1,1,SF60653,2026-07-01 0:00
M,USD,MXN,2000-03-11,9.2837,1,1,SF60653,2026-07-01 0:00
M,USD,MXN,2000-03-12,9.2837,1,1,SF60653,2026-07-01 0:00
M,USD,MXN,2000-03-13,9.2837,1,1,SF60653,2026-07-01 0:00
M,USD,MXN,2000-03-14,9.3125,1,1,SF60653,2026-07-01 0:00
M,USD,MXN,2000-03-15,9.3338,1,1,SF60653,2026-07-01 0:00
M,USD,MXN,2000-03-16,9.3127,1,1,SF60653,2026-07-01 0:00
M,USD,MXN,2000-03-17,9.3436,1,1,SF60653,2026-07-01 0:00
M,USD,MXN,2000-03-18,9.3224,1,1,SF60653,2026-07-01 0:00
M,USD,MXN,2000-03-19,9.3224,1,1,SF60653,2026-07-01 0:00
M,USD,MXN,2000-03-20,9.3224,1,1,SF60653,2026-07-01 0:00
M,USD,MXN,2000-03-21,9.3255,1,1,SF60653,2026-07-01 0:00
M,USD,MXN,2000-03-22,9.3255,1,1,SF60653,2026-07-01 0:00
M,USD,MXN,2000-03-23,9.3185,1,1,SF60653,2026-07-01 0:00
M,USD,MXN,2000-03-24,9.2765,1,1,SF60653,2026-07-01 0:00
M,USD,MXN,2000-03-25,9.2398,1,1,SF60653,2026-07-01 0:00
M,USD,MXN,2000-03-26,9.2398,1,1,SF60653,2026-07-01 0:00
M,USD,MXN,2000-03-27,9.2398,1,1,SF60653,2026-07-01 0:00
M,USD,MXN,2000-03-28,9.1712,1,1,SF60653,2026-07-01 0:00
M,USD,MXN,2000-03-29,9.1775,1,1,SF60653,2026-07-01 0:00
M,USD,MXN,2000-03-30,9.1883,1,1,SF60653,2026-07-01 0:00
M,USD,MXN,2000-03-31,9.2331,1,1,SF60653,2026-07-01 0:00
M,USD,MXN,2000-04-01,9.3015,1,1,SF60653,2026-07-01 0:00
M,USD,MXN,2000-04-02,9.3015,1,1,SF60653,2026-07-01 0:00
M,USD,MXN,2000-04-03,9.3015,1,1,SF60653,2026-07-01 0:00
M,USD,MXN,2000-04-04,9.2845,1,1,SF60653,2026-07-01 0:00
M,USD,MXN,2000-04-05,9.2761,1,1,SF60653,2026-07-01 0:00
M,USD,MXN,2000-04-06,9.2878,1,1,SF60653,2026-07-01 0:00
M,USD,MXN,2000-04-07,9.3835,1,1,SF60653,2026-07-01 0:00
M,USD,MXN,2000-04-08,9.3535,1,1,SF60653,2026-07-01 0:00
M,USD,MXN,2000-04-09,9.3535,1,1,SF60653,2026-07-01 0:00
M,USD,MXN,2000-04-10,9.3535,1,1,SF60653,2026-07-01 0:00
M,USD,MXN,2000-04-11,9.3218,1,1,SF60653,2026-07-01 0:00
M,USD,MXN,2000-04-12,9.2868,1,1,SF60653,2026-07-01 0:00
M,USD,MXN,2000-04-13,9.3918,1,1,SF60653,2026-07-01 0:00
M,USD,MXN,2000-04-14,9.3965,1,1,SF60653,2026-07-01 0:00
M,USD,MXN,2000-04-15,9.3988,1,1,SF60653,2026-07-01 0:00
M,USD,MXN,2000-04-16,9.3988,1,1,SF60653,2026-07-01 0:00
M,USD,MXN,2000-04-17,9.3988,1,1,SF60653,2026-07-01 0:00
M,USD,MXN,2000-04-18,9.4842,1,1,SF60653,2026-07-01 0:00
M,USD,MXN,2000-04-19,9.4882,1,1,SF60653,2026-07-01 0:00
M,USD,MXN,2000-04-20,9.4388,1,1,SF60653,2026-07-01 0:00
M,USD,MXN,2000-04-21,9.4388,1,1,SF60653,2026-07-01 0:00
M,USD,MXN,2000-04-22,9.4388,1,1,SF60653,2026-07-01 0:00
M,USD,MXN,2000-04-23,9.4388,1,1,SF60653,2026-07-01 0:00
M,USD,MXN,2000-04-24,9.4388,1,1,SF60653,2026-07-01 0:00
M,USD,MXN,2000-04-25,9.3939,1,1,SF60653,2026-07-01 0:00
M,USD,MXN,2000-04-26,9.4443,1,1,SF60653,2026-07-01 0:00
M,USD,MXN,2000-04-27,9.4078,1,1,SF60653,2026-07-01 0:00
M,USD,MXN,2000-04-28,9.4073,1,1,SF60653,2026-07-01 0:00
M,USD,MXN,2000-04-29,9.4521,1,1,SF60653,2026-07-01 0:00
M,USD,MXN,2000-04-30,9.4521,1,1,SF60653,2026-07-01 0:00
M,USD,MXN,2000-05-01,9.4521,1,1,SF60653,2026-07-01 0:00
M,USD,MXN,2000-05-02,9.4521,1,1,SF60653,2026-07-01 0:00
M,USD,MXN,2000-05-03,9.4127,1,1,SF60653,2026-07-01 0:00
M,USD,MXN,2000-05-04,9.3374,1,1,SF60653,2026-07-01 0:00
M,USD,MXN,2000-05-05,9.3848,1,1,SF60653,2026-07-01 0:00
M,USD,MXN,2000-05-06,9.3848,1,1,SF60653,2026-07-01 0:00
M,USD,MXN,2000-05-07,9.3848,1,1,SF60653,2026-07-01 0:00
M,USD,MXN,2000-05-08,9.3848,1,1,SF60653,2026-07-01 0:00
M,USD,MXN,2000-05-09,9.3928,1,1,SF60653,2026-07-01 0:00
M,USD,MXN,2000-05-10,9.4918,1,1,SF60653,2026-07-01 0:00
M,USD,MXN,2000-05-11,9.4855,1,1,SF60653,2026-07-01 0:00
M,USD,MXN,2000-05-12,9.5702,1,1,SF60653,2026-07-01 0:00
M,USD,MXN,2000-05-13,9.5768,1,1,SF60653,2026-07-01 0:00
M,USD,MXN,2000-05-14,9.5768,1,1,SF60653,2026-07-01 0:00
M,USD,MXN,2000-05-15,9.5768,1,1,SF60653,2026-07-01 0:00
M,USD,MXN,2000-05-16,9.5661,1,1,SF60653,2026-07-01 0:00
M,USD,MXN,2000-05-17,9.582,1,1,SF60653,2026-07-01 0:00
M,USD,MXN,2000-05-18,9.5088,1,1,SF60653,2026-07-01 0:00
M,USD,MXN,2000-05-19,9.5451,1,1,SF60653,2026-07-01 0:00
M,USD,MXN,2000-05-20,9.5751,1,1,SF60653,2026-07-01 0:00
M,USD,MXN,2000-05-21,9.5751,1,1,SF60653,2026-07-01 0:00
M,USD,MXN,2000-05-22,9.5751,1,1,SF60653,2026-07-01 0:00
M,USD,MXN,2000-05-23,9.615,1,1,SF60653,2026-07-01 0:00
M,USD,MXN,2000-05-24,9.5778,1,1,SF60653,2026-07-01 0:00
M,USD,MXN,2000-05-25,9.509,1,1,SF60653,2026-07-01 0:00
M,USD,MXN,2000-05-26,9.5328,1,1,SF60653,2026-07-01 0:00
M,USD,MXN,2000-05-27,9.494,1,1,SF60653,2026-07-01 0:00
M,USD,MXN,2000-05-28,9.494,1,1,SF60653,2026-07-01 0:00
M,USD,MXN,2000-05-29,9.494,1,1,SF60653,2026-07-01 0:00
M,USD,MXN,2000-05-30,9.5274,1,1,SF60653,2026-07-01 0:00
M,USD,MXN,2000-05-31,9.5326,1,1,SF60653,2026-07-01 0:00
M,USD,MXN,2000-06-01,9.516,1,1,SF60653,2026-07-01 0:00
M,USD,MXN,2000-06-02,9.511,1,1,SF60653,2026-07-01 0:00
M,USD,MXN,2000-06-03,9.4988,1,1,SF60653,2026-07-01 0:00
M,USD,MXN,2000-06-04,9.4988,1,1,SF60653,2026-07-01 0:00
M,USD,MXN,2000-06-05,9.4988,1,1,SF60653,2026-07-01 0:00
M,USD,MXN,2000-06-06,9.5461,1,1,SF60653,2026-07-01 0:00
M,USD,MXN,2000-06-07,9.5442,1,1,SF60653,2026-07-01 0:00
M,USD,MXN,2000-06-08,9.657,1,1,SF60653,2026-07-01 0:00
M,USD,MXN,2000-06-09,9.7942,1,1,SF60653,2026-07-01 0:00
M,USD,MXN,2000-06-10,9.8519,1,1,SF60653,2026-07-01 0:00
M,USD,MXN,2000-06-11,9.8519,1,1,SF60653,2026-07-01 0:00
M,USD,MXN,2000-06-12,9.8519,1,1,SF60653,2026-07-01 0:00
M,USD,MXN,2000-06-13,9.9263,1,1,SF60653,2026-07-01 0:00
M,USD,MXN,2000-06-14,9.8546,1,1,SF60653,2026-07-01 0:00
M,USD,MXN,2000-06-15,9.7645,1,1,SF60653,2026-07-01 0:00
M,USD,MXN,2000-06-16,9.7879,1,1,SF60653,2026-07-01 0:00
M,USD,MXN,2000-06-17,9.8478,1,1,SF60653,2026-07-01 0:00
M,USD,MXN,2000-06-18,9.8478,1,1,SF60653,2026-07-01 0:00
M,USD,MXN,2000-06-19,9.8478,1,1,SF60653,2026-07-01 0:00
M,USD,MXN,2000-06-20,9.9243,1,1,SF60653,2026-07-01 0:00
M,USD,MXN,2000-06-21,9.9031,1,1,SF60653,2026-07-01 0:00
M,USD,MXN,2000-06-22,9.8644,1,1,SF60653,2026-07-01 0:00
M,USD,MXN,2000-06-23,9.8568,1,1,SF60653,2026-07-01 0:00
M,USD,MXN,2000-06-24,9.8707,1,1,SF60653,2026-07-01 0:00
M,USD,MXN,2000-06-25,9.8707,1,1,SF60653,2026-07-01 0:00
M,USD,MXN,2000-06-26,9.8707,1,1,SF60653,2026-07-01 0:00
M,USD,MXN,2000-06-27,9.9805,1,1,SF60653,2026-07-01 0:00
M,USD,MXN,2000-06-28,10.0197,1,1,SF60653,2026-07-01 0:00
M,USD,MXN,2000-06-29,10.0787,1,1,SF60653,2026-07-01 0:00
M,USD,MXN,2000-06-30,9.9538,1,1,SF60653,2026-07-01 0:00
M,USD,MXN,2000-07-01,9.9003,1,1,SF60653,2026-07-01 0:00
M,USD,MXN,2000-07-02,9.9003,1,1,SF60653,2026-07-01 0:00
M,USD,MXN,2000-07-03,9.9003,1,1,SF60653,2026-07-01 0:00
M,USD,MXN,2000-07-04,9.8243,1,1,SF60653,2026-07-01 0:00
M,USD,MXN,2000-07-05,9.5461,1,1,SF60653,2026-07-01 0:00
M,USD,MXN,2000-07-06,9.4876,1,1,SF60653,2026-07-01 0:00
M,USD,MXN,2000-07-07,9.5384,1,1,SF60653,2026-07-01 0:00
M,USD,MXN,2000-07-08,9.546,1,1,SF60653,2026-07-01 0:00
M,USD,MXN,2000-07-09,9.546,1,1,SF60653,2026-07-01 0:00
M,USD,MXN,2000-07-10,9.546,1,1,SF60653,2026-07-01 0:00
M,USD,MXN,2000-07-11,9.5195,1,1,SF60653,2026-07-01 0:00
M,USD,MXN,2000-07-12,9.5023,1,1,SF60653,2026-07-01 0:00
M,USD,MXN,2000-07-13,9.428,1,1,SF60653,2026-07-01 0:00
M,USD,MXN,2000-07-14,9.4748,1,1,SF60653,2026-07-01 0:00
M,USD,MXN,2000-07-15,9.4368,1,1,SF60653,2026-07-01 0:00
M,USD,MXN,2000-07-16,9.4368,1,1,SF60653,2026-07-01 0:00
M,USD,MXN,2000-07-17,9.4368,1,1,SF60653,2026-07-01 0:00
M,USD,MXN,2000-07-18,9.4152,1,1,SF60653,2026-07-01 0:00
M,USD,MXN,2000-07-19,9.3491,1,1,SF60653,2026-07-01 0:00
M,USD,MXN,2000-07-20,9.3327,1,1,SF60653,2026-07-01 0:00
M,USD,MXN,2000-07-21,9.4118,1,1,SF60653,2026-07-01 0:00
M,USD,MXN,2000-07-22,9.3608,1,1,SF60653,2026-07-01 0:00
M,USD,MXN,2000-07-23,9.3608,1,1,SF60653,2026-07-01 0:00
M,USD,MXN,2000-07-24,9.3608,1,1,SF60653,2026-07-01 0:00
M,USD,MXN,2000-07-25,9.3485,1,1,SF60653,2026-07-01 0:00
M,USD,MXN,2000-07-26,9.3337,1,1,SF60653,2026-07-01 0:00
M,USD,MXN,2000-07-27,9.3657,1,1,SF60653,2026-07-01 0:00
M,USD,MXN,2000-07-28,9.3627,1,1,SF60653,2026-07-01 0:00
M,USD,MXN,2000-07-29,9.361,1,1,SF60653,2026-07-01 0:00
M,USD,MXN,2000-07-30,9.361,1,1,SF60653,2026-07-01 0:00
M,USD,MXN,2000-07-31,9.361,1,1,SF60653,2026-07-01 0:00
M,USD,MXN,2000-08-01,9.3578,1,1,SF60653,2026-07-01 0:00
M,USD,MXN,2000-08-02,9.3667,1,1,SF60653,2026-07-01 0:00
M,USD,MXN,2000-08-03,9.3428,1,1,SF60653,2026-07-01 0:00
M,USD,MXN,2000-08-04,9.3462,1,1,SF60653,2026-07-01 0:00
M,USD,MXN,2000-08-05,9.3881,1,1,SF60653,2026-07-01 0:00
M,USD,MXN,2000-08-06,9.3881,1,1,SF60653,2026-07-01 0:00
M,USD,MXN,2000-08-07,9.3881,1,1,SF60653,2026-07-01 0:00
M,USD,MXN,2000-08-08,9.3574,1,1,SF60653,2026-07-01 0:00
M,USD,MXN,2000-08-09,9.3353,1,1,SF60653,2026-07-01 0:00
M,USD,MXN,2000-08-10,9.3353,1,1,SF60653,2026-07-01 0:00
M,USD,MXN,2000-08-11,9.326,1,1,SF60653,2026-07-01 0:00
M,USD,MXN,2000-08-12,9.3198,1,1,SF60653,2026-07-01 0:00
M,USD,MXN,2000-08-13,9.3198,1,1,SF60653,2026-07-01 0:00
M,USD,MXN,2000-08-14,9.3198,1,1,SF60653,2026-07-01 0:00
M,USD,MXN,2000-08-15,9.2918,1,1,SF60653,2026-07-01 0:00
M,USD,MXN,2000-08-16,9.2516,1,1,SF60653,2026-07-01 0:00
M,USD,MXN,2000-08-17,9.2504,1,1,SF60653,2026-07-01 0:00
M,USD,MXN,2000-08-18,9.1923,1,1,SF60653,2026-07-01 0:00
M,USD,MXN,2000-08-19,9.1873,1,1,SF60653,2026-07-01 0:00
M,USD,MXN,2000-08-20,9.1873,1,1,SF60653,2026-07-01 0:00
M,USD,MXN,2000-08-21,9.1873,1,1,SF60653,2026-07-01 0:00
M,USD,MXN,2000-08-22,9.2293,1,1,SF60653,2026-07-01 0:00
M,USD,MXN,2000-08-23,9.2563,1,1,SF60653,2026-07-01 0:00
M,USD,MXN,2000-08-24,9.2322,1,1,SF60653,2026-07-01 0:00
M,USD,MXN,2000-08-25,9.2773,1,1,SF60653,2026-07-01 0:00
M,USD,MXN,2000-08-26,9.2268,1,1,SF60653,2026-07-01 0:00
M,USD,MXN,2000-08-27,9.2268,1,1,SF60653,2026-07-01 0:00
M,USD,MXN,2000-08-28,9.2268,1,1,SF60653,2026-07-01 0:00
M,USD,MXN,2000-08-29,9.2342,1,1,SF60653,2026-07-01 0:00
M,USD,MXN,2000-08-30,9.2093,1,1,SF60653,2026-07-01 0:00
M,USD,MXN,2000-08-31,9.2317,1,1,SF60653,2026-07-01 0:00
M,USD,MXN,2000-09-01,9.2108,1,1,SF60653,2026-07-01 0:00
M,USD,MXN,2000-09-02,9.1995,1,1,SF60653,2026-07-01 0:00
M,USD,MXN,2000-09-03,9.1995,1,1,SF60653,2026-07-01 0:00
M,USD,MXN,2000-09-04,9.1995,1,1,SF60653,2026-07-01 0:00
M,USD,MXN,2000-09-05,9.2014,1,1,SF60653,2026-07-01 0:00
M,USD,MXN,2000-09-06,9.2231,1,1,SF60653,2026-07-01 0:00
M,USD,MXN,2000-09-07,9.2612,1,1,SF60653,2026-07-01 0:00
M,USD,MXN,2000-09-08,9.3115,1,1,SF60653,2026-07-01 0:00
M,USD,MXN,2000-09-09,9.3141,1,1,SF60653,2026-07-01 0:00
M,USD,MXN,2000-09-10,9.3141,1,1,SF60653,2026-07-01 0:00
M,USD,MXN,2000-09-11,9.3141,1,1,SF60653,2026-07-01 0:00
M,USD,MXN,2000-09-12,9.3243,1,1,SF60653,2026-07-01 0:00
M,USD,MXN,2000-09-13,9.2814,1,1,SF60653,2026-07-01 0:00
M,USD,MXN,2000-09-14,9.2542,1,1,SF60653,2026-07-01 0:00
M,USD,MXN,2000-09-15,9.286,1,1,SF60653,2026-07-01 0:00
M,USD,MXN,2000-09-16,9.3125,1,1,SF60653,2026-07-01 0:00
M,USD,MXN,2000-09-17,9.3125,1,1,SF60653,2026-07-01 0:00
M,USD,MXN,2000-09-18,9.3125,1,1,SF60653,2026-07-01 0:00
M,USD,MXN,2000-09-19,9.3517,1,1,SF60653,2026-07-01 0:00
M,USD,MXN,2000-09-20,9.4172,1,1,SF60653,2026-07-01 0:00
M,USD,MXN,2000-09-21,9.425,1,1,SF60653,2026-07-01 0:00
M,USD,MXN,2000-09-22,9.4483,1,1,SF60653,2026-07-01 0:00
M,USD,MXN,2000-09-23,9.4347,1,1,SF60653,2026-07-01 0:00
M,USD,MXN,2000-09-24,9.4347,1,1,SF60653,2026-07-01 0:00
M,USD,MXN,2000-09-25,9.4347,1,1,SF60653,2026-07-01 0:00
M,USD,MXN,2000-09-26,9.479,1,1,SF60653,2026-07-01 0:00
M,USD,MXN,2000-09-27,9.4218,1,1,SF60653,2026-07-01 0:00
M,USD,MXN,2000-09-28,9.4032,1,1,SF60653,2026-07-01 0:00
M,USD,MXN,2000-09-29,9.4088,1,1,SF60653,2026-07-01 0:00
M,USD,MXN,2000-09-30,9.429,1,1,SF60653,2026-07-01 0:00
M,USD,MXN,2000-10-01,9.429,1,1,SF60653,2026-07-01 0:00
M,USD,MXN,2000-10-02,9.429,1,1,SF60653,2026-07-01 0:00
M,USD,MXN,2000-10-03,9.4459,1,1,SF60653,2026-07-01 0:00
M,USD,MXN,2000-10-04,9.4142,1,1,SF60653,2026-07-01 0:00
M,USD,MXN,2000-10-05,9.4014,1,1,SF60653,2026-07-01 0:00
M,USD,MXN,2000-10-06,9.4292,1,1,SF60653,2026-07-01 0:00
M,USD,MXN,2000-10-07,9.4515,1,1,SF60653,2026-07-01 0:00
M,USD,MXN,2000-10-08,9.4515,1,1,SF60653,2026-07-01 0:00
M,USD,MXN,2000-10-09,9.4515,1,1,SF60653,2026-07-01 0:00
M,USD,MXN,2000-10-10,9.46,1,1,SF60653,2026-07-01 0:00
M,USD,MXN,2000-10-11,9.4753,1,1,SF60653,2026-07-01 0:00
M,USD,MXN,2000-10-12,9.4632,1,1,SF60653,2026-07-01 0:00
M,USD,MXN,2000-10-13,9.479,1,1,SF60653,2026-07-01 0:00
M,USD,MXN,2000-10-14,9.5193,1,1,SF60653,2026-07-01 0:00
M,USD,MXN,2000-10-15,9.5193,1,1,SF60653,2026-07-01 0:00
M,USD,MXN,2000-10-16,9.5193,1,1,SF60653,2026-07-01 0:00
M,USD,MXN,2000-10-17,9.5879,1,1,SF60653,2026-07-01 0:00
M,USD,MXN,2000-10-18,9.5351,1,1,SF60653,2026-07-01 0:00
M,USD,MXN,2000-10-19,9.5443,1,1,SF60653,2026-07-01 0:00
M,USD,MXN,2000-10-20,9.5765,1,1,SF60653,2026-07-01 0:00
M,USD,MXN,2000-10-21,9.5333,1,1,SF60653,2026-07-01 0:00
M,USD,MXN,2000-10-22,9.5333,1,1,SF60653,2026-07-01 0:00
M,USD,MXN,2000-10-23,9.5333,1,1,SF60653,2026-07-01 0:00
M,USD,MXN,2000-10-24,9.5605,1,1,SF60653,2026-07-01 0:00
M,USD,MXN,2000-10-25,9.5736,1,1,SF60653,2026-07-01 0:00
M,USD,MXN,2000-10-26,9.5757,1,1,SF60653,2026-07-01 0:00
M,USD,MXN,2000-10-27,9.6242,1,1,SF60653,2026-07-01 0:00
M,USD,MXN,2000-10-28,9.6777,1,1,SF60653,2026-07-01 0:00
M,USD,MXN,2000-10-29,9.6777,1,1,SF60653,2026-07-01 0:00
M,USD,MXN,2000-10-30,9.6777,1,1,SF60653,2026-07-01 0:00
M,USD,MXN,2000-10-31,9.6443,1,1,SF60653,2026-07-01 0:00
M,USD,MXN,2000-11-01,9.5995,1,1,SF60653,2026-07-01 0:00
M,USD,MXN,2000-11-02,9.5642,1,1,SF60653,2026-07-01 0:00
M,USD,MXN,2000-11-03,9.5642,1,1,SF60653,2026-07-01 0:00
M,USD,MXN,2000-11-04,9.5824,1,1,SF60653,2026-07-01 0:00
M,USD,MXN,2000-11-05,9.5824,1,1,SF60653,2026-07-01 0:00
M,USD,MXN,2000-11-06,9.5824,1,1,SF60653,2026-07-01 0:00
M,USD,MXN,2000-11-07,9.599,1,1,SF60653,2026-07-01 0:00
M,USD,MXN,2000-11-08,9.6438,1,1,SF60653,2026-07-01 0:00
M,USD,MXN,2000-11-09,9.6544,1,1,SF60653,2026-07-01 0:00
M,USD,MXN,2000-11-10,9.6166,1,1,SF60653,2026-07-01 0:00
M,USD,MXN,2000-11-11,9.6533,1,1,SF60653,2026-07-01 0:00
M,USD,MXN,2000-11-12,9.6533,1,1,SF60653,2026-07-01 0:00
M,USD,MXN,2000-11-13,9.6533,1,1,SF60653,2026-07-01 0:00
M,USD,MXN,2000-11-14,9.6008,1,1,SF60653,2026-07-01 0:00
M,USD,MXN,2000-11-15,9.558,1,1,SF60653,2026-07-01 0:00
M,USD,MXN,2000-11-16,9.4963,1,1,SF60653,2026-07-01 0:00
M,USD,MXN,2000-11-17,9.4625,1,1,SF60653,2026-07-01 0:00
M,USD,MXN,2000-11-18,9.4828,1,1,SF60653,2026-07-01 0:00
M,USD,MXN,2000-11-19,9.4828,1,1,SF60653,2026-07-01 0:00
M,USD,MXN,2000-11-20,9.4828,1,1,SF60653,2026-07-01 0:00
M,USD,MXN,2000-11-21,9.4828,1,1,SF60653,2026-07-01 0:00
M,USD,MXN,2000-11-22,9.4828,1,1,SF60653,2026-07-01 0:00
M,USD,MXN,2000-11-23,9.4098,1,1,SF60653,2026-07-01 0:00
M,USD,MXN,2000-11-24,9.379,1,1,SF60653,2026-07-01 0:00
M,USD,MXN,2000-11-25,9.4057,1,1,SF60653,2026-07-01 0:00
M,USD,MXN,2000-11-26,9.4057,1,1,SF60653,2026-07-01 0:00
M,USD,MXN,2000-11-27,9.4057,1,1,SF60653,2026-07-01 0:00
M,USD,MXN,2000-11-28,9.393,1,1,SF60653,2026-07-01 0:00
M,USD,MXN,2000-11-29,9.3692,1,1,SF60653,2026-07-01 0:00
M,USD,MXN,2000-11-30,9.4058,1,1,SF60653,2026-07-01 0:00
M,USD,MXN,2000-12-01,9.3973,1,1,SF60653,2026-07-01 0:00
M,USD,MXN,2000-12-02,9.3973,1,1,SF60653,2026-07-01 0:00
M,USD,MXN,2000-12-03,9.3973,1,1,SF60653,2026-07-01 0:00
M,USD,MXN,2000-12-04,9.3973,1,1,SF60653,2026-07-01 0:00
M,USD,MXN,2000-12-05,9.4155,1,1,SF60653,2026-07-01 0:00
M,USD,MXN,2000-12-06,9.4132,1,1,SF60653,2026-07-01 0:00
M,USD,MXN,2000-12-07,9.3737,1,1,SF60653,2026-07-01 0:00
M,USD,MXN,2000-12-08,9.402,1,1,SF60653,2026-07-01 0:00
M,USD,MXN,2000-12-09,9.4263,1,1,SF60653,2026-07-01 0:00
M,USD,MXN,2000-12-10,9.4263,1,1,SF60653,2026-07-01 0:00
M,USD,MXN,2000-12-11,9.4263,1,1,SF60653,2026-07-01 0:00
M,USD,MXN,2000-12-12,9.3984,1,1,SF60653,2026-07-01 0:00
M,USD,MXN,2000-12-13,9.3984,1,1,SF60653,2026-07-01 0:00
M,USD,MXN,2000-12-14,9.4418,1,1,SF60653,2026-07-01 0:00
M,USD,MXN,2000-12-15,9.4497,1,1,SF60653,2026-07-01 0:00
M,USD,MXN,2000-12-16,9.4127,1,1,SF60653,2026-07-01 0:00
M,USD,MXN,2000-12-17,9.4127,1,1,SF60653,2026-07-01 0:00
M,USD,MXN,2000-12-18,9.4127,1,1,SF60653,2026-07-01 0:00
M,USD,MXN,2000-12-19,9.4079,1,1,SF60653,2026-07-01 0:00
M,USD,MXN,2000-12-20,9.3788,1,1,SF60653,2026-07-01 0:00
M,USD,MXN,2000-12-21,9.379,1,1,SF60653,2026-07-01 0:00
M,USD,MXN,2000-12-22,9.4348,1,1,SF60653,2026-07-01 0:00
M,USD,MXN,2000-12-23,9.5727,1,1,SF60653,2026-07-01 0:00
M,USD,MXN,2000-12-24,9.5727,1,1,SF60653,2026-07-01 0:00
M,USD,MXN,2000-12-25,9.5727,1,1,SF60653,2026-07-01 0:00
M,USD,MXN,2000-12-26,9.5727,1,1,SF60653,2026-07-01 0:00
M,USD,MXN,2000-12-27,9.598,1,1,SF60653,2026-07-01 0:00
M,USD,MXN,2000-12-28,9.5201,1,1,SF60653,2026-07-01 0:00
M,USD,MXN,2000-12-29,9.5722,1,1,SF60653,2026-07-01 0:00
M,USD,MXN,2000-12-30,9.5997,1,1,SF60653,2026-07-01 0:00
M,USD,MXN,2000-12-31,9.5997,1,1,SF60653,2026-07-01 0:00
M,USD,MXN,2001-01-01,9.5997,1,1,SF60653,2026-07-01 0:00
M,USD,MXN,2001-01-02,9.5997,1,1,SF60653,2026-07-01 0:00
M,USD,MXN,2001-01-03,9.6098,1,1,SF60653,2026-07-01 0:00
M,USD,MXN,2001-01-04,9.714,1,1,SF60653,2026-07-01 0:00
M,USD,MXN,2001-01-05,9.834,1,1,SF60653,2026-07-01 0:00
M,USD,MXN,2001-01-06,9.708,1,1,SF60653,2026-07-01 0:00
M,USD,MXN,2001-01-07,9.708,1,1,SF60653,2026-07-01 0:00
M,USD,MXN,2001-01-08,9.708,1,1,SF60653,2026-07-01 0:00
M,USD,MXN,2001-01-09,9.7546,1,1,SF60653,2026-07-01 0:00
M,USD,MXN,2001-01-10,9.69,1,1,SF60653,2026-07-01 0:00
M,USD,MXN,2001-01-11,9.7417,1,1,SF60653,2026-07-01 0:00
M,USD,MXN,2001-01-12,9.8167,1,1,SF60653,2026-07-01 0:00
M,USD,MXN,2001-01-13,9.8548,1,1,SF60653,2026-07-01 0:00
M,USD,MXN,2001-01-14,9.8548,1,1,SF60653,2026-07-01 0:00
M,USD,MXN,2001-01-15,9.8548,1,1,SF60653,2026-07-01 0:00
M,USD,MXN,2001-01-16,9.8798,1,1,SF60653,2026-07-01 0:00
M,USD,MXN,2001-01-17,9.9018,1,1,SF60653,2026-07-01 0:00
M,USD,MXN,2001-01-18,9.9778,1,1,SF60653,2026-07-01 0:00
M,USD,MXN,2001-01-19,9.8878,1,1,SF60653,2026-07-01 0:00
M,USD,MXN,2001-01-20,9.887,1,1,SF60653,2026-07-01 0:00
M,USD,MXN,2001-01-21,9.887,1,1,SF60653,2026-07-01 0:00
M,USD,MXN,2001-01-22,9.887,1,1,SF60653,2026-07-01 0:00
M,USD,MXN,2001-01-23,9.7953,1,1,SF60653,2026-07-01 0:00
M,USD,MXN,2001-01-24,9.7863,1,1,SF60653,2026-07-01 0:00
M,USD,MXN,2001-01-25,9.7683,1,1,SF60653,2026-07-01 0:00
M,USD,MXN,2001-01-26,9.6923,1,1,SF60653,2026-07-01 0:00
M,USD,MXN,2001-01-27,9.683,1,1,SF60653,2026-07-01 0:00
M,USD,MXN,2001-01-28,9.683,1,1,SF60653,2026-07-01 0:00
M,USD,MXN,2001-01-29,9.683,1,1,SF60653,2026-07-01 0:00
M,USD,MXN,2001-01-30,9.6909,1,1,SF60653,2026-07-01 0:00
M,USD,MXN,2001-01-31,9.6687,1,1,SF60653,2026-07-01 0:00
M,USD,MXN,2001-02-01,9.6692,1,1,SF60653,2026-07-01 0:00
M,USD,MXN,2001-02-02,9.6828,1,1,SF60653,2026-07-01 0:00
M,USD,MXN,2001-02-03,9.7328,1,1,SF60653,2026-07-01 0:00
M,USD,MXN,2001-02-04,9.7328,1,1,SF60653,2026-07-01 0:00
M,USD,MXN,2001-02-05,9.7328,1,1,SF60653,2026-07-01 0:00
M,USD,MXN,2001-02-06,9.7328,1,1,SF60653,2026-07-01 0:00
M,USD,MXN,2001-02-07,9.756,1,1,SF60653,2026-07-01 0:00
M,USD,MXN,2001-02-08,9.6998,1,1,SF60653,2026-07-01 0:00
M,USD,MXN,2001-02-09,9.6945,1,1,SF60653,2026-07-01 0:00
M,USD,MXN,2001-02-10,9.6464,1,1,SF60653,2026-07-01 0:00
M,USD,MXN,2001-02-11,9.6464,1,1,SF60653,2026-07-01 0:00
M,USD,MXN,2001-02-12,9.6464,1,1,SF60653,2026-07-01 0:00
M,USD,MXN,2001-02-13,9.7238,1,1,SF60653,2026-07-01 0:00
M,USD,MXN,2001-02-14,9.7389,1,1,SF60653,2026-07-01 0:00
M,USD,MXN,2001-02-15,9.7065,1,1,SF60653,2026-07-01 0:00
M,USD,MXN,2001-02-16,9.7219,1,1,SF60653,2026-07-01 0:00
M,USD,MXN,2001-02-17,9.6763,1,1,SF60653,2026-07-01 0:00
M,USD,MXN,2001-02-18,9.6763,1,1,SF60653,2026-07-01 0:00
M,USD,MXN,2001-02-19,9.6763,1,1,SF60653,2026-07-01 0:00
M,USD,MXN,2001-02-20,9.7022,1,1,SF60653,2026-07-01 0:00
M,USD,MXN,2001-02-21,9.7044,1,1,SF60653,2026-07-01 0:00
M,USD,MXN,2001-02-22,9.6797,1,1,SF60653,2026-07-01 0:00
M,USD,MXN,2001-02-23,9.709,1,1,SF60653,2026-07-01 0:00
M,USD,MXN,2001-02-24,9.7278,1,1,SF60653,2026-07-01 0:00
M,USD,MXN,2001-02-25,9.7278,1,1,SF60653,2026-07-01 0:00
M,USD,MXN,2001-02-26,9.7278,1,1,SF60653,2026-07-01 0:00
M,USD,MXN,2001-02-27,9.7183,1,1,SF60653,2026-07-01 0:00
M,USD,MXN,2001-02-28,9.6618,1,1,SF60653,2026-07-01 0:00
M,USD,MXN,2001-03-01,9.6827,1,1,SF60653,2026-07-01 0:00
M,USD,MXN,2001-03-02,9.7025,1,1,SF60653,2026-07-01 0:00
M,USD,MXN,2001-03-03,9.7052,1,1,SF60653,2026-07-01 0:00
M,USD,MXN,2001-03-04,9.7052,1,1,SF60653,2026-07-01 0:00
M,USD,MXN,2001-03-05,9.7052,1,1,SF60653,2026-07-01 0:00
M,USD,MXN,2001-03-06,9.6688,1,1,SF60653,2026-07-01 0:00
M,USD,MXN,2001-03-07,9.637,1,1,SF60653,2026-07-01 0:00
M,USD,MXN,2001-03-08,9.6409,1,1,SF60653,2026-07-01 0:00
M,USD,MXN,2001-03-09,9.6542,1,1,SF60653,2026-07-01 0:00
M,USD,MXN,2001-03-10,9.6468,1,1,SF60653,2026-07-01 0:00
M,USD,MXN,2001-03-11,9.6468,1,1,SF60653,2026-07-01 0:00
M,USD,MXN,2001-03-12,9.6468,1,1,SF60653,2026-07-01 0:00
M,USD,MXN,2001-03-13,9.6703,1,1,SF60653,2026-07-01 0:00
M,USD,MXN,2001-03-14,9.6625,1,1,SF60653,2026-07-01 0:00
M,USD,MXN,2001-03-15,9.632,1,1,SF60653,2026-07-01 0:00
M,USD,MXN,2001-03-16,9.576,1,1,SF60653,2026-07-01 0:00
M,USD,MXN,2001-03-17,9.5843,1,1,SF60653,2026-07-01 0:00
M,USD,MXN,2001-03-18,9.5843,1,1,SF60653,2026-07-01 0:00
M,USD,MXN,2001-03-19,9.5843,1,1,SF60653,2026-07-01 0:00
M,USD,MXN,2001-03-20,9.6233,1,1,SF60653,2026-07-01 0:00
M,USD,MXN,2001-03-21,9.5683,1,1,SF60653,2026-07-01 0:00
M,USD,MXN,2001-03-22,9.5683,1,1,SF60653,2026-07-01 0:00
M,USD,MXN,2001-03-23,9.5188,1,1,SF60653,2026-07-01 0:00
M,USD,MXN,2001-03-24,9.5722,1,1,SF60653,2026-07-01 0:00
M,USD,MXN,2001-03-25,9.5722,1,1,SF60653,2026-07-01 0:00
M,USD,MXN,2001-03-26,9.5722,1,1,SF60653,2026-07-01 0:00
M,USD,MXN,2001-03-27,9.654,1,1,SF60653,2026-07-01 0:00
M,USD,MXN,2001-03-28,9.5315,1,1,SF60653,2026-07-01 0:00
M,USD,MXN,2001-03-29,9.5139,1,1,SF60653,2026-07-01 0:00
M,USD,MXN,2001-03-30,9.538,1,1,SF60653,2026-07-01 0:00
M,USD,MXN,2001-03-31,9.5203,1,1,SF60653,2026-07-01 0:00
M,USD,MXN,2001-04-01,9.5203,1,1,SF60653,2026-07-01 0:00
M,USD,MXN,2001-04-02,9.5203,1,1,SF60653,2026-07-01 0:00
M,USD,MXN,2001-04-03,9.4933,1,1,SF60653,2026-07-01 0:00
M,USD,MXN,2001-04-04,9.4152,1,1,SF60653,2026-07-01 0:00
M,USD,MXN,2001-04-05,9.3914,1,1,SF60653,2026-07-01 0:00
M,USD,MXN,2001-04-06,9.4201,1,1,SF60653,2026-07-01 0:00
M,USD,MXN,2001-04-07,9.414,1,1,SF60653,2026-07-01 0:00
M,USD,MXN,2001-04-08,9.414,1,1,SF60653,2026-07-01 0:00
M,USD,MXN,2001-04-09,9.414,1,1,SF60653,2026-07-01 0:00
M,USD,MXN,2001-04-10,9.4059,1,1,SF60653,2026-07-01 0:00
M,USD,MXN,2001-04-11,9.3587,1,1,SF60653,2026-07-01 0:00
M,USD,MXN,2001-04-12,9.3093,1,1,SF60653,2026-07-01 0:00
M,USD,MXN,2001-04-13,9.3093,1,1,SF60653,2026-07-01 0:00
M,USD,MXN,2001-04-14,9.3093,1,1,SF60653,2026-07-01 0:00
M,USD,MXN,2001-04-15,9.3093,1,1,SF60653,2026-07-01 0:00
M,USD,MXN,2001-04-16,9.3093,1,1,SF60653,2026-07-01 0:00
M,USD,MXN,2001-04-17,9.2908,1,1,SF60653,2026-07-01 0:00
M,USD,MXN,2001-04-18,9.323,1,1,SF60653,2026-07-01 0:00
M,USD,MXN,2001-04-19,9.2723,1,1,SF60653,2026-07-01 0:00
M,USD,MXN,2001-04-20,9.1966,1,1,SF60653,2026-07-01 0:00
M,USD,MXN,2001-04-21,9.2748,1,1,SF60653,2026-07-01 0:00
M,USD,MXN,2001-04-22,9.2748,1,1,SF60653,2026-07-01 0:00
M,USD,MXN,2001-04-23,9.2748,1,1,SF60653,2026-07-01 0:00
M,USD,MXN,2001-04-24,9.3525,1,1,SF60653,2026-07-01 0:00
M,USD,MXN,2001-04-25,9.37,1,1,SF60653,2026-07-01 0:00
M,USD,MXN,2001-04-26,9.2768,1,1,SF60653,2026-07-01 0:00
M,USD,MXN,2001-04-27,9.3123,1,1,SF60653,2026-07-01 0:00
M,USD,MXN,2001-04-28,9.2671,1,1,SF60653,2026-07-01 0:00
M,USD,MXN,2001-04-29,9.2671,1,1,SF60653,2026-07-01 0:00
M,USD,MXN,2001-04-30,9.2671,1,1,SF60653,2026-07-01 0:00
M,USD,MXN,2001-05-01,9.3049,1,1,SF60653,2026-07-01 0:00
M,USD,MXN,2001-05-02,9.3049,1,1,SF60653,2026-07-01 0:00
M,USD,MXN,2001-05-03,9.2537,1,1,SF60653,2026-07-01 0:00
M,USD,MXN,2001-05-04,9.283,1,1,SF60653,2026-07-01 0:00
M,USD,MXN,2001-05-05,9.2873,1,1,SF60653,2026-07-01 0:00
M,USD,MXN,2001-05-06,9.2873,1,1,SF60653,2026-07-01 0:00
M,USD,MXN,2001-05-07,9.2873,1,1,SF60653,2026-07-01 0:00
M,USD,MXN,2001-05-08,9.2579,1,1,SF60653,2026-07-01 0:00
M,USD,MXN,2001-05-09,9.2212,1,1,SF60653,2026-07-01 0:00
M,USD,MXN,2001-05-10,9.2048,1,1,SF60653,2026-07-01 0:00
M,USD,MXN,2001-05-11,9.216,1,1,SF60653,2026-07-01 0:00
M,USD,MXN,2001-05-12,9.1967,1,1,SF60653,2026-07-01 0:00
M,USD,MXN,2001-05-13,9.1967,1,1,SF60653,2026-07-01 0:00
M,USD,MXN,2001-05-14,9.1967,1,1,SF60653,2026-07-01 0:00
M,USD,MXN,2001-05-15,9.225,1,1,SF60653,2026-07-01 0:00
M,USD,MXN,2001-05-16,9.1922,1,1,SF60653,2026-07-01 0:00
M,USD,MXN,2001-05-17,9.161,1,1,SF60653,2026-07-01 0:00
M,USD,MXN,2001-05-18,9.1645,1,1,SF60653,2026-07-01 0:00
M,USD,MXN,2001-05-19,8.9952,1,1,SF60653,2026-07-01 0:00
M,USD,MXN,2001-05-20,8.9952,1,1,SF60653,2026-07-01 0:00
M,USD,MXN,2001-05-21,8.9952,1,1,SF60653,2026-07-01 0:00
M,USD,MXN,2001-05-22,8.9774,1,1,SF60653,2026-07-01 0:00
M,USD,MXN,2001-05-23,8.9428,1,1,SF60653,2026-07-01 0:00
M,USD,MXN,2001-05-24,8.966,1,1,SF60653,2026-07-01 0:00
M,USD,MXN,2001-05-25,9.0398,1,1,SF60653,2026-07-01 0:00
M,USD,MXN,2001-05-26,9.0805,1,1,SF60653,2026-07-01 0:00
M,USD,MXN,2001-05-27,9.0805,1,1,SF60653,2026-07-01 0:00
M,USD,MXN,2001-05-28,9.0805,1,1,SF60653,2026-07-01 0:00
M,USD,MXN,2001-05-29,9.0945,1,1,SF60653,2026-07-01 0:00
M,USD,MXN,2001-05-30,9.0781,1,1,SF60653,2026-07-01 0:00
M,USD,MXN,2001-05-31,9.0851,1,1,SF60653,2026-07-01 0:00
M,USD,MXN,2001-06-01,9.1653,1,1,SF60653,2026-07-01 0:00
M,USD,MXN,2001-06-02,9.1835,1,1,SF60653,2026-07-01 0:00
M,USD,MXN,2001-06-03,9.1835,1,1,SF60653,2026-07-01 0:00
M,USD,MXN,2001-06-04,9.1835,1,1,SF60653,2026-07-01 0:00
M,USD,MXN,2001-06-05,9.1735,1,1,SF60653,2026-07-01 0:00
M,USD,MXN,2001-06-06,9.1369,1,1,SF60653,2026-07-01 0:00
M,USD,MXN,2001-06-07,9.1722,1,1,SF60653,2026-07-01 0:00
M,USD,MXN,2001-06-08,9.1208,1,1,SF60653,2026-07-01 0:00
M,USD,MXN,2001-06-09,9.1235,1,1,SF60653,2026-07-01 0:00
M,USD,MXN,2001-06-10,9.1235,1,1,SF60653,2026-07-01 0:00
M,USD,MXN,2001-06-11,9.1235,1,1,SF60653,2026-07-01 0:00
M,USD,MXN,2001-06-12,9.068,1,1,SF60653,2026-07-01 0:00
M,USD,MXN,2001-06-13,9.029,1,1,SF60653,2026-07-01 0:00
M,USD,MXN,2001-06-14,9.094,1,1,SF60653,2026-07-01 0:00
M,USD,MXN,2001-06-15,9.118,1,1,SF60653,2026-07-01 0:00
M,USD,MXN,2001-06-16,9.0523,1,1,SF60653,2026-07-01 0:00
M,USD,MXN,2001-06-17,9.0523,1,1,SF60653,2026-07-01 0:00
M,USD,MXN,2001-06-18,9.0523,1,1,SF60653,2026-07-01 0:00
M,USD,MXN,2001-06-19,9.0522,1,1,SF60653,2026-07-01 0:00
M,USD,MXN,2001-06-20,9.0502,1,1,SF60653,2026-07-01 0:00
M,USD,MXN,2001-06-21,9.0792,1,1,SF60653,2026-07-01 0:00
M,USD,MXN,2001-06-22,9.0798,1,1,SF60653,2026-07-01 0:00
M,USD,MXN,2001-06-23,9.057,1,1,SF60653,2026-07-01 0:00
M,USD,MXN,2001-06-24,9.057,1,1,SF60653,2026-07-01 0:00
M,USD,MXN,2001-06-25,9.057,1,1,SF60653,2026-07-01 0:00
M,USD,MXN,2001-06-26,9.073,1,1,SF60653,2026-07-01 0:00
M,USD,MXN,2001-06-27,9.0595,1,1,SF60653,2026-07-01 0:00
M,USD,MXN,2001-06-28,9.0606,1,1,SF60653,2026-07-01 0:00
M,USD,MXN,2001-06-29,9.0608,1,1,SF60653,2026-07-01 0:00
M,USD,MXN,2001-06-30,9.09,1,1,SF60653,2026-07-01 0:00
M,USD,MXN,2001-07-01,9.09,1,1,SF60653,2026-07-01 0:00
M,USD,MXN,2001-07-02,9.09,1,1,SF60653,2026-07-01 0:00
M,USD,MXN,2001-07-03,9.0708,1,1,SF60653,2026-07-01 0:00
M,USD,MXN,2001-07-04,9.0221,1,1,SF60653,2026-07-01 0:00
M,USD,MXN,2001-07-05,9.0258,1,1,SF60653,2026-07-01 0:00
M,USD,MXN,2001-07-06,9.0707,1,1,SF60653,2026-07-01 0:00
M,USD,MXN,2001-07-07,9.0312,1,1,SF60653,2026-07-01 0:00
M,USD,MXN,2001-07-08,9.0312,1,1,SF60653,2026-07-01 0:00
M,USD,MXN,2001-07-09,9.0312,1,1,SF60653,2026-07-01 0:00
M,USD,MXN,2001-07-10,9.1503,1,1,SF60653,2026-07-01 0:00
M,USD,MXN,2001-07-11,9.1193,1,1,SF60653,2026-07-01 0:00
M,USD,MXN,2001-07-12,9.1476,1,1,SF60653,2026-07-01 0:00
M,USD,MXN,2001-07-13,9.2953,1,1,SF60653,2026-07-01 0:00
M,USD,MXN,2001-07-14,9.342,1,1,SF60653,2026-07-01 0:00
M,USD,MXN,2001-07-15,9.342,1,1,SF60653,2026-07-01 0:00
M,USD,MXN,2001-07-16,9.342,1,1,SF60653,2026-07-01 0:00
M,USD,MXN,2001-07-17,9.3542,1,1,SF60653,2026-07-01 0:00
M,USD,MXN,2001-07-18,9.2918,1,1,SF60653,2026-07-01 0:00
M,USD,MXN,2001-07-19,9.1855,1,1,SF60653,2026-07-01 0:00
M,USD,MXN,2001-07-20,9.1283,1,1,SF60653,2026-07-01 0:00
M,USD,MXN,2001-07-21,9.2,1,1,SF60653,2026-07-01 0:00
M,USD,MXN,2001-07-22,9.2,1,1,SF60653,2026-07-01 0:00
M,USD,MXN,2001-07-23,9.2,1,1,SF60653,2026-07-01 0:00
M,USD,MXN,2001-07-24,9.1796,1,1,SF60653,2026-07-01 0:00
M,USD,MXN,2001-07-25,9.1107,1,1,SF60653,2026-07-01 0:00
M,USD,MXN,2001-07-26,9.1087,1,1,SF60653,2026-07-01 0:00
M,USD,MXN,2001-07-27,9.1599,1,1,SF60653,2026-07-01 0:00
M,USD,MXN,2001-07-28,9.157,1,1,SF60653,2026-07-01 0:00
M,USD,MXN,2001-07-29,9.157,1,1,SF60653,2026-07-01 0:00
M,USD,MXN,2001-07-30,9.157,1,1,SF60653,2026-07-01 0:00
M,USD,MXN,2001-07-31,9.192,1,1,SF60653,2026-07-01 0:00
M,USD,MXN,2001-08-01,9.1472,1,1,SF60653,2026-07-01 0:00
M,USD,MXN,2001-08-02,9.1408,1,1,SF60653,2026-07-01 0:00
M,USD,MXN,2001-08-03,9.2111,1,1,SF60653,2026-07-01 0:00
M,USD,MXN,2001-08-04,9.1698,1,1,SF60653,2026-07-01 0:00
M,USD,MXN,2001-08-05,9.1698,1,1,SF60653,2026-07-01 0:00
M,USD,MXN,2001-08-06,9.1698,1,1,SF60653,2026-07-01 0:00
M,USD,MXN,2001-08-07,9.1638,1,1,SF60653,2026-07-01 0:00
M,USD,MXN,2001-08-08,9.1292,1,1,SF60653,2026-07-01 0:00
M,USD,MXN,2001-08-09,9.12,1,1,SF60653,2026-07-01 0:00
M,USD,MXN,2001-08-10,9.0958,1,1,SF60653,2026-07-01 0:00
M,USD,MXN,2001-08-11,9.0897,1,1,SF60653,2026-07-01 0:00
M,USD,MXN,2001-08-12,9.0897,1,1,SF60653,2026-07-01 0:00
M,USD,MXN,2001-08-13,9.0897,1,1,SF60653,2026-07-01 0:00
M,USD,MXN,2001-08-14,9.1247,1,1,SF60653,2026-07-01 0:00
M,USD,MXN,2001-08-15,9.0863,1,1,SF60653,2026-07-01 0:00
M,USD,MXN,2001-08-16,9.1206,1,1,SF60653,2026-07-01 0:00
M,USD,MXN,2001-08-17,9.094,1,1,SF60653,2026-07-01 0:00
M,USD,MXN,2001-08-18,9.0833,1,1,SF60653,2026-07-01 0:00
M,USD,MXN,2001-08-19,9.0833,1,1,SF60653,2026-07-01 0:00
M,USD,MXN,2001-08-20,9.0833,1,1,SF60653,2026-07-01 0:00
M,USD,MXN,2001-08-21,9.1155,1,1,SF60653,2026-07-01 0:00
M,USD,MXN,2001-08-22,9.1383,1,1,SF60653,2026-07-01 0:00
M,USD,MXN,2001-08-23,9.1227,1,1,SF60653,2026-07-01 0:00
M,USD,MXN,2001-08-24,9.1158,1,1,SF60653,2026-07-01 0:00
M,USD,MXN,2001-08-25,9.1205,1,1,SF60653,2026-07-01 0:00
M,USD,MXN,2001-08-26,9.1205,1,1,SF60653,2026-07-01 0:00
M,USD,MXN,2001-08-27,9.1205,1,1,SF60653,2026-07-01 0:00
M,USD,MXN,2001-08-28,9.1444,1,1,SF60653,2026-07-01 0:00
M,USD,MXN,2001-08-29,9.1123,1,1,SF60653,2026-07-01 0:00
M,USD,MXN,2001-08-30,9.1365,1,1,SF60653,2026-07-01 0:00
M,USD,MXN,2001-08-31,9.1438,1,1,SF60653,2026-07-01 0:00
M,USD,MXN,2001-09-01,9.1692,1,1,SF60653,2026-07-01 0:00
M,USD,MXN,2001-09-02,9.1692,1,1,SF60653,2026-07-01 0:00
M,USD,MXN,2001-09-03,9.1692,1,1,SF60653,2026-07-01 0:00
M,USD,MXN,2001-09-04,9.2,1,1,SF60653,2026-07-01 0:00
M,USD,MXN,2001-09-05,9.1936,1,1,SF60653,2026-07-01 0:00
M,USD,MXN,2001-09-06,9.1957,1,1,SF60653,2026-07-01 0:00
M,USD,MXN,2001-09-07,9.2587,1,1,SF60653,2026-07-01 0:00
M,USD,MXN,2001-09-08,9.2898,1,1,SF60653,2026-07-01 0:00
M,USD,MXN,2001-09-09,9.2898,1,1,SF60653,2026-07-01 0:00
M,USD,MXN,2001-09-10,9.2898,1,1,SF60653,2026-07-01 0:00
M,USD,MXN,2001-09-11,9.3242,1,1,SF60653,2026-07-01 0:00
M,USD,MXN,2001-09-12,9.3716,1,1,SF60653,2026-07-01 0:00
M,USD,MXN,2001-09-13,9.5475,1,1,SF60653,2026-07-01 0:00
M,USD,MXN,2001-09-14,9.4447,1,1,SF60653,2026-07-01 0:00
M,USD,MXN,2001-09-15,9.4748,1,1,SF60653,2026-07-01 0:00
M,USD,MXN,2001-09-16,9.4748,1,1,SF60653,2026-07-01 0:00
M,USD,MXN,2001-09-17,9.4748,1,1,SF60653,2026-07-01 0:00
M,USD,MXN,2001-09-18,9.4942,1,1,SF60653,2026-07-01 0:00
M,USD,MXN,2001-09-19,9.4478,1,1,SF60653,2026-07-01 0:00
M,USD,MXN,2001-09-20,9.4455,1,1,SF60653,2026-07-01 0:00
M,USD,MXN,2001-09-21,9.4185,1,1,SF60653,2026-07-01 0:00
M,USD,MXN,2001-09-22,9.4802,1,1,SF60653,2026-07-01 0:00
M,USD,MXN,2001-09-23,9.4802,1,1,SF60653,2026-07-01 0:00
M,USD,MXN,2001-09-24,9.4802,1,1,SF60653,2026-07-01 0:00
M,USD,MXN,2001-09-25,9.4848,1,1,SF60653,2026-07-01 0:00
M,USD,MXN,2001-09-26,9.4315,1,1,SF60653,2026-07-01 0:00
M,USD,MXN,2001-09-27,9.4842,1,1,SF60653,2026-07-01 0:00
M,USD,MXN,2001-09-28,9.5258,1,1,SF60653,2026-07-01 0:00
M,USD,MXN,2001-09-29,9.5542,1,1,SF60653,2026-07-01 0:00
M,USD,MXN,2001-09-30,9.5542,1,1,SF60653,2026-07-01 0:00
M,USD,MXN,2001-10-01,9.5542,1,1,SF60653,2026-07-01 0:00
M,USD,MXN,2001-10-02,9.5098,1,1,SF60653,2026-07-01 0:00
M,USD,MXN,2001-10-03,9.5037,1,1,SF60653,2026-07-01 0:00
M,USD,MXN,2001-10-04,9.5217,1,1,SF60653,2026-07-01 0:00
M,USD,MXN,2001-10-05,9.5273,1,1,SF60653,2026-07-01 0:00
M,USD,MXN,2001-10-06,9.5243,1,1,SF60653,2026-07-01 0:00
M,USD,MXN,2001-10-07,9.5243,1,1,SF60653,2026-07-01 0:00
M,USD,MXN,2001-10-08,9.5243,1,1,SF60653,2026-07-01 0:00
M,USD,MXN,2001-10-09,9.5808,1,1,SF60653,2026-07-01 0:00
M,USD,MXN,2001-10-10,9.5666,1,1,SF60653,2026-07-01 0:00
M,USD,MXN,2001-10-11,9.5163,1,1,SF60653,2026-07-01 0:00
M,USD,MXN,2001-10-12,9.4053,1,1,SF60653,2026-07-01 0:00
M,USD,MXN,2001-10-13,9.3397,1,1,SF60653,2026-07-01 0:00
M,USD,MXN,2001-10-14,9.3397,1,1,SF60653,2026-07-01 0:00
M,USD,MXN,2001-10-15,9.3397,1,1,SF60653,2026-07-01 0:00
M,USD,MXN,2001-10-16,9.3538,1,1,SF60653,2026-07-01 0:00
M,USD,MXN,2001-10-17,9.2753,1,1,SF60653,2026-07-01 0:00
M,USD,MXN,2001-10-18,9.235,1,1,SF60653,2026-07-01 0:00
M,USD,MXN,2001-10-19,9.234,1,1,SF60653,2026-07-01 0:00
M,USD,MXN,2001-10-20,9.231,1,1,SF60653,2026-07-01 0:00
M,USD,MXN,2001-10-21,9.231,1,1,SF60653,2026-07-01 0:00
M,USD,MXN,2001-10-22,9.231,1,1,SF60653,2026-07-01 0:00
M,USD,MXN,2001-10-23,9.1971,1,1,SF60653,2026-07-01 0:00
M,USD,MXN,2001-10-24,9.1977,1,1,SF60653,2026-07-01 0:00
M,USD,MXN,2001-10-25,9.2243,1,1,SF60653,2026-07-01 0:00
M,USD,MXN,2001-10-26,9.2173,1,1,SF60653,2026-07-01 0:00
M,USD,MXN,2001-10-27,9.2469,1,1,SF60653,2026-07-01 0:00
M,USD,MXN,2001-10-28,9.2469,1,1,SF60653,2026-07-01 0:00
M,USD,MXN,2001-10-29,9.2469,1,1,SF60653,2026-07-01 0:00
M,USD,MXN,2001-10-30,9.2722,1,1,SF60653,2026-07-01 0:00
M,USD,MXN,2001-10-31,9.2421,1,1,SF60653,2026-07-01 0:00
M,USD,MXN,2001-11-01,9.2682,1,1,SF60653,2026-07-01 0:00
M,USD,MXN,2001-11-02,9.2542,1,1,SF60653,2026-07-01 0:00
M,USD,MXN,2001-11-03,9.2892,1,1,SF60653,2026-07-01 0:00
M,USD,MXN,2001-11-04,9.2892,1,1,SF60653,2026-07-01 0:00
M,USD,MXN,2001-11-05,9.2892,1,1,SF60653,2026-07-01 0:00
M,USD,MXN,2001-11-06,9.2783,1,1,SF60653,2026-07-01 0:00
M,USD,MXN,2001-11-07,9.2221,1,1,SF60653,2026-07-01 0:00
M,USD,MXN,2001-11-08,9.2132,1,1,SF60653,2026-07-01 0:00
M,USD,MXN,2001-11-09,9.2088,1,1,SF60653,2026-07-01 0:00
M,USD,MXN,2001-11-10,9.2115,1,1,SF60653,2026-07-01 0:00
M,USD,MXN,2001-11-11,9.2115,1,1,SF60653,2026-07-01 0:00
M,USD,MXN,2001-11-12,9.2115,1,1,SF60653,2026-07-01 0:00
M,USD,MXN,2001-11-13,9.2318,1,1,SF60653,2026-07-01 0:00
M,USD,MXN,2001-11-14,9.2708,1,1,SF60653,2026-07-01 0:00
M,USD,MXN,2001-11-15,9.2519,1,1,SF60653,2026-07-01 0:00
M,USD,MXN,2001-11-16,9.2362,1,1,SF60653,2026-07-01 0:00
M,USD,MXN,2001-11-17,9.2028,1,1,SF60653,2026-07-01 0:00
M,USD,MXN,2001-11-18,9.2028,1,1,SF60653,2026-07-01 0:00
M,USD,MXN,2001-11-19,9.2028,1,1,SF60653,2026-07-01 0:00
M,USD,MXN,2001-11-20,9.2121,1,1,SF60653,2026-07-01 0:00
M,USD,MXN,2001-11-21,9.2121,1,1,SF60653,2026-07-01 0:00
M,USD,MXN,2001-11-22,9.1968,1,1,SF60653,2026-07-01 0:00
M,USD,MXN,2001-11-23,9.1409,1,1,SF60653,2026-07-01 0:00
M,USD,MXN,2001-11-24,9.1547,1,1,SF60653,2026-07-01 0:00
M,USD,MXN,2001-11-25,9.1547,1,1,SF60653,2026-07-01 0:00
M,USD,MXN,2001-11-26,9.1547,1,1,SF60653,2026-07-01 0:00
M,USD,MXN,2001-11-27,9.1476,1,1,SF60653,2026-07-01 0:00
M,USD,MXN,2001-11-28,9.1647,1,1,SF60653,2026-07-01 0:00
M,USD,MXN,2001-11-29,9.2372,1,1,SF60653,2026-07-01 0:00
M,USD,MXN,2001-11-30,9.2762,1,1,SF60653,2026-07-01 0:00
M,USD,MXN,2001-12-01,9.2815,1,1,SF60653,2026-07-01 0:00
M,USD,MXN,2001-12-02,9.2815,1,1,SF60653,2026-07-01 0:00
M,USD,MXN,2001-12-03,9.2815,1,1,SF60653,2026-07-01 0:00
M,USD,MXN,2001-12-04,9.2681,1,1,SF60653,2026-07-01 0:00
M,USD,MXN,2001-12-05,9.205,1,1,SF60653,2026-07-01 0:00
M,USD,MXN,2001-12-06,9.2197,1,1,SF60653,2026-07-01 0:00
M,USD,MXN,2001-12-07,9.2165,1,1,SF60653,2026-07-01 0:00
M,USD,MXN,2001-12-08,9.2401,1,1,SF60653,2026-07-01 0:00
M,USD,MXN,2001-12-09,9.2401,1,1,SF60653,2026-07-01 0:00
M,USD,MXN,2001-12-10,9.2401,1,1,SF60653,2026-07-01 0:00
M,USD,MXN,2001-12-11,9.2124,1,1,SF60653,2026-07-01 0:00
M,USD,MXN,2001-12-12,9.1865,1,1,SF60653,2026-07-01 0:00
M,USD,MXN,2001-12-13,9.1865,1,1,SF60653,2026-07-01 0:00
M,USD,MXN,2001-12-14,9.1819,1,1,SF60653,2026-07-01 0:00
M,USD,MXN,2001-12-15,9.1204,1,1,SF60653,2026-07-01 0:00
M,USD,MXN,2001-12-16,9.1204,1,1,SF60653,2026-07-01 0:00
M,USD,MXN,2001-12-17,9.1204,1,1,SF60653,2026-07-01 0:00
M,USD,MXN,2001-12-18,9.0798,1,1,SF60653,2026-07-01 0:00
M,USD,MXN,2001-12-19,9.1198,1,1,SF60653,2026-07-01 0:00
M,USD,MXN,2001-12-20,9.1052,1,1,SF60653,2026-07-01 0:00
M,USD,MXN,2001-12-21,9.1175,1,1,SF60653,2026-07-01 0:00
M,USD,MXN,2001-12-22,9.1682,1,1,SF60653,2026-07-01 0:00
M,USD,MXN,2001-12-23,9.1682,1,1,SF60653,2026-07-01 0:00
M,USD,MXN,2001-12-24,9.1682,1,1,SF60653,2026-07-01 0:00
M,USD,MXN,2001-12-25,9.1235,1,1,SF60653,2026-07-01 0:00
M,USD,MXN,2001-12-26,9.1235,1,1,SF60653,2026-07-01 0:00
M,USD,MXN,2001-12-27,9.0923,1,1,SF60653,2026-07-01 0:00
M,USD,MXN,2001-12-28,9.0957,1,1,SF60653,2026-07-01 0:00
M,USD,MXN,2001-12-29,9.1423,1,1,SF60653,2026-07-01 0:00
M,USD,MXN,2001-12-30,9.1423,1,1,SF60653,2026-07-01 0:00
M,USD,MXN,2001-12-31,9.1423,1,1,SF60653,2026-07-01 0:00
M,USD,MXN,2002-01-01,9.1692,1,1,SF60653,2026-07-01 0:00
M,USD,MXN,2002-01-02,9.1692,1,1,SF60653,2026-07-01 0:00
M,USD,MXN,2002-01-03,9.1695,1,1,SF60653,2026-07-01 0:00
M,USD,MXN,2002-01-04,9.1037,1,1,SF60653,2026-07-01 0:00
M,USD,MXN,2002-01-05,9.1142,1,1,SF60653,2026-07-01 0:00
M,USD,MXN,2002-01-06,9.1142,1,1,SF60653,2026-07-01 0:00
M,USD,MXN,2002-01-07,9.1142,1,1,SF60653,2026-07-01 0:00
M,USD,MXN,2002-01-08,9.1368,1,1,SF60653,2026-07-01 0:00
M,USD,MXN,2002-01-09,9.1554,1,1,SF60653,2026-07-01 0:00
M,USD,MXN,2002-01-10,9.1678,1,1,SF60653,2026-07-01 0:00
M,USD,MXN,2002-01-11,9.2044,1,1,SF60653,2026-07-01 0:00
M,USD,MXN,2002-01-12,9.2444,1,1,SF60653,2026-07-01 0:00
M,USD,MXN,2002-01-13,9.2444,1,1,SF60653,2026-07-01 0:00
M,USD,MXN,2002-01-14,9.2444,1,1,SF60653,2026-07-01 0:00
M,USD,MXN,2002-01-15,9.2734,1,1,SF60653,2026-07-01 0:00
M,USD,MXN,2002-01-16,9.1923,1,1,SF60653,2026-07-01 0:00
M,USD,MXN,2002-01-17,9.1711,1,1,SF60653,2026-07-01 0:00
M,USD,MXN,2002-01-18,9.1993,1,1,SF60653,2026-07-01 0:00
M,USD,MXN,2002-01-19,9.1255,1,1,SF60653,2026-07-01 0:00
M,USD,MXN,2002-01-20,9.1255,1,1,SF60653,2026-07-01 0:00
M,USD,MXN,2002-01-21,9.1255,1,1,SF60653,2026-07-01 0:00
M,USD,MXN,2002-01-22,9.119,1,1,SF60653,2026-07-01 0:00
M,USD,MXN,2002-01-23,9.1219,1,1,SF60653,2026-07-01 0:00
M,USD,MXN,2002-01-24,9.1521,1,1,SF60653,2026-07-01 0:00
M,USD,MXN,2002-01-25,9.148,1,1,SF60653,2026-07-01 0:00
M,USD,MXN,2002-01-26,9.1227,1,1,SF60653,2026-07-01 0:00
M,USD,MXN,2002-01-27,9.1227,1,1,SF60653,2026-07-01 0:00
M,USD,MXN,2002-01-28,9.1227,1,1,SF60653,2026-07-01 0:00
M,USD,MXN,2002-01-29,9.1295,1,1,SF60653,2026-07-01 0:00
M,USD,MXN,2002-01-30,9.1585,1,1,SF60653,2026-07-01 0:00
M,USD,MXN,2002-01-31,9.1714,1,1,SF60653,2026-07-01 0:00
M,USD,MXN,2002-02-01,9.1974,1,1,SF60653,2026-07-01 0:00
M,USD,MXN,2002-02-02,9.1463,1,1,SF60653,2026-07-01 0:00
M,USD,MXN,2002-02-03,9.1463,1,1,SF60653,2026-07-01 0:00
M,USD,MXN,2002-02-04,9.1463,1,1,SF60653,2026-07-01 0:00
M,USD,MXN,2002-02-05,9.1544,1,1,SF60653,2026-07-01 0:00
M,USD,MXN,2002-02-06,9.1544,1,1,SF60653,2026-07-01 0:00
M,USD,MXN,2002-02-07,9.1627,1,1,SF60653,2026-07-01 0:00
M,USD,MXN,2002-02-08,9.1294,1,1,SF60653,2026-07-01 0:00
M,USD,MXN,2002-02-09,9.1381,1,1,SF60653,2026-07-01 0:00
M,USD,MXN,2002-02-10,9.1381,1,1,SF60653,2026-07-01 0:00
M,USD,MXN,2002-02-11,9.1381,1,1,SF60653,2026-07-01 0:00
M,USD,MXN,2002-02-12,9.1465,1,1,SF60653,2026-07-01 0:00
M,USD,MXN,2002-02-13,9.0787,1,1,SF60653,2026-07-01 0:00
M,USD,MXN,2002-02-14,9.0896,1,1,SF60653,2026-07-01 0:00
M,USD,MXN,2002-02-15,9.0607,1,1,SF60653,2026-07-01 0:00
M,USD,MXN,2002-02-16,9.0838,1,1,SF60653,2026-07-01 0:00
M,USD,MXN,2002-02-17,9.0838,1,1,SF60653,2026-07-01 0:00
M,USD,MXN,2002-02-18,9.0838,1,1,SF60653,2026-07-01 0:00
M,USD,MXN,2002-02-19,9.0652,1,1,SF60653,2026-07-01 0:00
M,USD,MXN,2002-02-20,9.0638,1,1,SF60653,2026-07-01 0:00
M,USD,MXN,2002-02-21,9.069,1,1,SF60653,2026-07-01 0:00
M,USD,MXN,2002-02-22,9.0858,1,1,SF60653,2026-07-01 0:00
M,USD,MXN,2002-02-23,9.0757,1,1,SF60653,2026-07-01 0:00
M,USD,MXN,2002-02-24,9.0757,1,1,SF60653,2026-07-01 0:00
M,USD,MXN,2002-02-25,9.0757,1,1,SF60653,2026-07-01 0:00
M,USD,MXN,2002-02-26,9.1061,1,1,SF60653,2026-07-01 0:00
M,USD,MXN,2002-02-27,9.0831,1,1,SF60653,2026-07-01 0:00
M,USD,MXN,2002-02-28,9.0815,1,1,SF60653,2026-07-01 0:00
M,USD,MXN,2002-03-01,9.0919,1,1,SF60653,2026-07-01 0:00
M,USD,MXN,2002-03-02,9.1303,1,1,SF60653,2026-07-01 0:00
M,USD,MXN,2002-03-03,9.1303,1,1,SF60653,2026-07-01 0:00
M,USD,MXN,2002-03-04,9.1303,1,1,SF60653,2026-07-01 0:00
M,USD,MXN,2002-03-05,9.0957,1,1,SF60653,2026-07-01 0:00
M,USD,MXN,2002-03-06,9.0723,1,1,SF60653,2026-07-01 0:00
M,USD,MXN,2002-03-07,9.077,1,1,SF60653,2026-07-01 0:00
M,USD,MXN,2002-03-08,9.0797,1,1,SF60653,2026-07-01 0:00
M,USD,MXN,2002-03-09,9.0753,1,1,SF60653,2026-07-01 0:00
M,USD,MXN,2002-03-10,9.0753,1,1,SF60653,2026-07-01 0:00
M,USD,MXN,2002-03-11,9.0753,1,1,SF60653,2026-07-01 0:00
M,USD,MXN,2002-03-12,9.0728,1,1,SF60653,2026-07-01 0:00
M,USD,MXN,2002-03-13,9.0703,1,1,SF60653,2026-07-01 0:00
M,USD,MXN,2002-03-14,9.0753,1,1,SF60653,2026-07-01 0:00
M,USD,MXN,2002-03-15,9.1153,1,1,SF60653,2026-07-01 0:00
M,USD,MXN,2002-03-16,9.1182,1,1,SF60653,2026-07-01 0:00
M,USD,MXN,2002-03-17,9.1182,1,1,SF60653,2026-07-01 0:00
M,USD,MXN,2002-03-18,9.1182,1,1,SF60653,2026-07-01 0:00
M,USD,MXN,2002-03-19,9.0929,1,1,SF60653,2026-07-01 0:00
M,USD,MXN,2002-03-20,9.0733,1,1,SF60653,2026-07-01 0:00
M,USD,MXN,2002-03-21,9.0742,1,1,SF60653,2026-07-01 0:00
M,USD,MXN,2002-03-22,9.0742,1,1,SF60653,2026-07-01 0:00
M,USD,MXN,2002-03-23,9.0707,1,1,SF60653,2026-07-01 0:00
M,USD,MXN,2002-03-24,9.0707,1,1,SF60653,2026-07-01 0:00
M,USD,MXN,2002-03-25,9.0707,1,1,SF60653,2026-07-01 0:00
M,USD,MXN,2002-03-26,9.0403,1,1,SF60653,2026-07-01 0:00
M,USD,MXN,2002-03-27,9.0298,1,1,SF60653,2026-07-01 0:00
M,USD,MXN,2002-03-28,9.0243,1,1,SF60653,2026-07-01 0:00
M,USD,MXN,2002-03-29,9.0243,1,1,SF60653,2026-07-01 0:00
M,USD,MXN,2002-03-30,9.0243,1,1,SF60653,2026-07-01 0:00
M,USD,MXN,2002-03-31,9.0243,1,1,SF60653,2026-07-01 0:00
M,USD,MXN,2002-04-01,9.0243,1,1,SF60653,2026-07-01 0:00
M,USD,MXN,2002-04-02,9.016,1,1,SF60653,2026-07-01 0:00
M,USD,MXN,2002-04-03,9.0049,1,1,SF60653,2026-07-01 0:00
M,USD,MXN,2002-04-04,8.998,1,1,SF60653,2026-07-01 0:00
M,USD,MXN,2002-04-05,9.0398,1,1,SF60653,2026-07-01 0:00
M,USD,MXN,2002-04-06,9.0468,1,1,SF60653,2026-07-01 0:00
M,USD,MXN,2002-04-07,9.0468,1,1,SF60653,2026-07-01 0:00
M,USD,MXN,2002-04-08,9.0468,1,1,SF60653,2026-07-01 0:00
M,USD,MXN,2002-04-09,9.0266,1,1,SF60653,2026-07-01 0:00
M,USD,MXN,2002-04-10,9.0217,1,1,SF60653,2026-07-01 0:00
M,USD,MXN,2002-04-11,9.0422,1,1,SF60653,2026-07-01 0:00
M,USD,MXN,2002-04-12,9.0446,1,1,SF60653,2026-07-01 0:00
M,USD,MXN,2002-04-13,9.0771,1,1,SF60653,2026-07-01 0:00
M,USD,MXN,2002-04-14,9.0771,1,1,SF60653,2026-07-01 0:00
M,USD,MXN,2002-04-15,9.0771,1,1,SF60653,2026-07-01 0:00
M,USD,MXN,2002-04-16,9.0749,1,1,SF60653,2026-07-01 0:00
M,USD,MXN,2002-04-17,9.1714,1,1,SF60653,2026-07-01 0:00
M,USD,MXN,2002-04-18,9.1597,1,1,SF60653,2026-07-01 0:00
M,USD,MXN,2002-04-19,9.1904,1,1,SF60653,2026-07-01 0:00
M,USD,MXN,2002-04-20,9.2345,1,1,SF60653,2026-07-01 0:00
M,USD,MXN,2002-04-21,9.2345,1,1,SF60653,2026-07-01 0:00
M,USD,MXN,2002-04-22,9.2345,1,1,SF60653,2026-07-01 0:00
M,USD,MXN,2002-04-23,9.2247,1,1,SF60653,2026-07-01 0:00
M,USD,MXN,2002-04-24,9.2663,1,1,SF60653,2026-07-01 0:00
M,USD,MXN,2002-04-25,9.2698,1,1,SF60653,2026-07-01 0:00
M,USD,MXN,2002-04-26,9.2908,1,1,SF60653,2026-07-01 0:00
M,USD,MXN,2002-04-27,9.3528,1,1,SF60653,2026-07-01 0:00
M,USD,MXN,2002-04-28,9.3528,1,1,SF60653,2026-07-01 0:00
M,USD,MXN,2002-04-29,9.3528,1,1,SF60653,2026-07-01 0:00
M,USD,MXN,2002-04-30,9.3196,1,1,SF60653,2026-07-01 0:00
M,USD,MXN,2002-05-01,9.3542,1,1,SF60653,2026-07-01 0:00
M,USD,MXN,2002-05-02,9.3542,1,1,SF60653,2026-07-01 0:00
M,USD,MXN,2002-05-03,9.372,1,1,SF60653,2026-07-01 0:00
M,USD,MXN,2002-05-04,9.417,1,1,SF60653,2026-07-01 0:00
M,USD,MXN,2002-05-05,9.417,1,1,SF60653,2026-07-01 0:00
M,USD,MXN,2002-05-06,9.417,1,1,SF60653,2026-07-01 0:00
M,USD,MXN,2002-05-07,9.4978,1,1,SF60653,2026-07-01 0:00
M,USD,MXN,2002-05-08,9.4913,1,1,SF60653,2026-07-01 0:00
M,USD,MXN,2002-05-09,9.4828,1,1,SF60653,2026-07-01 0:00
M,USD,MXN,2002-05-10,9.417,1,1,SF60653,2026-07-01 0:00
M,USD,MXN,2002-05-11,9.4463,1,1,SF60653,2026-07-01 0:00
M,USD,MXN,2002-05-12,9.4463,1,1,SF60653,2026-07-01 0:00
M,USD,MXN,2002-05-13,9.4463,1,1,SF60653,2026-07-01 0:00
M,USD,MXN,2002-05-14,9.5102,1,1,SF60653,2026-07-01 0:00
M,USD,MXN,2002-05-15,9.4933,1,1,SF60653,2026-07-01 0:00
M,USD,MXN,2002-05-16,9.5204,1,1,SF60653,2026-07-01 0:00
M,USD,MXN,2002-05-17,9.4717,1,1,SF60653,2026-07-01 0:00
M,USD,MXN,2002-05-18,9.4863,1,1,SF60653,2026-07-01 0:00
M,USD,MXN,2002-05-19,9.4863,1,1,SF60653,2026-07-01 0:00
M,USD,MXN,2002-05-20,9.4863,1,1,SF60653,2026-07-01 0:00
M,USD,MXN,2002-05-21,9.471,1,1,SF60653,2026-07-01 0:00
M,USD,MXN,2002-05-22,9.491,1,1,SF60653,2026-07-01 0:00
M,USD,MXN,2002-05-23,9.5133,1,1,SF60653,2026-07-01 0:00
M,USD,MXN,2002-05-24,9.5245,1,1,SF60653,2026-07-01 0:00
M,USD,MXN,2002-05-25,9.5165,1,1,SF60653,2026-07-01 0:00
M,USD,MXN,2002-05-26,9.5165,1,1,SF60653,2026-07-01 0:00
M,USD,MXN,2002-05-27,9.5165,1,1,SF60653,2026-07-01 0:00
M,USD,MXN,2002-05-28,9.5585,1,1,SF60653,2026-07-01 0:00
M,USD,MXN,2002-05-29,9.57,1,1,SF60653,2026-07-01 0:00
M,USD,MXN,2002-05-30,9.5586,1,1,SF60653,2026-07-01 0:00
M,USD,MXN,2002-05-31,9.6134,1,1,SF60653,2026-07-01 0:00
M,USD,MXN,2002-06-01,9.7148,1,1,SF60653,2026-07-01 0:00
M,USD,MXN,2002-06-02,9.7148,1,1,SF60653,2026-07-01 0:00
M,USD,MXN,2002-06-03,9.7148,1,1,SF60653,2026-07-01 0:00
M,USD,MXN,2002-06-04,9.6562,1,1,SF60653,2026-07-01 0:00
M,USD,MXN,2002-06-05,9.6398,1,1,SF60653,2026-07-01 0:00
M,USD,MXN,2002-06-06,9.706,1,1,SF60653,2026-07-01 0:00
M,USD,MXN,2002-06-07,9.7345,1,1,SF60653,2026-07-01 0:00
M,USD,MXN,2002-06-08,9.776,1,1,SF60653,2026-07-01 0:00
M,USD,MXN,2002-06-09,9.776,1,1,SF60653,2026-07-01 0:00
M,USD,MXN,2002-06-10,9.776,1,1,SF60653,2026-07-01 0:00
M,USD,MXN,2002-06-11,9.7412,1,1,SF60653,2026-07-01 0:00
M,USD,MXN,2002-06-12,9.6993,1,1,SF60653,2026-07-01 0:00
M,USD,MXN,2002-06-13,9.6607,1,1,SF60653,2026-07-01 0:00
M,USD,MXN,2002-06-14,9.7035,1,1,SF60653,2026-07-01 0:00
M,USD,MXN,2002-06-15,9.6532,1,1,SF60653,2026-07-01 0:00
M,USD,MXN,2002-06-16,9.6532,1,1,SF60653,2026-07-01 0:00
M,USD,MXN,2002-06-17,9.6532,1,1,SF60653,2026-07-01 0:00
M,USD,MXN,2002-06-18,9.6684,1,1,SF60653,2026-07-01 0:00
M,USD,MXN,2002-06-19,9.6078,1,1,SF60653,2026-07-01 0:00
M,USD,MXN,2002-06-20,9.6258,1,1,SF60653,2026-07-01 0:00
M,USD,MXN,2002-06-21,9.6983,1,1,SF60653,2026-07-01 0:00
M,USD,MXN,2002-06-22,9.7676,1,1,SF60653,2026-07-01 0:00
M,USD,MXN,2002-06-23,9.7676,1,1,SF60653,2026-07-01 0:00
M,USD,MXN,2002-06-24,9.7676,1,1,SF60653,2026-07-01 0:00
M,USD,MXN,2002-06-25,9.9473,1,1,SF60653,2026-07-01 0:00
M,USD,MXN,2002-06-26,9.936,1,1,SF60653,2026-07-01 0:00
M,USD,MXN,2002-06-27,9.8203,1,1,SF60653,2026-07-01 0:00
M,USD,MXN,2002-06-28,9.9998,1,1,SF60653,2026-07-01 0:00
M,USD,MXN,2002-06-29,9.9615,1,1,SF60653,2026-07-01 0:00
M,USD,MXN,2002-06-30,9.9615,1,1,SF60653,2026-07-01 0:00
M,USD,MXN,2002-07-01,9.9615,1,1,SF60653,2026-07-01 0:00
M,USD,MXN,2002-07-02,9.9568,1,1,SF60653,2026-07-01 0:00
M,USD,MXN,2002-07-03,9.9283,1,1,SF60653,2026-07-01 0:00
M,USD,MXN,2002-07-04,9.9612,1,1,SF60653,2026-07-01 0:00
M,USD,MXN,2002-07-05,9.967,1,1,SF60653,2026-07-01 0:00
M,USD,MXN,2002-07-06,9.9502,1,1,SF60653,2026-07-01 0:00
M,USD,MXN,2002-07-07,9.9502,1,1,SF60653,2026-07-01 0:00
M,USD,MXN,2002-07-08,9.9502,1,1,SF60653,2026-07-01 0:00
M,USD,MXN,2002-07-09,9.9034,1,1,SF60653,2026-07-01 0:00
M,USD,MXN,2002-07-10,9.9223,1,1,SF60653,2026-07-01 0:00
M,USD,MXN,2002-07-11,9.8552,1,1,SF60653,2026-07-01 0:00
M,USD,MXN,2002-07-12,9.8338,1,1,SF60653,2026-07-01 0:00
M,USD,MXN,2002-07-13,9.7979,1,1,SF60653,2026-07-01 0:00
M,USD,MXN,2002-07-14,9.7979,1,1,SF60653,2026-07-01 0:00
M,USD,MXN,2002-07-15,9.7979,1,1,SF60653,2026-07-01 0:00
M,USD,MXN,2002-07-16,9.7072,1,1,SF60653,2026-07-01 0:00
M,USD,MXN,2002-07-17,9.7522,1,1,SF60653,2026-07-01 0:00
M,USD,MXN,2002-07-18,9.7345,1,1,SF60653,2026-07-01 0:00
M,USD,MXN,2002-07-19,9.6468,1,1,SF60653,2026-07-01 0:00
M,USD,MXN,2002-07-20,9.6462,1,1,SF60653,2026-07-01 0:00
M,USD,MXN,2002-07-21,9.6462,1,1,SF60653,2026-07-01 0:00
M,USD,MXN,2002-07-22,9.6462,1,1,SF60653,2026-07-01 0:00
M,USD,MXN,2002-07-23,9.7053,1,1,SF60653,2026-07-01 0:00
M,USD,MXN,2002-07-24,9.6285,1,1,SF60653,2026-07-01 0:00
M,USD,MXN,2002-07-25,9.613,1,1,SF60653,2026-07-01 0:00
M,USD,MXN,2002-07-26,9.7018,1,1,SF60653,2026-07-01 0:00
M,USD,MXN,2002-07-27,9.7158,1,1,SF60653,2026-07-01 0:00
M,USD,MXN,2002-07-28,9.7158,1,1,SF60653,2026-07-01 0:00
M,USD,MXN,2002-07-29,9.7158,1,1,SF60653,2026-07-01 0:00
M,USD,MXN,2002-07-30,9.7652,1,1,SF60653,2026-07-01 0:00
M,USD,MXN,2002-07-31,9.6944,1,1,SF60653,2026-07-01 0:00
M,USD,MXN,2002-08-01,9.741,1,1,SF60653,2026-07-01 0:00
M,USD,MXN,2002-08-02,9.7861,1,1,SF60653,2026-07-01 0:00
M,USD,MXN,2002-08-03,9.8769,1,1,SF60653,2026-07-01 0:00
M,USD,MXN,2002-08-04,9.8769,1,1,SF60653,2026-07-01 0:00
M,USD,MXN,2002-08-05,9.8769,1,1,SF60653,2026-07-01 0:00
M,USD,MXN,2002-08-06,9.8412,1,1,SF60653,2026-07-01 0:00
M,USD,MXN,2002-08-07,9.7928,1,1,SF60653,2026-07-01 0:00
M,USD,MXN,2002-08-08,9.7473,1,1,SF60653,2026-07-01 0:00
M,USD,MXN,2002-08-09,9.7348,1,1,SF60653,2026-07-01 0:00
M,USD,MXN,2002-08-10,9.7335,1,1,SF60653,2026-07-01 0:00
M,USD,MXN,2002-08-11,9.7335,1,1,SF60653,2026-07-01 0:00
M,USD,MXN,2002-08-12,9.7335,1,1,SF60653,2026-07-01 0:00
M,USD,MXN,2002-08-13,9.764,1,1,SF60653,2026-07-01 0:00
M,USD,MXN,2002-08-14,9.8402,1,1,SF60653,2026-07-01 0:00
M,USD,MXN,2002-08-15,9.9512,1,1,SF60653,2026-07-01 0:00
M,USD,MXN,2002-08-16,9.9668,1,1,SF60653,2026-07-01 0:00
M,USD,MXN,2002-08-17,9.9292,1,1,SF60653,2026-07-01 0:00
M,USD,MXN,2002-08-18,9.9292,1,1,SF60653,2026-07-01 0:00
M,USD,MXN,2002-08-19,9.9292,1,1,SF60653,2026-07-01 0:00
M,USD,MXN,2002-08-20,9.8643,1,1,SF60653,2026-07-01 0:00
M,USD,MXN,2002-08-21,9.7747,1,1,SF60653,2026-07-01 0:00
M,USD,MXN,2002-08-22,9.7713,1,1,SF60653,2026-07-01 0:00
M,USD,MXN,2002-08-23,9.7854,1,1,SF60653,2026-07-01 0:00
M,USD,MXN,2002-08-24,9.8388,1,1,SF60653,2026-07-01 0:00
M,USD,MXN,2002-08-25,9.8388,1,1,SF60653,2026-07-01 0:00
M,USD,MXN,2002-08-26,9.8388,1,1,SF60653,2026-07-01 0:00
M,USD,MXN,2002-08-27,9.8488,1,1,SF60653,2026-07-01 0:00
M,USD,MXN,2002-08-28,9.8267,1,1,SF60653,2026-07-01 0:00
M,USD,MXN,2002-08-29,9.8543,1,1,SF60653,2026-07-01 0:00
M,USD,MXN,2002-08-30,9.899,1,1,SF60653,2026-07-01 0:00
M,USD,MXN,2002-08-31,9.9193,1,1,SF60653,2026-07-01 0:00
M,USD,MXN,2002-09-01,9.9193,1,1,SF60653,2026-07-01 0:00
M,USD,MXN,2002-09-02,9.9193,1,1,SF60653,2026-07-01 0:00
M,USD,MXN,2002-09-03,9.9109,1,1,SF60653,2026-07-01 0:00
M,USD,MXN,2002-09-04,9.9187,1,1,SF60653,2026-07-01 0:00
M,USD,MXN,2002-09-05,9.9789,1,1,SF60653,2026-07-01 0:00
M,USD,MXN,2002-09-06,10.0154,1,1,SF60653,2026-07-01 0:00
M,USD,MXN,2002-09-07,10.0086,1,1,SF60653,2026-07-01 0:00
M,USD,MXN,2002-09-08,10.0086,1,1,SF60653,2026-07-01 0:00
M,USD,MXN,2002-09-09,10.0086,1,1,SF60653,2026-07-01 0:00
M,USD,MXN,2002-09-10,9.9621,1,1,SF60653,2026-07-01 0:00
M,USD,MXN,2002-09-11,9.9605,1,1,SF60653,2026-07-01 0:00
M,USD,MXN,2002-09-12,9.9511,1,1,SF60653,2026-07-01 0:00
M,USD,MXN,2002-09-13,9.9654,1,1,SF60653,2026-07-01 0:00
M,USD,MXN,2002-09-14,10.0023,1,1,SF60653,2026-07-01 0:00
M,USD,MXN,2002-09-15,10.0023,1,1,SF60653,2026-07-01 0:00
M,USD,MXN,2002-09-16,10.0023,1,1,SF60653,2026-07-01 0:00
M,USD,MXN,2002-09-17,10.0023,1,1,SF60653,2026-07-01 0:00
M,USD,MXN,2002-09-18,9.9674,1,1,SF60653,2026-07-01 0:00
M,USD,MXN,2002-09-19,9.9658,1,1,SF60653,2026-07-01 0:00
M,USD,MXN,2002-09-20,10.0116,1,1,SF60653,2026-07-01 0:00
M,USD,MXN,2002-09-21,10.0628,1,1,SF60653,2026-07-01 0:00
M,USD,MXN,2002-09-22,10.0628,1,1,SF60653,2026-07-01 0:00
M,USD,MXN,2002-09-23,10.0628,1,1,SF60653,2026-07-01 0:00
M,USD,MXN,2002-09-24,10.2265,1,1,SF60653,2026-07-01 0:00
M,USD,MXN,2002-09-25,10.3578,1,1,SF60653,2026-07-01 0:00
M,USD,MXN,2002-09-26,10.2425,1,1,SF60653,2026-07-01 0:00
M,USD,MXN,2002-09-27,10.2565,1,1,SF60653,2026-07-01 0:00
M,USD,MXN,2002-09-28,10.1667,1,1,SF60653,2026-07-01 0:00
M,USD,MXN,2002-09-29,10.1667,1,1,SF60653,2026-07-01 0:00
M,USD,MXN,2002-09-30,10.1667,1,1,SF60653,2026-07-01 0:00
M,USD,MXN,2002-10-01,10.1767,1,1,SF60653,2026-07-01 0:00
M,USD,MXN,2002-10-02,10.2299,1,1,SF60653,2026-07-01 0:00
M,USD,MXN,2002-10-03,10.1573,1,1,SF60653,2026-07-01 0:00
M,USD,MXN,2002-10-04,10.1248,1,1,SF60653,2026-07-01 0:00
M,USD,MXN,2002-10-05,10.1398,1,1,SF60653,2026-07-01 0:00
M,USD,MXN,2002-10-06,10.1398,1,1,SF60653,2026-07-01 0:00
M,USD,MXN,2002-10-07,10.1398,1,1,SF60653,2026-07-01 0:00
M,USD,MXN,2002-10-08,10.184,1,1,SF60653,2026-07-01 0:00
M,USD,MXN,2002-10-09,10.2154,1,1,SF60653,2026-07-01 0:00
M,USD,MXN,2002-10-10,10.1575,1,1,SF60653,2026-07-01 0:00
M,USD,MXN,2002-10-11,10.2048,1,1,SF60653,2026-07-01 0:00
M,USD,MXN,2002-10-12,10.2195,1,1,SF60653,2026-07-01 0:00
M,USD,MXN,2002-10-13,10.2195,1,1,SF60653,2026-07-01 0:00
M,USD,MXN,2002-10-14,10.2195,1,1,SF60653,2026-07-01 0:00
M,USD,MXN,2002-10-15,10.1592,1,1,SF60653,2026-07-01 0:00
M,USD,MXN,2002-10-16,10.1084,1,1,SF60653,2026-07-01 0:00
M,USD,MXN,2002-10-17,10.0683,1,1,SF60653,2026-07-01 0:00
M,USD,MXN,2002-10-18,10.0757,1,1,SF60653,2026-07-01 0:00
M,USD,MXN,2002-10-19,9.9988,1,1,SF60653,2026-07-01 0:00
M,USD,MXN,2002-10-20,9.9988,1,1,SF60653,2026-07-01 0:00
M,USD,MXN,2002-10-21,9.9988,1,1,SF60653,2026-07-01 0:00
M,USD,MXN,2002-10-22,9.9842,1,1,SF60653,2026-07-01 0:00
M,USD,MXN,2002-10-23,9.9383,1,1,SF60653,2026-07-01 0:00
M,USD,MXN,2002-10-24,9.9723,1,1,SF60653,2026-07-01 0:00
M,USD,MXN,2002-10-25,10.0079,1,1,SF60653,2026-07-01 0:00
M,USD,MXN,2002-10-26,9.9468,1,1,SF60653,2026-07-01 0:00
M,USD,MXN,2002-10-27,9.9468,1,1,SF60653,2026-07-01 0:00
M,USD,MXN,2002-10-28,9.9468,1,1,SF60653,2026-07-01 0:00
M,USD,MXN,2002-10-29,9.9816,1,1,SF60653,2026-07-01 0:00
M,USD,MXN,2002-10-30,10.0003,1,1,SF60653,2026-07-01 0:00
M,USD,MXN,2002-10-31,10.1593,1,1,SF60653,2026-07-01 0:00
M,USD,MXN,2002-11-01,10.2263,1,1,SF60653,2026-07-01 0:00
M,USD,MXN,2002-11-02,10.1552,1,1,SF60653,2026-07-01 0:00
M,USD,MXN,2002-11-03,10.1552,1,1,SF60653,2026-07-01 0:00
M,USD,MXN,2002-11-04,10.1552,1,1,SF60653,2026-07-01 0:00
M,USD,MXN,2002-11-05,10.1992,1,1,SF60653,2026-07-01 0:00
M,USD,MXN,2002-11-06,10.182,1,1,SF60653,2026-07-01 0:00
M,USD,MXN,2002-11-07,10.2099,1,1,SF60653,2026-07-01 0:00
M,USD,MXN,2002-11-08,10.1698,1,1,SF60653,2026-07-01 0:00
M,USD,MXN,2002-11-09,10.2428,1,1,SF60653,2026-07-01 0:00
M,USD,MXN,2002-11-10,10.2428,1,1,SF60653,2026-07-01 0:00
M,USD,MXN,2002-11-11,10.2428,1,1,SF60653,2026-07-01 0:00
M,USD,MXN,2002-11-12,10.2953,1,1,SF60653,2026-07-01 0:00
M,USD,MXN,2002-11-13,10.3334,1,1,SF60653,2026-07-01 0:00
M,USD,MXN,2002-11-14,10.3447,1,1,SF60653,2026-07-01 0:00
M,USD,MXN,2002-11-15,10.2787,1,1,SF60653,2026-07-01 0:00
M,USD,MXN,2002-11-16,10.2092,1,1,SF60653,2026-07-01 0:00
M,USD,MXN,2002-11-17,10.2092,1,1,SF60653,2026-07-01 0:00
M,USD,MXN,2002-11-18,10.2092,1,1,SF60653,2026-07-01 0:00
M,USD,MXN,2002-11-19,10.2484,1,1,SF60653,2026-07-01 0:00
M,USD,MXN,2002-11-20,10.176,1,1,SF60653,2026-07-01 0:00
M,USD,MXN,2002-11-21,10.176,1,1,SF60653,2026-07-01 0:00
M,USD,MXN,2002-11-22,10.1635,1,1,SF60653,2026-07-01 0:00
M,USD,MXN,2002-11-23,10.0874,1,1,SF60653,2026-07-01 0:00
M,USD,MXN,2002-11-24,10.0874,1,1,SF60653,2026-07-01 0:00
M,USD,MXN,2002-11-25,10.0874,1,1,SF60653,2026-07-01 0:00
M,USD,MXN,2002-11-26,10.1333,1,1,SF60653,2026-07-01 0:00
M,USD,MXN,2002-11-27,10.1065,1,1,SF60653,2026-07-01 0:00
M,USD,MXN,2002-11-28,10.1535,1,1,SF60653,2026-07-01 0:00
M,USD,MXN,2002-11-29,10.1496,1,1,SF60653,2026-07-01 0:00
M,USD,MXN,2002-11-30,10.1193,1,1,SF60653,2026-07-01 0:00
M,USD,MXN,2002-12-01,10.1193,1,1,SF60653,2026-07-01 0:00
M,USD,MXN,2002-12-02,10.1193,1,1,SF60653,2026-07-01 0:00
M,USD,MXN,2002-12-03,10.1465,1,1,SF60653,2026-07-01 0:00
M,USD,MXN,2002-12-04,10.1036,1,1,SF60653,2026-07-01 0:00
M,USD,MXN,2002-12-05,10.1421,1,1,SF60653,2026-07-01 0:00
M,USD,MXN,2002-12-06,10.2287,1,1,SF60653,2026-07-01 0:00
M,USD,MXN,2002-12-07,10.2452,1,1,SF60653,2026-07-01 0:00
M,USD,MXN,2002-12-08,10.2452,1,1,SF60653,2026-07-01 0:00
M,USD,MXN,2002-12-09,10.2452,1,1,SF60653,2026-07-01 0:00
M,USD,MXN,2002-12-10,10.2724,1,1,SF60653,2026-07-01 0:00
M,USD,MXN,2002-12-11,10.1852,1,1,SF60653,2026-07-01 0:00
M,USD,MXN,2002-12-12,10.1744,1,1,SF60653,2026-07-01 0:00
M,USD,MXN,2002-12-13,10.1744,1,1,SF60653,2026-07-01 0:00
M,USD,MXN,2002-12-14,10.1785,1,1,SF60653,2026-07-01 0:00
M,USD,MXN,2002-12-15,10.1785,1,1,SF60653,2026-07-01 0:00
M,USD,MXN,2002-12-16,10.1785,1,1,SF60653,2026-07-01 0:00
M,USD,MXN,2002-12-17,10.185,1,1,SF60653,2026-07-01 0:00
M,USD,MXN,2002-12-18,10.1966,1,1,SF60653,2026-07-01 0:00
M,USD,MXN,2002-12-19,10.2053,1,1,SF60653,2026-07-01 0:00
M,USD,MXN,2002-12-20,10.2526,1,1,SF60653,2026-07-01 0:00
M,USD,MXN,2002-12-21,10.192,1,1,SF60653,2026-07-01 0:00
M,USD,MXN,2002-12-22,10.192,1,1,SF60653,2026-07-01 0:00
M,USD,MXN,2002-12-23,10.192,1,1,SF60653,2026-07-01 0:00
M,USD,MXN,2002-12-24,10.1836,1,1,SF60653,2026-07-01 0:00
M,USD,MXN,2002-12-25,10.1907,1,1,SF60653,2026-07-01 0:00
M,USD,MXN,2002-12-26,10.1907,1,1,SF60653,2026-07-01 0:00
M,USD,MXN,2002-12-27,10.2014,1,1,SF60653,2026-07-01 0:00
M,USD,MXN,2002-12-28,10.2479,1,1,SF60653,2026-07-01 0:00
M,USD,MXN,2002-12-29,10.2479,1,1,SF60653,2026-07-01 0:00
M,USD,MXN,2002-12-30,10.2479,1,1,SF60653,2026-07-01 0:00
M,USD,MXN,2002-12-31,10.3125,1,1,SF60653,2026-07-01 0:00
M,USD,MXN,2003-01-01,10.3613,1,1,SF60653,2026-07-01 0:00
M,USD,MXN,2003-01-02,10.3613,1,1,SF60653,2026-07-01 0:00
M,USD,MXN,2003-01-03,10.4393,1,1,SF60653,2026-07-01 0:00
M,USD,MXN,2003-01-04,10.3626,1,1,SF60653,2026-07-01 0:00
M,USD,MXN,2003-01-05,10.3626,1,1,SF60653,2026-07-01 0:00
M,USD,MXN,2003-01-06,10.3626,1,1,SF60653,2026-07-01 0:00
M,USD,MXN,2003-01-07,10.3856,1,1,SF60653,2026-07-01 0:00
M,USD,MXN,2003-01-08,10.4195,1,1,SF60653,2026-07-01 0:00
M,USD,MXN,2003-01-09,10.328,1,1,SF60653,2026-07-01 0:00
M,USD,MXN,2003-01-10,10.3617,1,1,SF60653,2026-07-01 0:00
M,USD,MXN,2003-01-11,10.4112,1,1,SF60653,2026-07-01 0:00
M,USD,MXN,2003-01-12,10.4112,1,1,SF60653,2026-07-01 0:00
M,USD,MXN,2003-01-13,10.4112,1,1,SF60653,2026-07-01 0:00
M,USD,MXN,2003-01-14,10.4672,1,1,SF60653,2026-07-01 0:00
M,USD,MXN,2003-01-15,10.5368,1,1,SF60653,2026-07-01 0:00
M,USD,MXN,2003-01-16,10.5274,1,1,SF60653,2026-07-01 0:00
M,USD,MXN,2003-01-17,10.4875,1,1,SF60653,2026-07-01 0:00
M,USD,MXN,2003-01-18,10.5083,1,1,SF60653,2026-07-01 0:00
M,USD,MXN,2003-01-19,10.5083,1,1,SF60653,2026-07-01 0:00
M,USD,MXN,2003-01-20,10.5083,1,1,SF60653,2026-07-01 0:00
M,USD,MXN,2003-01-21,10.59,1,1,SF60653,2026-07-01 0:00
M,USD,MXN,2003-01-22,10.6222,1,1,SF60653,2026-07-01 0:00
M,USD,MXN,2003-01-23,10.6866,1,1,SF60653,2026-07-01 0:00
M,USD,MXN,2003-01-24,10.8263,1,1,SF60653,2026-07-01 0:00
M,USD,MXN,2003-01-25,10.7708,1,1,SF60653,2026-07-01 0:00
M,USD,MXN,2003-01-26,10.7708,1,1,SF60653,2026-07-01 0:00
M,USD,MXN,2003-01-27,10.7708,1,1,SF60653,2026-07-01 0:00
M,USD,MXN,2003-01-28,10.8267,1,1,SF60653,2026-07-01 0:00
M,USD,MXN,2003-01-29,10.8875,1,1,SF60653,2026-07-01 0:00
M,USD,MXN,2003-01-30,10.8842,1,1,SF60653,2026-07-01 0:00
M,USD,MXN,2003-01-31,10.9863,1,1,SF60653,2026-07-01 0:00
M,USD,MXN,2003-02-01,10.8636,1,1,SF60653,2026-07-01 0:00
M,USD,MXN,2003-02-02,10.8636,1,1,SF60653,2026-07-01 0:00
M,USD,MXN,2003-02-03,10.8636,1,1,SF60653,2026-07-01 0:00
M,USD,MXN,2003-02-04,10.9069,1,1,SF60653,2026-07-01 0:00
M,USD,MXN,2003-02-05,10.8833,1,1,SF60653,2026-07-01 0:00
M,USD,MXN,2003-02-06,10.8833,1,1,SF60653,2026-07-01 0:00
M,USD,MXN,2003-02-07,10.9822,1,1,SF60653,2026-07-01 0:00
M,USD,MXN,2003-02-08,10.8731,1,1,SF60653,2026-07-01 0:00
M,USD,MXN,2003-02-09,10.8731,1,1,SF60653,2026-07-01 0:00
M,USD,MXN,2003-02-10,10.8731,1,1,SF60653,2026-07-01 0:00
M,USD,MXN,2003-02-11,10.8979,1,1,SF60653,2026-07-01 0:00
M,USD,MXN,2003-02-12,10.9948,1,1,SF60653,2026-07-01 0:00
M,USD,MXN,2003-02-13,10.94,1,1,SF60653,2026-07-01 0:00
M,USD,MXN,2003-02-14,10.9832,1,1,SF60653,2026-07-01 0:00
M,USD,MXN,2003-02-15,10.9723,1,1,SF60653,2026-07-01 0:00
M,USD,MXN,2003-02-16,10.9723,1,1,SF60653,2026-07-01 0:00
M,USD,MXN,2003-02-17,10.9723,1,1,SF60653,2026-07-01 0:00
M,USD,MXN,2003-02-18,10.8823,1,1,SF60653,2026-07-01 0:00
M,USD,MXN,2003-02-19,10.7667,1,1,SF60653,2026-07-01 0:00
M,USD,MXN,2003-02-20,10.7722,1,1,SF60653,2026-07-01 0:00
M,USD,MXN,2003-02-21,10.84,1,1,SF60653,2026-07-01 0:00
M,USD,MXN,2003-02-22,10.8998,1,1,SF60653,2026-07-01 0:00
M,USD,MXN,2003-02-23,10.8998,1,1,SF60653,2026-07-01 0:00
M,USD,MXN,2003-02-24,10.8998,1,1,SF60653,2026-07-01 0:00
M,USD,MXN,2003-02-25,10.9798,1,1,SF60653,2026-07-01 0:00
M,USD,MXN,2003-02-26,10.9815,1,1,SF60653,2026-07-01 0:00
M,USD,MXN,2003-02-27,11.0584,1,1,SF60653,2026-07-01 0:00
M,USD,MXN,2003-02-28,11.0329,1,1,SF60653,2026-07-01 0:00
M,USD,MXN,2003-03-01,11.0333,1,1,SF60653,2026-07-01 0:00
M,USD,MXN,2003-03-02,11.0333,1,1,SF60653,2026-07-01 0:00
M,USD,MXN,2003-03-03,11.0333,1,1,SF60653,2026-07-01 0:00
M,USD,MXN,2003-03-04,11.0324,1,1,SF60653,2026-07-01 0:00
M,USD,MXN,2003-03-05,10.9902,1,1,SF60653,2026-07-01 0:00
M,USD,MXN,2003-03-06,11.1367,1,1,SF60653,2026-07-01 0:00
M,USD,MXN,2003-03-07,11.1927,1,1,SF60653,2026-07-01 0:00
M,USD,MXN,2003-03-08,11.225,1,1,SF60653,2026-07-01 0:00
M,USD,MXN,2003-03-09,11.225,1,1,SF60653,2026-07-01 0:00
M,USD,MXN,2003-03-10,11.225,1,1,SF60653,2026-07-01 0:00
M,USD,MXN,2003-03-11,11.1064,1,1,SF60653,2026-07-01 0:00
M,USD,MXN,2003-03-12,11.0998,1,1,SF60653,2026-07-01 0:00
M,USD,MXN,2003-03-13,11.0052,1,1,SF60653,2026-07-01 0:00
M,USD,MXN,2003-03-14,10.9073,1,1,SF60653,2026-07-01 0:00
M,USD,MXN,2003-03-15,10.8173,1,1,SF60653,2026-07-01 0:00
M,USD,MXN,2003-03-16,10.8173,1,1,SF60653,2026-07-01 0:00
M,USD,MXN,2003-03-17,10.8173,1,1,SF60653,2026-07-01 0:00
M,USD,MXN,2003-03-18,10.8481,1,1,SF60653,2026-07-01 0:00
M,USD,MXN,2003-03-19,10.8713,1,1,SF60653,2026-07-01 0:00
M,USD,MXN,2003-03-20,10.8147,1,1,SF60653,2026-07-01 0:00
M,USD,MXN,2003-03-21,10.8633,1,1,SF60653,2026-07-01 0:00
M,USD,MXN,2003-03-22,10.8633,1,1,SF60653,2026-07-01 0:00
M,USD,MXN,2003-03-23,10.8633,1,1,SF60653,2026-07-01 0:00
M,USD,MXN,2003-03-24,10.8633,1,1,SF60653,2026-07-01 0:00
M,USD,MXN,2003-03-25,10.8734,1,1,SF60653,2026-07-01 0:00
M,USD,MXN,2003-03-26,10.8008,1,1,SF60653,2026-07-01 0:00
M,USD,MXN,2003-03-27,10.72,1,1,SF60653,2026-07-01 0:00
M,USD,MXN,2003-03-28,10.7498,1,1,SF60653,2026-07-01 0:00
M,USD,MXN,2003-03-29,10.7671,1,1,SF60653,2026-07-01 0:00
M,USD,MXN,2003-03-30,10.7671,1,1,SF60653,2026-07-01 0:00
M,USD,MXN,2003-03-31,10.7671,1,1,SF60653,2026-07-01 0:00
M,USD,MXN,2003-04-01,10.6698,1,1,SF60653,2026-07-01 0:00
M,USD,MXN,2003-04-02,10.7889,1,1,SF60653,2026-07-01 0:00
M,USD,MXN,2003-04-03,10.7362,1,1,SF60653,2026-07-01 0:00
M,USD,MXN,2003-04-04,10.6676,1,1,SF60653,2026-07-01 0:00
M,USD,MXN,2003-04-05,10.6619,1,1,SF60653,2026-07-01 0:00
M,USD,MXN,2003-04-06,10.6619,1,1,SF60653,2026-07-01 0:00
M,USD,MXN,2003-04-07,10.6619,1,1,SF60653,2026-07-01 0:00
M,USD,MXN,2003-04-08,10.6823,1,1,SF60653,2026-07-01 0:00
M,USD,MXN,2003-04-09,10.6896,1,1,SF60653,2026-07-01 0:00
M,USD,MXN,2003-04-10,10.7398,1,1,SF60653,2026-07-01 0:00
M,USD,MXN,2003-04-11,10.7541,1,1,SF60653,2026-07-01 0:00
M,USD,MXN,2003-04-12,10.7651,1,1,SF60653,2026-07-01 0:00
M,USD,MXN,2003-04-13,10.7651,1,1,SF60653,2026-07-01 0:00
M,USD,MXN,2003-04-14,10.7651,1,1,SF60653,2026-07-01 0:00
M,USD,MXN,2003-04-15,10.702,1,1,SF60653,2026-07-01 0:00
M,USD,MXN,2003-04-16,10.6102,1,1,SF60653,2026-07-01 0:00
M,USD,MXN,2003-04-17,10.6398,1,1,SF60653,2026-07-01 0:00
M,USD,MXN,2003-04-18,10.6398,1,1,SF60653,2026-07-01 0:00
M,USD,MXN,2003-04-19,10.6398,1,1,SF60653,2026-07-01 0:00
M,USD,MXN,2003-04-20,10.6398,1,1,SF60653,2026-07-01 0:00
M,USD,MXN,2003-04-21,10.6398,1,1,SF60653,2026-07-01 0:00
M,USD,MXN,2003-04-22,10.6225,1,1,SF60653,2026-07-01 0:00
M,USD,MXN,2003-04-23,10.5545,1,1,SF60653,2026-07-01 0:00
M,USD,MXN,2003-04-24,10.5525,1,1,SF60653,2026-07-01 0:00
M,USD,MXN,2003-04-25,10.5147,1,1,SF60653,2026-07-01 0:00
M,USD,MXN,2003-04-26,10.4348,1,1,SF60653,2026-07-01 0:00
M,USD,MXN,2003-04-27,10.4348,1,1,SF60653,2026-07-01 0:00
M,USD,MXN,2003-04-28,10.4348,1,1,SF60653,2026-07-01 0:00
M,USD,MXN,2003-04-29,10.4318,1,1,SF60653,2026-07-01 0:00
M,USD,MXN,2003-04-30,10.4304,1,1,SF60653,2026-07-01 0:00
M,USD,MXN,2003-05-01,10.345,1,1,SF60653,2026-07-01 0:00
M,USD,MXN,2003-05-02,10.345,1,1,SF60653,2026-07-01 0:00
M,USD,MXN,2003-05-03,10.3,1,1,SF60653,2026-07-01 0:00
M,USD,MXN,2003-05-04,10.3,1,1,SF60653,2026-07-01 0:00
M,USD,MXN,2003-05-05,10.3,1,1,SF60653,2026-07-01 0:00
M,USD,MXN,2003-05-06,10.2003,1,1,SF60653,2026-07-01 0:00
M,USD,MXN,2003-05-07,10.1817,1,1,SF60653,2026-07-01 0:00
M,USD,MXN,2003-05-08,10.2678,1,1,SF60653,2026-07-01 0:00
M,USD,MXN,2003-05-09,10.2115,1,1,SF60653,2026-07-01 0:00
M,USD,MXN,2003-05-10,10.17,1,1,SF60653,2026-07-01 0:00
M,USD,MXN,2003-05-11,10.17,1,1,SF60653,2026-07-01 0:00
M,USD,MXN,2003-05-12,10.17,1,1,SF60653,2026-07-01 0:00
M,USD,MXN,2003-05-13,10.1068,1,1,SF60653,2026-07-01 0:00
M,USD,MXN,2003-05-14,10.1773,1,1,SF60653,2026-07-01 0:00
M,USD,MXN,2003-05-15,10.1605,1,1,SF60653,2026-07-01 0:00
M,USD,MXN,2003-05-16,10.1428,1,1,SF60653,2026-07-01 0:00
M,USD,MXN,2003-05-17,10.2927,1,1,SF60653,2026-07-01 0:00
M,USD,MXN,2003-05-18,10.2927,1,1,SF60653,2026-07-01 0:00
M,USD,MXN,2003-05-19,10.2927,1,1,SF60653,2026-07-01 0:00
M,USD,MXN,2003-05-20,10.376,1,1,SF60653,2026-07-01 0:00
M,USD,MXN,2003-05-21,10.3498,1,1,SF60653,2026-07-01 0:00
M,USD,MXN,2003-05-22,10.2663,1,1,SF60653,2026-07-01 0:00
M,USD,MXN,2003-05-23,10.253,1,1,SF60653,2026-07-01 0:00
M,USD,MXN,2003-05-24,10.2383,1,1,SF60653,2026-07-01 0:00
M,USD,MXN,2003-05-25,10.2383,1,1,SF60653,2026-07-01 0:00
M,USD,MXN,2003-05-26,10.2383,1,1,SF60653,2026-07-01 0:00
M,USD,MXN,2003-05-27,10.2473,1,1,SF60653,2026-07-01 0:00
M,USD,MXN,2003-05-28,10.2519,1,1,SF60653,2026-07-01 0:00
M,USD,MXN,2003-05-29,10.3166,1,1,SF60653,2026-07-01 0:00
M,USD,MXN,2003-05-30,10.4063,1,1,SF60653,2026-07-01 0:00
M,USD,MXN,2003-05-31,10.3205,1,1,SF60653,2026-07-01 0:00
M,USD,MXN,2003-06-01,10.3205,1,1,SF60653,2026-07-01 0:00
M,USD,MXN,2003-06-02,10.3205,1,1,SF60653,2026-07-01 0:00
M,USD,MXN,2003-06-03,10.3377,1,1,SF60653,2026-07-01 0:00
M,USD,MXN,2003-06-04,10.2402,1,1,SF60653,2026-07-01 0:00
M,USD,MXN,2003-06-05,10.2598,1,1,SF60653,2026-07-01 0:00
M,USD,MXN,2003-06-06,10.3882,1,1,SF60653,2026-07-01 0:00
M,USD,MXN,2003-06-07,10.5598,1,1,SF60653,2026-07-01 0:00
M,USD,MXN,2003-06-08,10.5598,1,1,SF60653,2026-07-01 0:00
M,USD,MXN,2003-06-09,10.5598,1,1,SF60653,2026-07-01 0:00
M,USD,MXN,2003-06-10,10.5608,1,1,SF60653,2026-07-01 0:00
M,USD,MXN,2003-06-11,10.7431,1,1,SF60653,2026-07-01 0:00
M,USD,MXN,2003-06-12,10.7145,1,1,SF60653,2026-07-01 0:00
M,USD,MXN,2003-06-13,10.6119,1,1,SF60653,2026-07-01 0:00
M,USD,MXN,2003-06-14,10.5775,1,1,SF60653,2026-07-01 0:00
M,USD,MXN,2003-06-15,10.5775,1,1,SF60653,2026-07-01 0:00
M,USD,MXN,2003-06-16,10.5775,1,1,SF60653,2026-07-01 0:00
M,USD,MXN,2003-06-17,10.5946,1,1,SF60653,2026-07-01 0:00
M,USD,MXN,2003-06-18,10.4983,1,1,SF60653,2026-07-01 0:00
M,USD,MXN,2003-06-19,10.5014,1,1,SF60653,2026-07-01 0:00
M,USD,MXN,2003-06-20,10.5883,1,1,SF60653,2026-07-01 0:00
M,USD,MXN,2003-06-21,10.4858,1,1,SF60653,2026-07-01 0:00
M,USD,MXN,2003-06-22,10.4858,1,1,SF60653,2026-07-01 0:00
M,USD,MXN,2003-06-23,10.4858,1,1,SF60653,2026-07-01 0:00
M,USD,MXN,2003-06-24,10.4669,1,1,SF60653,2026-07-01 0:00
M,USD,MXN,2003-06-25,10.4796,1,1,SF60653,2026-07-01 0:00
M,USD,MXN,2003-06-26,10.5188,1,1,SF60653,2026-07-01 0:00
M,USD,MXN,2003-06-27,10.4734,1,1,SF60653,2026-07-01 0:00
M,USD,MXN,2003-06-28,10.4808,1,1,SF60653,2026-07-01 0:00
M,USD,MXN,2003-06-29,10.4808,1,1,SF60653,2026-07-01 0:00
M,USD,MXN,2003-06-30,10.4808,1,1,SF60653,2026-07-01 0:00
M,USD,MXN,2003-07-01,10.4176,1,1,SF60653,2026-07-01 0:00
M,USD,MXN,2003-07-02,10.437,1,1,SF60653,2026-07-01 0:00
M,USD,MXN,2003-07-03,10.4495,1,1,SF60653,2026-07-01 0:00
M,USD,MXN,2003-07-04,10.4779,1,1,SF60653,2026-07-01 0:00
M,USD,MXN,2003-07-05,10.447,1,1,SF60653,2026-07-01 0:00
M,USD,MXN,2003-07-06,10.447,1,1,SF60653,2026-07-01 0:00
M,USD,MXN,2003-07-07,10.447,1,1,SF60653,2026-07-01 0:00
M,USD,MXN,2003-07-08,10.4087,1,1,SF60653,2026-07-01 0:00
M,USD,MXN,2003-07-09,10.3946,1,1,SF60653,2026-07-01 0:00
M,USD,MXN,2003-07-10,10.543,1,1,SF60653,2026-07-01 0:00
M,USD,MXN,2003-07-11,10.4795,1,1,SF60653,2026-07-01 0:00
M,USD,MXN,2003-07-12,10.4482,1,1,SF60653,2026-07-01 0:00
M,USD,MXN,2003-07-13,10.4482,1,1,SF60653,2026-07-01 0:00
M,USD,MXN,2003-07-14,10.4482,1,1,SF60653,2026-07-01 0:00
M,USD,MXN,2003-07-15,10.4213,1,1,SF60653,2026-07-01 0:00
M,USD,MXN,2003-07-16,10.3821,1,1,SF60653,2026-07-01 0:00
M,USD,MXN,2003-07-17,10.4308,1,1,SF60653,2026-07-01 0:00
M,USD,MXN,2003-07-18,10.4079,1,1,SF60653,2026-07-01 0:00
M,USD,MXN,2003-07-19,10.349,1,1,SF60653,2026-07-01 0:00
M,USD,MXN,2003-07-20,10.349,1,1,SF60653,2026-07-01 0:00
M,USD,MXN,2003-07-21,10.349,1,1,SF60653,2026-07-01 0:00
M,USD,MXN,2003-07-22,10.36,1,1,SF60653,2026-07-01 0:00
M,USD,MXN,2003-07-23,10.4105,1,1,SF60653,2026-07-01 0:00
M,USD,MXN,2003-07-24,10.4362,1,1,SF60653,2026-07-01 0:00
M,USD,MXN,2003-07-25,10.516,1,1,SF60653,2026-07-01 0:00
M,USD,MXN,2003-07-26,10.5203,1,1,SF60653,2026-07-01 0:00
M,USD,MXN,2003-07-27,10.5203,1,1,SF60653,2026-07-01 0:00
M,USD,MXN,2003-07-28,10.5203,1,1,SF60653,2026-07-01 0:00
M,USD,MXN,2003-07-29,10.5095,1,1,SF60653,2026-07-01 0:00
M,USD,MXN,2003-07-30,10.4645,1,1,SF60653,2026-07-01 0:00
M,USD,MXN,2003-07-31,10.4878,1,1,SF60653,2026-07-01 0:00
M,USD,MXN,2003-08-01,10.487,1,1,SF60653,2026-07-01 0:00
M,USD,MXN,2003-08-02,10.5243,1,1,SF60653,2026-07-01 0:00
M,USD,MXN,2003-08-03,10.5243,1,1,SF60653,2026-07-01 0:00
M,USD,MXN,2003-08-04,10.5243,1,1,SF60653,2026-07-01 0:00
M,USD,MXN,2003-08-05,10.5997,1,1,SF60653,2026-07-01 0:00
M,USD,MXN,2003-08-06,10.5864,1,1,SF60653,2026-07-01 0:00
M,USD,MXN,2003-08-07,10.7117,1,1,SF60653,2026-07-01 0:00
M,USD,MXN,2003-08-08,10.7058,1,1,SF60653,2026-07-01 0:00
M,USD,MXN,2003-08-09,10.7001,1,1,SF60653,2026-07-01 0:00
M,USD,MXN,2003-08-10,10.7001,1,1,SF60653,2026-07-01 0:00
M,USD,MXN,2003-08-11,10.7001,1,1,SF60653,2026-07-01 0:00
M,USD,MXN,2003-08-12,10.6623,1,1,SF60653,2026-07-01 0:00
M,USD,MXN,2003-08-13,10.6909,1,1,SF60653,2026-07-01 0:00
M,USD,MXN,2003-08-14,10.7448,1,1,SF60653,2026-07-01 0:00
M,USD,MXN,2003-08-15,10.7562,1,1,SF60653,2026-07-01 0:00
M,USD,MXN,2003-08-16,10.6961,1,1,SF60653,2026-07-01 0:00
M,USD,MXN,2003-08-17,10.6961,1,1,SF60653,2026-07-01 0:00
M,USD,MXN,2003-08-18,10.6961,1,1,SF60653,2026-07-01 0:00
M,USD,MXN,2003-08-19,10.7273,1,1,SF60653,2026-07-01 0:00
M,USD,MXN,2003-08-20,10.723,1,1,SF60653,2026-07-01 0:00
M,USD,MXN,2003-08-21,10.8007,1,1,SF60653,2026-07-01 0:00
M,USD,MXN,2003-08-22,10.8379,1,1,SF60653,2026-07-01 0:00
M,USD,MXN,2003-08-23,10.8507,1,1,SF60653,2026-07-01 0:00
M,USD,MXN,2003-08-24,10.8507,1,1,SF60653,2026-07-01 0:00
M,USD,MXN,2003-08-25,10.8507,1,1,SF60653,2026-07-01 0:00
M,USD,MXN,2003-08-26,10.8615,1,1,SF60653,2026-07-01 0:00
M,USD,MXN,2003-08-27,10.8753,1,1,SF60653,2026-07-01 0:00
M,USD,MXN,2003-08-28,10.9118,1,1,SF60653,2026-07-01 0:00
M,USD,MXN,2003-08-29,10.9337,1,1,SF60653,2026-07-01 0:00
M,USD,MXN,2003-08-30,10.9806,1,1,SF60653,2026-07-01 0:00
M,USD,MXN,2003-08-31,10.9806,1,1,SF60653,2026-07-01 0:00
M,USD,MXN,2003-09-01,10.9806,1,1,SF60653,2026-07-01 0:00
M,USD,MXN,2003-09-02,11.0475,1,1,SF60653,2026-07-01 0:00
M,USD,MXN,2003-09-03,11.046,1,1,SF60653,2026-07-01 0:00
M,USD,MXN,2003-09-04,11.0313,1,1,SF60653,2026-07-01 0:00
M,USD,MXN,2003-09-05,10.9386,1,1,SF60653,2026-07-01 0:00
M,USD,MXN,2003-09-06,10.8575,1,1,SF60653,2026-07-01 0:00
M,USD,MXN,2003-09-07,10.8575,1,1,SF60653,2026-07-01 0:00
M,USD,MXN,2003-09-08,10.8575,1,1,SF60653,2026-07-01 0:00
M,USD,MXN,2003-09-09,10.862,1,1,SF60653,2026-07-01 0:00
M,USD,MXN,2003-09-10,10.9185,1,1,SF60653,2026-07-01 0:00
M,USD,MXN,2003-09-11,11.0233,1,1,SF60653,2026-07-01 0:00
M,USD,MXN,2003-09-12,10.9502,1,1,SF60653,2026-07-01 0:00
M,USD,MXN,2003-09-13,10.9737,1,1,SF60653,2026-07-01 0:00
M,USD,MXN,2003-09-14,10.9737,1,1,SF60653,2026-07-01 0:00
M,USD,MXN,2003-09-15,10.9737,1,1,SF60653,2026-07-01 0:00
M,USD,MXN,2003-09-16,10.9793,1,1,SF60653,2026-07-01 0:00
M,USD,MXN,2003-09-17,10.9793,1,1,SF60653,2026-07-01 0:00
M,USD,MXN,2003-09-18,10.9713,1,1,SF60653,2026-07-01 0:00
M,USD,MXN,2003-09-19,10.9054,1,1,SF60653,2026-07-01 0:00
M,USD,MXN,2003-09-20,10.9163,1,1,SF60653,2026-07-01 0:00
M,USD,MXN,2003-09-21,10.9163,1,1,SF60653,2026-07-01 0:00
M,USD,MXN,2003-09-22,10.9163,1,1,SF60653,2026-07-01 0:00
M,USD,MXN,2003-09-23,10.8955,1,1,SF60653,2026-07-01 0:00
M,USD,MXN,2003-09-24,10.8275,1,1,SF60653,2026-07-01 0:00
M,USD,MXN,2003-09-25,10.7741,1,1,SF60653,2026-07-01 0:00
M,USD,MXN,2003-09-26,10.7975,1,1,SF60653,2026-07-01 0:00
M,USD,MXN,2003-09-27,10.8115,1,1,SF60653,2026-07-01 0:00
M,USD,MXN,2003-09-28,10.8115,1,1,SF60653,2026-07-01 0:00
M,USD,MXN,2003-09-29,10.8115,1,1,SF60653,2026-07-01 0:00
M,USD,MXN,2003-09-30,10.9272,1,1,SF60653,2026-07-01 0:00
M,USD,MXN,2003-10-01,11.0446,1,1,SF60653,2026-07-01 0:00
M,USD,MXN,2003-10-02,11.0133,1,1,SF60653,2026-07-01 0:00
M,USD,MXN,2003-10-03,10.9614,1,1,SF60653,2026-07-01 0:00
M,USD,MXN,2003-10-04,11.1603,1,1,SF60653,2026-07-01 0:00
M,USD,MXN,2003-10-05,11.1603,1,1,SF60653,2026-07-01 0:00
M,USD,MXN,2003-10-06,11.1603,1,1,SF60653,2026-07-01 0:00
M,USD,MXN,2003-10-07,11.2473,1,1,SF60653,2026-07-01 0:00
M,USD,MXN,2003-10-08,11.2193,1,1,SF60653,2026-07-01 0:00
M,USD,MXN,2003-10-09,11.2923,1,1,SF60653,2026-07-01 0:00
M,USD,MXN,2003-10-10,11.249,1,1,SF60653,2026-07-01 0:00
M,USD,MXN,2003-10-11,11.2356,1,1,SF60653,2026-07-01 0:00
M,USD,MXN,2003-10-12,11.2356,1,1,SF60653,2026-07-01 0:00
M,USD,MXN,2003-10-13,11.2356,1,1,SF60653,2026-07-01 0:00
M,USD,MXN,2003-10-14,11.1946,1,1,SF60653,2026-07-01 0:00
M,USD,MXN,2003-10-15,11.1853,1,1,SF60653,2026-07-01 0:00
M,USD,MXN,2003-10-16,11.2347,1,1,SF60653,2026-07-01 0:00
M,USD,MXN,2003-10-17,11.1785,1,1,SF60653,2026-07-01 0:00
M,USD,MXN,2003-10-18,11.2472,1,1,SF60653,2026-07-01 0:00
M,USD,MXN,2003-10-19,11.2472,1,1,SF60653,2026-07-01 0:00
M,USD,MXN,2003-10-20,11.2472,1,1,SF60653,2026-07-01 0:00
M,USD,MXN,2003-10-21,11.2802,1,1,SF60653,2026-07-01 0:00
M,USD,MXN,2003-10-22,11.1748,1,1,SF60653,2026-07-01 0:00
M,USD,MXN,2003-10-23,11.1397,1,1,SF60653,2026-07-01 0:00
M,USD,MXN,2003-10-24,11.2178,1,1,SF60653,2026-07-01 0:00
M,USD,MXN,2003-10-25,11.181,1,1,SF60653,2026-07-01 0:00
M,USD,MXN,2003-10-26,11.181,1,1,SF60653,2026-07-01 0:00
M,USD,MXN,2003-10-27,11.181,1,1,SF60653,2026-07-01 0:00
M,USD,MXN,2003-10-28,11.1784,1,1,SF60653,2026-07-01 0:00
M,USD,MXN,2003-10-29,11.1068,1,1,SF60653,2026-07-01 0:00
M,USD,MXN,2003-10-30,11.0693,1,1,SF60653,2026-07-01 0:00
M,USD,MXN,2003-10-31,11.1078,1,1,SF60653,2026-07-01 0:00
M,USD,MXN,2003-11-01,11.1058,1,1,SF60653,2026-07-01 0:00
M,USD,MXN,2003-11-02,11.1058,1,1,SF60653,2026-07-01 0:00
M,USD,MXN,2003-11-03,11.1058,1,1,SF60653,2026-07-01 0:00
M,USD,MXN,2003-11-04,11.0525,1,1,SF60653,2026-07-01 0:00
M,USD,MXN,2003-11-05,10.9881,1,1,SF60653,2026-07-01 0:00
M,USD,MXN,2003-11-06,10.9998,1,1,SF60653,2026-07-01 0:00
M,USD,MXN,2003-11-07,10.9829,1,1,SF60653,2026-07-01 0:00
M,USD,MXN,2003-11-08,10.9903,1,1,SF60653,2026-07-01 0:00
M,USD,MXN,2003-11-09,10.9903,1,1,SF60653,2026-07-01 0:00
M,USD,MXN,2003-11-10,10.9903,1,1,SF60653,2026-07-01 0:00
M,USD,MXN,2003-11-11,10.9688,1,1,SF60653,2026-07-01 0:00
M,USD,MXN,2003-11-12,11.0097,1,1,SF60653,2026-07-01 0:00
M,USD,MXN,2003-11-13,10.9582,1,1,SF60653,2026-07-01 0:00
M,USD,MXN,2003-11-14,11.0582,1,1,SF60653,2026-07-01 0:00
M,USD,MXN,2003-11-15,11.1757,1,1,SF60653,2026-07-01 0:00
M,USD,MXN,2003-11-16,11.1757,1,1,SF60653,2026-07-01 0:00
M,USD,MXN,2003-11-17,11.1757,1,1,SF60653,2026-07-01 0:00
M,USD,MXN,2003-11-18,11.1442,1,1,SF60653,2026-07-01 0:00
M,USD,MXN,2003-11-19,11.1823,1,1,SF60653,2026-07-01 0:00
M,USD,MXN,2003-11-20,11.1643,1,1,SF60653,2026-07-01 0:00
M,USD,MXN,2003-11-21,11.1643,1,1,SF60653,2026-07-01 0:00
M,USD,MXN,2003-11-22,11.2094,1,1,SF60653,2026-07-01 0:00
M,USD,MXN,2003-11-23,11.2094,1,1,SF60653,2026-07-01 0:00
M,USD,MXN,2003-11-24,11.2094,1,1,SF60653,2026-07-01 0:00
M,USD,MXN,2003-11-25,11.2058,1,1,SF60653,2026-07-01 0:00
M,USD,MXN,2003-11-26,11.2879,1,1,SF60653,2026-07-01 0:00
M,USD,MXN,2003-11-27,11.3398,1,1,SF60653,2026-07-01 0:00
M,USD,MXN,2003-11-28,11.3522,1,1,SF60653,2026-07-01 0:00
M,USD,MXN,2003-11-29,11.3385,1,1,SF60653,2026-07-01 0:00
M,USD,MXN,2003-11-30,11.3385,1,1,SF60653,2026-07-01 0:00
M,USD,MXN,2003-12-01,11.3385,1,1,SF60653,2026-07-01 0:00
M,USD,MXN,2003-12-02,11.3985,1,1,SF60653,2026-07-01 0:00
M,USD,MXN,2003-12-03,11.3783,1,1,SF60653,2026-07-01 0:00
M,USD,MXN,2003-12-04,11.3535,1,1,SF60653,2026-07-01 0:00
M,USD,MXN,2003-12-05,11.2496,1,1,SF60653,2026-07-01 0:00
M,USD,MXN,2003-12-06,11.2224,1,1,SF60653,2026-07-01 0:00
M,USD,MXN,2003-12-07,11.2224,1,1,SF60653,2026-07-01 0:00
M,USD,MXN,2003-12-08,11.2224,1,1,SF60653,2026-07-01 0:00
M,USD,MXN,2003-12-09,11.1959,1,1,SF60653,2026-07-01 0:00
M,USD,MXN,2003-12-10,11.2391,1,1,SF60653,2026-07-01 0:00
M,USD,MXN,2003-12-11,11.1635,1,1,SF60653,2026-07-01 0:00
M,USD,MXN,2003-12-12,11.2145,1,1,SF60653,2026-07-01 0:00
M,USD,MXN,2003-12-13,11.2145,1,1,SF60653,2026-07-01 0:00
M,USD,MXN,2003-12-14,11.2145,1,1,SF60653,2026-07-01 0:00
M,USD,MXN,2003-12-15,11.2145,1,1,SF60653,2026-07-01 0:00
M,USD,MXN,2003-12-16,11.1877,1,1,SF60653,2026-07-01 0:00
M,USD,MXN,2003-12-17,11.2728,1,1,SF60653,2026-07-01 0:00
M,USD,MXN,2003-12-18,11.3061,1,1,SF60653,2026-07-01 0:00
M,USD,MXN,2003-12-19,11.2676,1,1,SF60653,2026-07-01 0:00
M,USD,MXN,2003-12-20,11.2193,1,1,SF60653,2026-07-01 0:00
M,USD,MXN,2003-12-21,11.2193,1,1,SF60653,2026-07-01 0:00
M,USD,MXN,2003-12-22,11.2193,1,1,SF60653,2026-07-01 0:00
M,USD,MXN,2003-12-23,11.2295,1,1,SF60653,2026-07-01 0:00
M,USD,MXN,2003-12-24,11.2855,1,1,SF60653,2026-07-01 0:00
M,USD,MXN,2003-12-25,11.2696,1,1,SF60653,2026-07-01 0:00
M,USD,MXN,2003-12-26,11.2696,1,1,SF60653,2026-07-01 0:00
M,USD,MXN,2003-12-27,11.2744,1,1,SF60653,2026-07-01 0:00
M,USD,MXN,2003-12-28,11.2744,1,1,SF60653,2026-07-01 0:00
M,USD,MXN,2003-12-29,11.2744,1,1,SF60653,2026-07-01 0:00
M,USD,MXN,2003-12-30,11.218,1,1,SF60653,2026-07-01 0:00
M,USD,MXN,2003-12-31,11.236,1,1,SF60653,2026-07-01 0:00
M,USD,MXN,2004-01-01,11.1998,1,1,SF60653,2026-07-01 0:00
M,USD,MXN,2004-01-02,11.1998,1,1,SF60653,2026-07-01 0:00
M,USD,MXN,2004-01-03,11.2372,1,1,SF60653,2026-07-01 0:00
M,USD,MXN,2004-01-04,11.2372,1,1,SF60653,2026-07-01 0:00
M,USD,MXN,2004-01-05,11.2372,1,1,SF60653,2026-07-01 0:00
M,USD,MXN,2004-01-06,11.0885,1,1,SF60653,2026-07-01 0:00
M,USD,MXN,2004-01-07,10.9805,1,1,SF60653,2026-07-01 0:00
M,USD,MXN,2004-01-08,10.9686,1,1,SF60653,2026-07-01 0:00
M,USD,MXN,2004-01-09,10.9044,1,1,SF60653,2026-07-01 0:00
M,USD,MXN,2004-01-10,10.8847,1,1,SF60653,2026-07-01 0:00
M,USD,MXN,2004-01-11,10.8847,1,1,SF60653,2026-07-01 0:00
M,USD,MXN,2004-01-12,10.8847,1,1,SF60653,2026-07-01 0:00
M,USD,MXN,2004-01-13,10.8376,1,1,SF60653,2026-07-01 0:00
M,USD,MXN,2004-01-14,10.818,1,1,SF60653,2026-07-01 0:00
M,USD,MXN,2004-01-15,10.8369,1,1,SF60653,2026-07-01 0:00
M,USD,MXN,2004-01-16,10.8231,1,1,SF60653,2026-07-01 0:00
M,USD,MXN,2004-01-17,10.8514,1,1,SF60653,2026-07-01 0:00
M,USD,MXN,2004-01-18,10.8514,1,1,SF60653,2026-07-01 0:00
M,USD,MXN,2004-01-19,10.8514,1,1,SF60653,2026-07-01 0:00
M,USD,MXN,2004-01-20,10.8172,1,1,SF60653,2026-07-01 0:00
M,USD,MXN,2004-01-21,10.8264,1,1,SF60653,2026-07-01 0:00
M,USD,MXN,2004-01-22,10.847,1,1,SF60653,2026-07-01 0:00
M,USD,MXN,2004-01-23,10.9521,1,1,SF60653,2026-07-01 0:00
M,USD,MXN,2004-01-24,11.0012,1,1,SF60653,2026-07-01 0:00
M,USD,MXN,2004-01-25,11.0012,1,1,SF60653,2026-07-01 0:00
M,USD,MXN,2004-01-26,11.0012,1,1,SF60653,2026-07-01 0:00
M,USD,MXN,2004-01-27,10.962,1,1,SF60653,2026-07-01 0:00
M,USD,MXN,2004-01-28,10.9178,1,1,SF60653,2026-07-01 0:00
M,USD,MXN,2004-01-29,10.8789,1,1,SF60653,2026-07-01 0:00
M,USD,MXN,2004-01-30,10.9145,1,1,SF60653,2026-07-01 0:00
M,USD,MXN,2004-01-31,11.0843,1,1,SF60653,2026-07-01 0:00
M,USD,MXN,2004-02-01,11.0843,1,1,SF60653,2026-07-01 0:00
M,USD,MXN,2004-02-02,11.0843,1,1,SF60653,2026-07-01 0:00
M,USD,MXN,2004-02-03,11.0214,1,1,SF60653,2026-07-01 0:00
M,USD,MXN,2004-02-04,10.9545,1,1,SF60653,2026-07-01 0:00
M,USD,MXN,2004-02-05,11.082,1,1,SF60653,2026-07-01 0:00
M,USD,MXN,2004-02-06,11.082,1,1,SF60653,2026-07-01 0:00
M,USD,MXN,2004-02-07,11.0608,1,1,SF60653,2026-07-01 0:00
M,USD,MXN,2004-02-08,11.0608,1,1,SF60653,2026-07-01 0:00
M,USD,MXN,2004-02-09,11.0608,1,1,SF60653,2026-07-01 0:00
M,USD,MXN,2004-02-10,11.1305,1,1,SF60653,2026-07-01 0:00
M,USD,MXN,2004-02-11,11.1039,1,1,SF60653,2026-07-01 0:00
M,USD,MXN,2004-02-12,11.1069,1,1,SF60653,2026-07-01 0:00
M,USD,MXN,2004-02-13,10.9866,1,1,SF60653,2026-07-01 0:00
M,USD,MXN,2004-02-14,10.9626,1,1,SF60653,2026-07-01 0:00
M,USD,MXN,2004-02-15,10.9626,1,1,SF60653,2026-07-01 0:00
M,USD,MXN,2004-02-16,10.9626,1,1,SF60653,2026-07-01 0:00
M,USD,MXN,2004-02-17,10.9627,1,1,SF60653,2026-07-01 0:00
M,USD,MXN,2004-02-18,10.9434,1,1,SF60653,2026-07-01 0:00
M,USD,MXN,2004-02-19,10.9337,1,1,SF60653,2026-07-01 0:00
M,USD,MXN,2004-02-20,10.9058,1,1,SF60653,2026-07-01 0:00
M,USD,MXN,2004-02-21,10.9688,1,1,SF60653,2026-07-01 0:00
M,USD,MXN,2004-02-22,10.9688,1,1,SF60653,2026-07-01 0:00
M,USD,MXN,2004-02-23,10.9688,1,1,SF60653,2026-07-01 0:00
M,USD,MXN,2004-02-24,10.9423,1,1,SF60653,2026-07-01 0:00
M,USD,MXN,2004-02-25,10.9437,1,1,SF60653,2026-07-01 0:00
M,USD,MXN,2004-02-26,11.0558,1,1,SF60653,2026-07-01 0:00
M,USD,MXN,2004-02-27,11.0932,1,1,SF60653,2026-07-01 0:00
M,USD,MXN,2004-02-28,11.0715,1,1,SF60653,2026-07-01 0:00
M,USD,MXN,2004-02-29,11.0715,1,1,SF60653,2026-07-01 0:00
M,USD,MXN,2004-03-01,11.0715,1,1,SF60653,2026-07-01 0:00
M,USD,MXN,2004-03-02,11.0606,1,1,SF60653,2026-07-01 0:00
M,USD,MXN,2004-03-03,10.9794,1,1,SF60653,2026-07-01 0:00
M,USD,MXN,2004-03-04,10.9623,1,1,SF60653,2026-07-01 0:00
M,USD,MXN,2004-03-05,11.0301,1,1,SF60653,2026-07-01 0:00
M,USD,MXN,2004-03-06,10.9955,1,1,SF60653,2026-07-01 0:00
M,USD,MXN,2004-03-07,10.9955,1,1,SF60653,2026-07-01 0:00
M,USD,MXN,2004-03-08,10.9955,1,1,SF60653,2026-07-01 0:00
M,USD,MXN,2004-03-09,10.9393,1,1,SF60653,2026-07-01 0:00
M,USD,MXN,2004-03-10,10.9329,1,1,SF60653,2026-07-01 0:00
M,USD,MXN,2004-03-11,10.9695,1,1,SF60653,2026-07-01 0:00
M,USD,MXN,2004-03-12,10.9368,1,1,SF60653,2026-07-01 0:00
M,USD,MXN,2004-03-13,10.9633,1,1,SF60653,2026-07-01 0:00
M,USD,MXN,2004-03-14,10.9633,1,1,SF60653,2026-07-01 0:00
M,USD,MXN,2004-03-15,10.9633,1,1,SF60653,2026-07-01 0:00
M,USD,MXN,2004-03-16,10.9638,1,1,SF60653,2026-07-01 0:00
M,USD,MXN,2004-03-17,10.9621,1,1,SF60653,2026-07-01 0:00
M,USD,MXN,2004-03-18,11.039,1,1,SF60653,2026-07-01 0:00
M,USD,MXN,2004-03-19,10.9988,1,1,SF60653,2026-07-01 0:00
M,USD,MXN,2004-03-20,11.0128,1,1,SF60653,2026-07-01 0:00
M,USD,MXN,2004-03-21,11.0128,1,1,SF60653,2026-07-01 0:00
M,USD,MXN,2004-03-22,11.0128,1,1,SF60653,2026-07-01 0:00
M,USD,MXN,2004-03-23,10.9863,1,1,SF60653,2026-07-01 0:00
M,USD,MXN,2004-03-24,10.9737,1,1,SF60653,2026-07-01 0:00
M,USD,MXN,2004-03-25,10.9695,1,1,SF60653,2026-07-01 0:00
M,USD,MXN,2004-03-26,10.9915,1,1,SF60653,2026-07-01 0:00
M,USD,MXN,2004-03-27,11.013,1,1,SF60653,2026-07-01 0:00
M,USD,MXN,2004-03-28,11.013,1,1,SF60653,2026-07-01 0:00
M,USD,MXN,2004-03-29,11.013,1,1,SF60653,2026-07-01 0:00
M,USD,MXN,2004-03-30,11.0578,1,1,SF60653,2026-07-01 0:00
M,USD,MXN,2004-03-31,11.154,1,1,SF60653,2026-07-01 0:00
M,USD,MXN,2004-04-01,11.2103,1,1,SF60653,2026-07-01 0:00
M,USD,MXN,2004-04-02,11.1748,1,1,SF60653,2026-07-01 0:00
M,USD,MXN,2004-04-03,11.1828,1,1,SF60653,2026-07-01 0:00
M,USD,MXN,2004-04-04,11.1828,1,1,SF60653,2026-07-01 0:00
M,USD,MXN,2004-04-05,11.1828,1,1,SF60653,2026-07-01 0:00
M,USD,MXN,2004-04-06,11.1815,1,1,SF60653,2026-07-01 0:00
M,USD,MXN,2004-04-07,11.1598,1,1,SF60653,2026-07-01 0:00
M,USD,MXN,2004-04-08,11.1631,1,1,SF60653,2026-07-01 0:00
M,USD,MXN,2004-04-09,11.1631,1,1,SF60653,2026-07-01 0:00
M,USD,MXN,2004-04-10,11.1631,1,1,SF60653,2026-07-01 0:00
M,USD,MXN,2004-04-11,11.1631,1,1,SF60653,2026-07-01 0:00
M,USD,MXN,2004-04-12,11.1631,1,1,SF60653,2026-07-01 0:00
M,USD,MXN,2004-04-13,11.2233,1,1,SF60653,2026-07-01 0:00
M,USD,MXN,2004-04-14,11.2211,1,1,SF60653,2026-07-01 0:00
M,USD,MXN,2004-04-15,11.2702,1,1,SF60653,2026-07-01 0:00
M,USD,MXN,2004-04-16,11.2848,1,1,SF60653,2026-07-01 0:00
M,USD,MXN,2004-04-17,11.27,1,1,SF60653,2026-07-01 0:00
M,USD,MXN,2004-04-18,11.27,1,1,SF60653,2026-07-01 0:00
M,USD,MXN,2004-04-19,11.27,1,1,SF60653,2026-07-01 0:00
M,USD,MXN,2004-04-20,11.2525,1,1,SF60653,2026-07-01 0:00
M,USD,MXN,2004-04-21,11.251,1,1,SF60653,2026-07-01 0:00
M,USD,MXN,2004-04-22,11.3065,1,1,SF60653,2026-07-01 0:00
M,USD,MXN,2004-04-23,11.3119,1,1,SF60653,2026-07-01 0:00
M,USD,MXN,2004-04-24,11.3256,1,1,SF60653,2026-07-01 0:00
M,USD,MXN,2004-04-25,11.3256,1,1,SF60653,2026-07-01 0:00
M,USD,MXN,2004-04-26,11.3256,1,1,SF60653,2026-07-01 0:00
M,USD,MXN,2004-04-27,11.3433,1,1,SF60653,2026-07-01 0:00
M,USD,MXN,2004-04-28,11.2881,1,1,SF60653,2026-07-01 0:00
M,USD,MXN,2004-04-29,11.3109,1,1,SF60653,2026-07-01 0:00
M,USD,MXN,2004-04-30,11.3387,1,1,SF60653,2026-07-01 0:00
M,USD,MXN,2004-05-01,11.4068,1,1,SF60653,2026-07-01 0:00
M,USD,MXN,2004-05-02,11.4068,1,1,SF60653,2026-07-01 0:00
M,USD,MXN,2004-05-03,11.4068,1,1,SF60653,2026-07-01 0:00
M,USD,MXN,2004-05-04,11.4093,1,1,SF60653,2026-07-01 0:00
M,USD,MXN,2004-05-05,11.431,1,1,SF60653,2026-07-01 0:00
M,USD,MXN,2004-05-06,11.4105,1,1,SF60653,2026-07-01 0:00
M,USD,MXN,2004-05-07,11.3887,1,1,SF60653,2026-07-01 0:00
M,USD,MXN,2004-05-08,11.4358,1,1,SF60653,2026-07-01 0:00
M,USD,MXN,2004-05-09,11.4358,1,1,SF60653,2026-07-01 0:00
M,USD,MXN,2004-05-10,11.4358,1,1,SF60653,2026-07-01 0:00
M,USD,MXN,2004-05-11,11.5272,1,1,SF60653,2026-07-01 0:00
M,USD,MXN,2004-05-12,11.6328,1,1,SF60653,2026-07-01 0:00
M,USD,MXN,2004-05-13,11.6325,1,1,SF60653,2026-07-01 0:00
M,USD,MXN,2004-05-14,11.6246,1,1,SF60653,2026-07-01 0:00
M,USD,MXN,2004-05-15,11.6281,1,1,SF60653,2026-07-01 0:00
M,USD,MXN,2004-05-16,11.6281,1,1,SF60653,2026-07-01 0:00
M,USD,MXN,2004-05-17,11.6281,1,1,SF60653,2026-07-01 0:00
M,USD,MXN,2004-05-18,11.5713,1,1,SF60653,2026-07-01 0:00
M,USD,MXN,2004-05-19,11.5282,1,1,SF60653,2026-07-01 0:00
M,USD,MXN,2004-05-20,11.4933,1,1,SF60653,2026-07-01 0:00
M,USD,MXN,2004-05-21,11.5448,1,1,SF60653,2026-07-01 0:00
M,USD,MXN,2004-05-22,11.5735,1,1,SF60653,2026-07-01 0:00
M,USD,MXN,2004-05-23,11.5735,1,1,SF60653,2026-07-01 0:00
M,USD,MXN,2004-05-24,11.5735,1,1,SF60653,2026-07-01 0:00
M,USD,MXN,2004-05-25,11.5673,1,1,SF60653,2026-07-01 0:00
M,USD,MXN,2004-05-26,11.5608,1,1,SF60653,2026-07-01 0:00
M,USD,MXN,2004-05-27,11.476,1,1,SF60653,2026-07-01 0:00
M,USD,MXN,2004-05-28,11.4556,1,1,SF60653,2026-07-01 0:00
M,USD,MXN,2004-05-29,11.4515,1,1,SF60653,2026-07-01 0:00
M,USD,MXN,2004-05-30,11.4515,1,1,SF60653,2026-07-01 0:00
M,USD,MXN,2004-05-31,11.4515,1,1,SF60653,2026-07-01 0:00
M,USD,MXN,2004-06-01,11.4128,1,1,SF60653,2026-07-01 0:00
M,USD,MXN,2004-06-02,11.4147,1,1,SF60653,2026-07-01 0:00
M,USD,MXN,2004-06-03,11.4845,1,1,SF60653,2026-07-01 0:00
M,USD,MXN,2004-06-04,11.4265,1,1,SF60653,2026-07-01 0:00
M,USD,MXN,2004-06-05,11.4373,1,1,SF60653,2026-07-01 0:00
M,USD,MXN,2004-06-06,11.4373,1,1,SF60653,2026-07-01 0:00
M,USD,MXN,2004-06-07,11.4373,1,1,SF60653,2026-07-01 0:00
M,USD,MXN,2004-06-08,11.4224,1,1,SF60653,2026-07-01 0:00
M,USD,MXN,2004-06-09,11.3498,1,1,SF60653,2026-07-01 0:00
M,USD,MXN,2004-06-10,11.3397,1,1,SF60653,2026-07-01 0:00
M,USD,MXN,2004-06-11,11.3808,1,1,SF60653,2026-07-01 0:00
M,USD,MXN,2004-06-12,11.366,1,1,SF60653,2026-07-01 0:00
M,USD,MXN,2004-06-13,11.366,1,1,SF60653,2026-07-01 0:00
M,USD,MXN,2004-06-14,11.366,1,1,SF60653,2026-07-01 0:00
M,USD,MXN,2004-06-15,11.3689,1,1,SF60653,2026-07-01 0:00
M,USD,MXN,2004-06-16,11.4327,1,1,SF60653,2026-07-01 0:00
M,USD,MXN,2004-06-17,11.4259,1,1,SF60653,2026-07-01 0:00
M,USD,MXN,2004-06-18,11.3991,1,1,SF60653,2026-07-01 0:00
M,USD,MXN,2004-06-19,11.3523,1,1,SF60653,2026-07-01 0:00
M,USD,MXN,2004-06-20,11.3523,1,1,SF60653,2026-07-01 0:00
M,USD,MXN,2004-06-21,11.3523,1,1,SF60653,2026-07-01 0:00
M,USD,MXN,2004-06-22,11.3312,1,1,SF60653,2026-07-01 0:00
M,USD,MXN,2004-06-23,11.3143,1,1,SF60653,2026-07-01 0:00
M,USD,MXN,2004-06-24,11.3077,1,1,SF60653,2026-07-01 0:00
M,USD,MXN,2004-06-25,11.3425,1,1,SF60653,2026-07-01 0:00
M,USD,MXN,2004-06-26,11.3004,1,1,SF60653,2026-07-01 0:00
M,USD,MXN,2004-06-27,11.3004,1,1,SF60653,2026-07-01 0:00
M,USD,MXN,2004-06-28,11.3004,1,1,SF60653,2026-07-01 0:00
M,USD,MXN,2004-06-29,11.3175,1,1,SF60653,2026-07-01 0:00
M,USD,MXN,2004-06-30,11.4116,1,1,SF60653,2026-07-01 0:00
M,USD,MXN,2004-07-01,11.5297,1,1,SF60653,2026-07-01 0:00
M,USD,MXN,2004-07-02,11.5258,1,1,SF60653,2026-07-01 0:00
M,USD,MXN,2004-07-03,11.4922,1,1,SF60653,2026-07-01 0:00
M,USD,MXN,2004-07-04,11.4922,1,1,SF60653,2026-07-01 0:00
M,USD,MXN,2004-07-05,11.4922,1,1,SF60653,2026-07-01 0:00
M,USD,MXN,2004-07-06,11.4763,1,1,SF60653,2026-07-01 0:00
M,USD,MXN,2004-07-07,11.4432,1,1,SF60653,2026-07-01 0:00
M,USD,MXN,2004-07-08,11.4948,1,1,SF60653,2026-07-01 0:00
M,USD,MXN,2004-07-09,11.467,1,1,SF60653,2026-07-01 0:00
M,USD,MXN,2004-07-10,11.5315,1,1,SF60653,2026-07-01 0:00
M,USD,MXN,2004-07-11,11.5315,1,1,SF60653,2026-07-01 0:00
M,USD,MXN,2004-07-12,11.5315,1,1,SF60653,2026-07-01 0:00
M,USD,MXN,2004-07-13,11.5152,1,1,SF60653,2026-07-01 0:00
M,USD,MXN,2004-07-14,11.5009,1,1,SF60653,2026-07-01 0:00
M,USD,MXN,2004-07-15,11.4949,1,1,SF60653,2026-07-01 0:00
M,USD,MXN,2004-07-16,11.4552,1,1,SF60653,2026-07-01 0:00
M,USD,MXN,2004-07-17,11.4909,1,1,SF60653,2026-07-01 0:00
M,USD,MXN,2004-07-18,11.4909,1,1,SF60653,2026-07-01 0:00
M,USD,MXN,2004-07-19,11.4909,1,1,SF60653,2026-07-01 0:00
M,USD,MXN,2004-07-20,11.4352,1,1,SF60653,2026-07-01 0:00
M,USD,MXN,2004-07-21,11.3785,1,1,SF60653,2026-07-01 0:00
M,USD,MXN,2004-07-22,11.3954,1,1,SF60653,2026-07-01 0:00
M,USD,MXN,2004-07-23,11.46,1,1,SF60653,2026-07-01 0:00
M,USD,MXN,2004-07-24,11.4463,1,1,SF60653,2026-07-01 0:00
M,USD,MXN,2004-07-25,11.4463,1,1,SF60653,2026-07-01 0:00
M,USD,MXN,2004-07-26,11.4463,1,1,SF60653,2026-07-01 0:00
M,USD,MXN,2004-07-27,11.434,1,1,SF60653,2026-07-01 0:00
M,USD,MXN,2004-07-28,11.4582,1,1,SF60653,2026-07-01 0:00
M,USD,MXN,2004-07-29,11.5111,1,1,SF60653,2026-07-01 0:00
M,USD,MXN,2004-07-30,11.4801,1,1,SF60653,2026-07-01 0:00
M,USD,MXN,2004-07-31,11.4302,1,1,SF60653,2026-07-01 0:00
M,USD,MXN,2004-08-01,11.4302,1,1,SF60653,2026-07-01 0:00
M,USD,MXN,2004-08-02,11.4302,1,1,SF60653,2026-07-01 0:00
M,USD,MXN,2004-08-03,11.4079,1,1,SF60653,2026-07-01 0:00
M,USD,MXN,2004-08-04,11.4253,1,1,SF60653,2026-07-01 0:00
M,USD,MXN,2004-08-05,11.4052,1,1,SF60653,2026-07-01 0:00
M,USD,MXN,2004-08-06,11.4527,1,1,SF60653,2026-07-01 0:00
M,USD,MXN,2004-08-07,11.457,1,1,SF60653,2026-07-01 0:00
M,USD,MXN,2004-08-08,11.457,1,1,SF60653,2026-07-01 0:00
M,USD,MXN,2004-08-09,11.457,1,1,SF60653,2026-07-01 0:00
M,USD,MXN,2004-08-10,11.4124,1,1,SF60653,2026-07-01 0:00
M,USD,MXN,2004-08-11,11.3776,1,1,SF60653,2026-07-01 0:00
M,USD,MXN,2004-08-12,11.3943,1,1,SF60653,2026-07-01 0:00
M,USD,MXN,2004-08-13,11.4436,1,1,SF60653,2026-07-01 0:00
M,USD,MXN,2004-08-14,11.4414,1,1,SF60653,2026-07-01 0:00
M,USD,MXN,2004-08-15,11.4414,1,1,SF60653,2026-07-01 0:00
M,USD,MXN,2004-08-16,11.4414,1,1,SF60653,2026-07-01 0:00
M,USD,MXN,2004-08-17,11.4048,1,1,SF60653,2026-07-01 0:00
M,USD,MXN,2004-08-18,11.3848,1,1,SF60653,2026-07-01 0:00
M,USD,MXN,2004-08-19,11.3481,1,1,SF60653,2026-07-01 0:00
M,USD,MXN,2004-08-20,11.3472,1,1,SF60653,2026-07-01 0:00
M,USD,MXN,2004-08-21,11.355,1,1,SF60653,2026-07-01 0:00
M,USD,MXN,2004-08-22,11.355,1,1,SF60653,2026-07-01 0:00
M,USD,MXN,2004-08-23,11.355,1,1,SF60653,2026-07-01 0:00
M,USD,MXN,2004-08-24,11.3453,1,1,SF60653,2026-07-01 0:00
M,USD,MXN,2004-08-25,11.3764,1,1,SF60653,2026-07-01 0:00
M,USD,MXN,2004-08-26,11.3859,1,1,SF60653,2026-07-01 0:00
M,USD,MXN,2004-08-27,11.3712,1,1,SF60653,2026-07-01 0:00
M,USD,MXN,2004-08-28,11.366,1,1,SF60653,2026-07-01 0:00
M,USD,MXN,2004-08-29,11.366,1,1,SF60653,2026-07-01 0:00
M,USD,MXN,2004-08-30,11.366,1,1,SF60653,2026-07-01 0:00
M,USD,MXN,2004-08-31,11.3739,1,1,SF60653,2026-07-01 0:00
M,USD,MXN,2004-09-01,11.4231,1,1,SF60653,2026-07-01 0:00
M,USD,MXN,2004-09-02,11.3807,1,1,SF60653,2026-07-01 0:00
M,USD,MXN,2004-09-03,11.4145,1,1,SF60653,2026-07-01 0:00
M,USD,MXN,2004-09-04,11.4725,1,1,SF60653,2026-07-01 0:00
M,USD,MXN,2004-09-05,11.4725,1,1,SF60653,2026-07-01 0:00
M,USD,MXN,2004-09-06,11.4725,1,1,SF60653,2026-07-01 0:00
M,USD,MXN,2004-09-07,11.5279,1,1,SF60653,2026-07-01 0:00
M,USD,MXN,2004-09-08,11.5193,1,1,SF60653,2026-07-01 0:00
M,USD,MXN,2004-09-09,11.5689,1,1,SF60653,2026-07-01 0:00
M,USD,MXN,2004-09-10,11.5895,1,1,SF60653,2026-07-01 0:00
M,USD,MXN,2004-09-11,11.5717,1,1,SF60653,2026-07-01 0:00
M,USD,MXN,2004-09-12,11.5717,1,1,SF60653,2026-07-01 0:00
M,USD,MXN,2004-09-13,11.5717,1,1,SF60653,2026-07-01 0:00
M,USD,MXN,2004-09-14,11.6005,1,1,SF60653,2026-07-01 0:00
M,USD,MXN,2004-09-15,11.576,1,1,SF60653,2026-07-01 0:00
M,USD,MXN,2004-09-16,11.5851,1,1,SF60653,2026-07-01 0:00
M,USD,MXN,2004-09-17,11.5851,1,1,SF60653,2026-07-01 0:00
M,USD,MXN,2004-09-18,11.5333,1,1,SF60653,2026-07-01 0:00
M,USD,MXN,2004-09-19,11.5333,1,1,SF60653,2026-07-01 0:00
M,USD,MXN,2004-09-20,11.5333,1,1,SF60653,2026-07-01 0:00
M,USD,MXN,2004-09-21,11.4774,1,1,SF60653,2026-07-01 0:00
M,USD,MXN,2004-09-22,11.4557,1,1,SF60653,2026-07-01 0:00
M,USD,MXN,2004-09-23,11.4294,1,1,SF60653,2026-07-01 0:00
M,USD,MXN,2004-09-24,11.4012,1,1,SF60653,2026-07-01 0:00
M,USD,MXN,2004-09-25,11.418,1,1,SF60653,2026-07-01 0:00
M,USD,MXN,2004-09-26,11.418,1,1,SF60653,2026-07-01 0:00
M,USD,MXN,2004-09-27,11.418,1,1,SF60653,2026-07-01 0:00
M,USD,MXN,2004-09-28,11.4107,1,1,SF60653,2026-07-01 0:00
M,USD,MXN,2004-09-29,11.4348,1,1,SF60653,2026-07-01 0:00
M,USD,MXN,2004-09-30,11.4106,1,1,SF60653,2026-07-01 0:00
M,USD,MXN,2004-10-01,11.4288,1,1,SF60653,2026-07-01 0:00
M,USD,MXN,2004-10-02,11.3884,1,1,SF60653,2026-07-01 0:00
M,USD,MXN,2004-10-03,11.3884,1,1,SF60653,2026-07-01 0:00
M,USD,MXN,2004-10-04,11.3884,1,1,SF60653,2026-07-01 0:00
M,USD,MXN,2004-10-05,11.3503,1,1,SF60653,2026-07-01 0:00
M,USD,MXN,2004-10-06,11.3502,1,1,SF60653,2026-07-01 0:00
M,USD,MXN,2004-10-07,11.3149,1,1,SF60653,2026-07-01 0:00
M,USD,MXN,2004-10-08,11.2745,1,1,SF60653,2026-07-01 0:00
M,USD,MXN,2004-10-09,11.2874,1,1,SF60653,2026-07-01 0:00
M,USD,MXN,2004-10-10,11.2874,1,1,SF60653,2026-07-01 0:00
M,USD,MXN,2004-10-11,11.2874,1,1,SF60653,2026-07-01 0:00
M,USD,MXN,2004-10-12,11.2406,1,1,SF60653,2026-07-01 0:00
M,USD,MXN,2004-10-13,11.2449,1,1,SF60653,2026-07-01 0:00
M,USD,MXN,2004-10-14,11.2865,1,1,SF60653,2026-07-01 0:00
M,USD,MXN,2004-10-15,11.3021,1,1,SF60653,2026-07-01 0:00
M,USD,MXN,2004-10-16,11.3195,1,1,SF60653,2026-07-01 0:00
M,USD,MXN,2004-10-17,11.3195,1,1,SF60653,2026-07-01 0:00
M,USD,MXN,2004-10-18,11.3195,1,1,SF60653,2026-07-01 0:00
M,USD,MXN,2004-10-19,11.454,1,1,SF60653,2026-07-01 0:00
M,USD,MXN,2004-10-20,11.5068,1,1,SF60653,2026-07-01 0:00
M,USD,MXN,2004-10-21,11.4507,1,1,SF60653,2026-07-01 0:00
M,USD,MXN,2004-10-22,11.4548,1,1,SF60653,2026-07-01 0:00
M,USD,MXN,2004-10-23,11.4722,1,1,SF60653,2026-07-01 0:00
M,USD,MXN,2004-10-24,11.4722,1,1,SF60653,2026-07-01 0:00
M,USD,MXN,2004-10-25,11.4722,1,1,SF60653,2026-07-01 0:00
M,USD,MXN,2004-10-26,11.4424,1,1,SF60653,2026-07-01 0:00
M,USD,MXN,2004-10-27,11.515,1,1,SF60653,2026-07-01 0:00
M,USD,MXN,2004-10-28,11.5178,1,1,SF60653,2026-07-01 0:00
M,USD,MXN,2004-10-29,11.5118,1,1,SF60653,2026-07-01 0:00
M,USD,MXN,2004-10-30,11.5293,1,1,SF60653,2026-07-01 0:00
M,USD,MXN,2004-10-31,11.5293,1,1,SF60653,2026-07-01 0:00
M,USD,MXN,2004-11-01,11.5293,1,1,SF60653,2026-07-01 0:00
M,USD,MXN,2004-11-02,11.539,1,1,SF60653,2026-07-01 0:00
M,USD,MXN,2004-11-03,11.5331,1,1,SF60653,2026-07-01 0:00
M,USD,MXN,2004-11-04,11.4997,1,1,SF60653,2026-07-01 0:00
M,USD,MXN,2004-11-05,11.4248,1,1,SF60653,2026-07-01 0:00
M,USD,MXN,2004-11-06,11.4118,1,1,SF60653,2026-07-01 0:00
M,USD,MXN,2004-11-07,11.4118,1,1,SF60653,2026-07-01 0:00
M,USD,MXN,2004-11-08,11.4118,1,1,SF60653,2026-07-01 0:00
M,USD,MXN,2004-11-09,11.4031,1,1,SF60653,2026-07-01 0:00
M,USD,MXN,2004-11-10,11.3953,1,1,SF60653,2026-07-01 0:00
M,USD,MXN,2004-11-11,11.4465,1,1,SF60653,2026-07-01 0:00
M,USD,MXN,2004-11-12,11.4299,1,1,SF60653,2026-07-01 0:00
M,USD,MXN,2004-11-13,11.3997,1,1,SF60653,2026-07-01 0:00
M,USD,MXN,2004-11-14,11.3997,1,1,SF60653,2026-07-01 0:00
M,USD,MXN,2004-11-15,11.3997,1,1,SF60653,2026-07-01 0:00
M,USD,MXN,2004-11-16,11.381,1,1,SF60653,2026-07-01 0:00
M,USD,MXN,2004-11-17,11.3583,1,1,SF60653,2026-07-01 0:00
M,USD,MXN,2004-11-18,11.3508,1,1,SF60653,2026-07-01 0:00
M,USD,MXN,2004-11-19,11.3271,1,1,SF60653,2026-07-01 0:00
M,USD,MXN,2004-11-20,11.3335,1,1,SF60653,2026-07-01 0:00
M,USD,MXN,2004-11-21,11.3335,1,1,SF60653,2026-07-01 0:00
M,USD,MXN,2004-11-22,11.3335,1,1,SF60653,2026-07-01 0:00
M,USD,MXN,2004-11-23,11.3637,1,1,SF60653,2026-07-01 0:00
M,USD,MXN,2004-11-24,11.3949,1,1,SF60653,2026-07-01 0:00
M,USD,MXN,2004-11-25,11.3447,1,1,SF60653,2026-07-01 0:00
M,USD,MXN,2004-11-26,11.2797,1,1,SF60653,2026-07-01 0:00
M,USD,MXN,2004-11-27,11.2713,1,1,SF60653,2026-07-01 0:00
M,USD,MXN,2004-11-28,11.2713,1,1,SF60653,2026-07-01 0:00
M,USD,MXN,2004-11-29,11.2713,1,1,SF60653,2026-07-01 0:00
M,USD,MXN,2004-11-30,11.247,1,1,SF60653,2026-07-01 0:00
M,USD,MXN,2004-12-01,11.266,1,1,SF60653,2026-07-01 0:00
M,USD,MXN,2004-12-02,11.2373,1,1,SF60653,2026-07-01 0:00
M,USD,MXN,2004-12-03,11.1713,1,1,SF60653,2026-07-01 0:00
M,USD,MXN,2004-12-04,11.1453,1,1,SF60653,2026-07-01 0:00
M,USD,MXN,2004-12-05,11.1453,1,1,SF60653,2026-07-01 0:00
M,USD,MXN,2004-12-06,11.1453,1,1,SF60653,2026-07-01 0:00
M,USD,MXN,2004-12-07,11.1213,1,1,SF60653,2026-07-01 0:00
M,USD,MXN,2004-12-08,11.1355,1,1,SF60653,2026-07-01 0:00
M,USD,MXN,2004-12-09,11.1704,1,1,SF60653,2026-07-01 0:00
M,USD,MXN,2004-12-10,11.2738,1,1,SF60653,2026-07-01 0:00
M,USD,MXN,2004-12-11,11.291,1,1,SF60653,2026-07-01 0:00
M,USD,MXN,2004-12-12,11.291,1,1,SF60653,2026-07-01 0:00
M,USD,MXN,2004-12-13,11.291,1,1,SF60653,2026-07-01 0:00
M,USD,MXN,2004-12-14,11.3343,1,1,SF60653,2026-07-01 0:00
M,USD,MXN,2004-12-15,11.3045,1,1,SF60653,2026-07-01 0:00
M,USD,MXN,2004-12-16,11.2903,1,1,SF60653,2026-07-01 0:00
M,USD,MXN,2004-12-17,11.2028,1,1,SF60653,2026-07-01 0:00
M,USD,MXN,2004-12-18,11.2316,1,1,SF60653,2026-07-01 0:00
M,USD,MXN,2004-12-19,11.2316,1,1,SF60653,2026-07-01 0:00
M,USD,MXN,2004-12-20,11.2316,1,1,SF60653,2026-07-01 0:00
M,USD,MXN,2004-12-21,11.2403,1,1,SF60653,2026-07-01 0:00
M,USD,MXN,2004-12-22,11.1555,1,1,SF60653,2026-07-01 0:00
M,USD,MXN,2004-12-23,11.1873,1,1,SF60653,2026-07-01 0:00
M,USD,MXN,2004-12-24,11.1814,1,1,SF60653,2026-07-01 0:00
M,USD,MXN,2004-12-25,11.1363,1,1,SF60653,2026-07-01 0:00
M,USD,MXN,2004-12-26,11.1363,1,1,SF60653,2026-07-01 0:00
M,USD,MXN,2004-12-27,11.1363,1,1,SF60653,2026-07-01 0:00
M,USD,MXN,2004-12-28,11.15,1,1,SF60653,2026-07-01 0:00
M,USD,MXN,2004-12-29,11.1348,1,1,SF60653,2026-07-01 0:00
M,USD,MXN,2004-12-30,11.2042,1,1,SF60653,2026-07-01 0:00
M,USD,MXN,2004-12-31,11.2648,1,1,SF60653,2026-07-01 0:00
M,USD,MXN,2005-01-01,11.2183,1,1,SF60653,2026-07-01 0:00
M,USD,MXN,2005-01-02,11.2183,1,1,SF60653,2026-07-01 0:00
M,USD,MXN,2005-01-03,11.2183,1,1,SF60653,2026-07-01 0:00
M,USD,MXN,2005-01-04,11.1495,1,1,SF60653,2026-07-01 0:00
M,USD,MXN,2005-01-05,11.2007,1,1,SF60653,2026-07-01 0:00
M,USD,MXN,2005-01-06,11.3087,1,1,SF60653,2026-07-01 0:00
M,USD,MXN,2005-01-07,11.3418,1,1,SF60653,2026-07-01 0:00
M,USD,MXN,2005-01-08,11.4018,1,1,SF60653,2026-07-01 0:00
M,USD,MXN,2005-01-09,11.4018,1,1,SF60653,2026-07-01 0:00
M,USD,MXN,2005-01-10,11.4018,1,1,SF60653,2026-07-01 0:00
M,USD,MXN,2005-01-11,11.3643,1,1,SF60653,2026-07-01 0:00
M,USD,MXN,2005-01-12,11.2667,1,1,SF60653,2026-07-01 0:00
M,USD,MXN,2005-01-13,11.2209,1,1,SF60653,2026-07-01 0:00
M,USD,MXN,2005-01-14,11.1761,1,1,SF60653,2026-07-01 0:00
M,USD,MXN,2005-01-15,11.1858,1,1,SF60653,2026-07-01 0:00
M,USD,MXN,2005-01-16,11.1858,1,1,SF60653,2026-07-01 0:00
M,USD,MXN,2005-01-17,11.1858,1,1,SF60653,2026-07-01 0:00
M,USD,MXN,2005-01-18,11.2339,1,1,SF60653,2026-07-01 0:00
M,USD,MXN,2005-01-19,11.2285,1,1,SF60653,2026-07-01 0:00
M,USD,MXN,2005-01-20,11.2495,1,1,SF60653,2026-07-01 0:00
M,USD,MXN,2005-01-21,11.2328,1,1,SF60653,2026-07-01 0:00
M,USD,MXN,2005-01-22,11.2515,1,1,SF60653,2026-07-01 0:00
M,USD,MXN,2005-01-23,11.2515,1,1,SF60653,2026-07-01 0:00
M,USD,MXN,2005-01-24,11.2515,1,1,SF60653,2026-07-01 0:00
M,USD,MXN,2005-01-25,11.2505,1,1,SF60653,2026-07-01 0:00
M,USD,MXN,2005-01-26,11.2353,1,1,SF60653,2026-07-01 0:00
M,USD,MXN,2005-01-27,11.289,1,1,SF60653,2026-07-01 0:00
M,USD,MXN,2005-01-28,11.2632,1,1,SF60653,2026-07-01 0:00
M,USD,MXN,2005-01-29,11.2991,1,1,SF60653,2026-07-01 0:00
M,USD,MXN,2005-01-30,11.2991,1,1,SF60653,2026-07-01 0:00
M,USD,MXN,2005-01-31,11.2991,1,1,SF60653,2026-07-01 0:00
M,USD,MXN,2005-02-01,11.2613,1,1,SF60653,2026-07-01 0:00
M,USD,MXN,2005-02-02,11.2141,1,1,SF60653,2026-07-01 0:00
M,USD,MXN,2005-02-03,11.1714,1,1,SF60653,2026-07-01 0:00
M,USD,MXN,2005-02-04,11.167,1,1,SF60653,2026-07-01 0:00
M,USD,MXN,2005-02-05,11.1683,1,1,SF60653,2026-07-01 0:00
M,USD,MXN,2005-02-06,11.1683,1,1,SF60653,2026-07-01 0:00
M,USD,MXN,2005-02-07,11.1683,1,1,SF60653,2026-07-01 0:00
M,USD,MXN,2005-02-08,11.1414,1,1,SF60653,2026-07-01 0:00
M,USD,MXN,2005-02-09,11.1909,1,1,SF60653,2026-07-01 0:00
M,USD,MXN,2005-02-10,11.2152,1,1,SF60653,2026-07-01 0:00
M,USD,MXN,2005-02-11,11.1919,1,1,SF60653,2026-07-01 0:00
M,USD,MXN,2005-02-12,11.1533,1,1,SF60653,2026-07-01 0:00
M,USD,MXN,2005-02-13,11.1533,1,1,SF60653,2026-07-01 0:00
M,USD,MXN,2005-02-14,11.1533,1,1,SF60653,2026-07-01 0:00
M,USD,MXN,2005-02-15,11.1532,1,1,SF60653,2026-07-01 0:00
M,USD,MXN,2005-02-16,11.1558,1,1,SF60653,2026-07-01 0:00
M,USD,MXN,2005-02-17,11.1535,1,1,SF60653,2026-07-01 0:00
M,USD,MXN,2005-02-18,11.1625,1,1,SF60653,2026-07-01 0:00
M,USD,MXN,2005-02-19,11.1389,1,1,SF60653,2026-07-01 0:00
M,USD,MXN,2005-02-20,11.1389,1,1,SF60653,2026-07-01 0:00
M,USD,MXN,2005-02-21,11.1389,1,1,SF60653,2026-07-01 0:00
M,USD,MXN,2005-02-22,11.0732,1,1,SF60653,2026-07-01 0:00
M,USD,MXN,2005-02-23,11.068,1,1,SF60653,2026-07-01 0:00
M,USD,MXN,2005-02-24,11.0487,1,1,SF60653,2026-07-01 0:00
M,USD,MXN,2005-02-25,11.0807,1,1,SF60653,2026-07-01 0:00
M,USD,MXN,2005-02-26,11.0955,1,1,SF60653,2026-07-01 0:00
M,USD,MXN,2005-02-27,11.0955,1,1,SF60653,2026-07-01 0:00
M,USD,MXN,2005-02-28,11.0955,1,1,SF60653,2026-07-01 0:00
M,USD,MXN,2005-03-01,11.1086,1,1,SF60653,2026-07-01 0:00
M,USD,MXN,2005-03-02,11.0965,1,1,SF60653,2026-07-01 0:00
M,USD,MXN,2005-03-03,11.104,1,1,SF60653,2026-07-01 0:00
M,USD,MXN,2005-03-04,11.1073,1,1,SF60653,2026-07-01 0:00
M,USD,MXN,2005-03-05,11.0837,1,1,SF60653,2026-07-01 0:00
M,USD,MXN,2005-03-06,11.0837,1,1,SF60653,2026-07-01 0:00
M,USD,MXN,2005-03-07,11.0837,1,1,SF60653,2026-07-01 0:00
M,USD,MXN,2005-03-08,11.0458,1,1,SF60653,2026-07-01 0:00
M,USD,MXN,2005-03-09,11.0349,1,1,SF60653,2026-07-01 0:00
M,USD,MXN,2005-03-10,10.979,1,1,SF60653,2026-07-01 0:00
M,USD,MXN,2005-03-11,11.0181,1,1,SF60653,2026-07-01 0:00
M,USD,MXN,2005-03-12,11.0324,1,1,SF60653,2026-07-01 0:00
M,USD,MXN,2005-03-13,11.0324,1,1,SF60653,2026-07-01 0:00
M,USD,MXN,2005-03-14,11.0324,1,1,SF60653,2026-07-01 0:00
M,USD,MXN,2005-03-15,11.0223,1,1,SF60653,2026-07-01 0:00
M,USD,MXN,2005-03-16,11.135,1,1,SF60653,2026-07-01 0:00
M,USD,MXN,2005-03-17,11.2038,1,1,SF60653,2026-07-01 0:00
M,USD,MXN,2005-03-18,11.2276,1,1,SF60653,2026-07-01 0:00
M,USD,MXN,2005-03-19,11.2193,1,1,SF60653,2026-07-01 0:00
M,USD,MXN,2005-03-20,11.2193,1,1,SF60653,2026-07-01 0:00
M,USD,MXN,2005-03-21,11.2193,1,1,SF60653,2026-07-01 0:00
M,USD,MXN,2005-03-22,11.2193,1,1,SF60653,2026-07-01 0:00
M,USD,MXN,2005-03-23,11.1759,1,1,SF60653,2026-07-01 0:00
M,USD,MXN,2005-03-24,11.1898,1,1,SF60653,2026-07-01 0:00
M,USD,MXN,2005-03-25,11.1898,1,1,SF60653,2026-07-01 0:00
M,USD,MXN,2005-03-26,11.1898,1,1,SF60653,2026-07-01 0:00
M,USD,MXN,2005-03-27,11.1898,1,1,SF60653,2026-07-01 0:00
M,USD,MXN,2005-03-28,11.1898,1,1,SF60653,2026-07-01 0:00
M,USD,MXN,2005-03-29,11.2505,1,1,SF60653,2026-07-01 0:00
M,USD,MXN,2005-03-30,11.3228,1,1,SF60653,2026-07-01 0:00
M,USD,MXN,2005-03-31,11.2942,1,1,SF60653,2026-07-01 0:00
M,USD,MXN,2005-04-01,11.2293,1,1,SF60653,2026-07-01 0:00
M,USD,MXN,2005-04-02,11.1783,1,1,SF60653,2026-07-01 0:00
M,USD,MXN,2005-04-03,11.1783,1,1,SF60653,2026-07-01 0:00
M,USD,MXN,2005-04-04,11.1783,1,1,SF60653,2026-07-01 0:00
M,USD,MXN,2005-04-05,11.1893,1,1,SF60653,2026-07-01 0:00
M,USD,MXN,2005-04-06,11.2175,1,1,SF60653,2026-07-01 0:00
M,USD,MXN,2005-04-07,11.2176,1,1,SF60653,2026-07-01 0:00
M,USD,MXN,2005-04-08,11.2307,1,1,SF60653,2026-07-01 0:00
M,USD,MXN,2005-04-09,11.1945,1,1,SF60653,2026-07-01 0:00
M,USD,MXN,2005-04-10,11.1945,1,1,SF60653,2026-07-01 0:00
M,USD,MXN,2005-04-11,11.1945,1,1,SF60653,2026-07-01 0:00
M,USD,MXN,2005-04-12,11.1583,1,1,SF60653,2026-07-01 0:00
M,USD,MXN,2005-04-13,11.0879,1,1,SF60653,2026-07-01 0:00
M,USD,MXN,2005-04-14,11.1155,1,1,SF60653,2026-07-01 0:00
M,USD,MXN,2005-04-15,11.0615,1,1,SF60653,2026-07-01 0:00
M,USD,MXN,2005-04-16,11.1032,1,1,SF60653,2026-07-01 0:00
M,USD,MXN,2005-04-17,11.1032,1,1,SF60653,2026-07-01 0:00
M,USD,MXN,2005-04-18,11.1032,1,1,SF60653,2026-07-01 0:00
M,USD,MXN,2005-04-19,11.1021,1,1,SF60653,2026-07-01 0:00
M,USD,MXN,2005-04-20,11.129,1,1,SF60653,2026-07-01 0:00
M,USD,MXN,2005-04-21,11.0776,1,1,SF60653,2026-07-01 0:00
M,USD,MXN,2005-04-22,11.0614,1,1,SF60653,2026-07-01 0:00
M,USD,MXN,2005-04-23,11.041,1,1,SF60653,2026-07-01 0:00
M,USD,MXN,2005-04-24,11.041,1,1,SF60653,2026-07-01 0:00
M,USD,MXN,2005-04-25,11.041,1,1,SF60653,2026-07-01 0:00
M,USD,MXN,2005-04-26,11.0361,1,1,SF60653,2026-07-01 0:00
M,USD,MXN,2005-04-27,11.0571,1,1,SF60653,2026-07-01 0:00
M,USD,MXN,2005-04-28,11.0595,1,1,SF60653,2026-07-01 0:00
M,USD,MXN,2005-04-29,11.1033,1,1,SF60653,2026-07-01 0:00
M,USD,MXN,2005-04-30,11.1159,1,1,SF60653,2026-07-01 0:00
M,USD,MXN,2005-05-01,11.1159,1,1,SF60653,2026-07-01 0:00
M,USD,MXN,2005-05-02,11.1159,1,1,SF60653,2026-07-01 0:00
M,USD,MXN,2005-05-03,11.0832,1,1,SF60653,2026-07-01 0:00
M,USD,MXN,2005-05-04,11.0271,1,1,SF60653,2026-07-01 0:00
M,USD,MXN,2005-05-05,11.0284,1,1,SF60653,2026-07-01 0:00
M,USD,MXN,2005-05-06,10.982,1,1,SF60653,2026-07-01 0:00
M,USD,MXN,2005-05-07,10.9487,1,1,SF60653,2026-07-01 0:00
M,USD,MXN,2005-05-08,10.9487,1,1,SF60653,2026-07-01 0:00
M,USD,MXN,2005-05-09,10.9487,1,1,SF60653,2026-07-01 0:00
M,USD,MXN,2005-05-10,10.9433,1,1,SF60653,2026-07-01 0:00
M,USD,MXN,2005-05-11,10.9693,1,1,SF60653,2026-07-01 0:00
M,USD,MXN,2005-05-12,11.0082,1,1,SF60653,2026-07-01 0:00
M,USD,MXN,2005-05-13,11.0323,1,1,SF60653,2026-07-01 0:00
M,USD,MXN,2005-05-14,11.0189,1,1,SF60653,2026-07-01 0:00
M,USD,MXN,2005-05-15,11.0189,1,1,SF60653,2026-07-01 0:00
M,USD,MXN,2005-05-16,11.0189,1,1,SF60653,2026-07-01 0:00
M,USD,MXN,2005-05-17,11.029,1,1,SF60653,2026-07-01 0:00
M,USD,MXN,2005-05-18,11.0376,1,1,SF60653,2026-07-01 0:00
M,USD,MXN,2005-05-19,10.9963,1,1,SF60653,2026-07-01 0:00
M,USD,MXN,2005-05-20,10.9668,1,1,SF60653,2026-07-01 0:00
M,USD,MXN,2005-05-21,10.9283,1,1,SF60653,2026-07-01 0:00
M,USD,MXN,2005-05-22,10.9283,1,1,SF60653,2026-07-01 0:00
M,USD,MXN,2005-05-23,10.9283,1,1,SF60653,2026-07-01 0:00
M,USD,MXN,2005-05-24,10.9715,1,1,SF60653,2026-07-01 0:00
M,USD,MXN,2005-05-25,10.9533,1,1,SF60653,2026-07-01 0:00
M,USD,MXN,2005-05-26,10.9801,1,1,SF60653,2026-07-01 0:00
M,USD,MXN,2005-05-27,10.9372,1,1,SF60653,2026-07-01 0:00
M,USD,MXN,2005-05-28,10.9645,1,1,SF60653,2026-07-01 0:00
M,USD,MXN,2005-05-29,10.9645,1,1,SF60653,2026-07-01 0:00
M,USD,MXN,2005-05-30,10.9645,1,1,SF60653,2026-07-01 0:00
M,USD,MXN,2005-05-31,10.903,1,1,SF60653,2026-07-01 0:00
M,USD,MXN,2005-06-01,10.8699,1,1,SF60653,2026-07-01 0:00
M,USD,MXN,2005-06-02,10.916,1,1,SF60653,2026-07-01 0:00
M,USD,MXN,2005-06-03,10.8442,1,1,SF60653,2026-07-01 0:00
M,USD,MXN,2005-06-04,10.8144,1,1,SF60653,2026-07-01 0:00
M,USD,MXN,2005-06-05,10.8144,1,1,SF60653,2026-07-01 0:00
M,USD,MXN,2005-06-06,10.8144,1,1,SF60653,2026-07-01 0:00
M,USD,MXN,2005-06-07,10.8179,1,1,SF60653,2026-07-01 0:00
M,USD,MXN,2005-06-08,10.8792,1,1,SF60653,2026-07-01 0:00
M,USD,MXN,2005-06-09,10.8695,1,1,SF60653,2026-07-01 0:00
M,USD,MXN,2005-06-10,10.8494,1,1,SF60653,2026-07-01 0:00
M,USD,MXN,2005-06-11,10.8868,1,1,SF60653,2026-07-01 0:00
M,USD,MXN,2005-06-12,10.8868,1,1,SF60653,2026-07-01 0:00
M,USD,MXN,2005-06-13,10.8868,1,1,SF60653,2026-07-01 0:00
M,USD,MXN,2005-06-14,10.8648,1,1,SF60653,2026-07-01 0:00
M,USD,MXN,2005-06-15,10.868,1,1,SF60653,2026-07-01 0:00
M,USD,MXN,2005-06-16,10.8392,1,1,SF60653,2026-07-01 0:00
M,USD,MXN,2005-06-17,10.8332,1,1,SF60653,2026-07-01 0:00
M,USD,MXN,2005-06-18,10.8007,1,1,SF60653,2026-07-01 0:00
M,USD,MXN,2005-06-19,10.8007,1,1,SF60653,2026-07-01 0:00
M,USD,MXN,2005-06-20,10.8007,1,1,SF60653,2026-07-01 0:00
M,USD,MXN,2005-06-21,10.7913,1,1,SF60653,2026-07-01 0:00
M,USD,MXN,2005-06-22,10.8342,1,1,SF60653,2026-07-01 0:00
M,USD,MXN,2005-06-23,10.7982,1,1,SF60653,2026-07-01 0:00
M,USD,MXN,2005-06-24,10.761,1,1,SF60653,2026-07-01 0:00
M,USD,MXN,2005-06-25,10.7897,1,1,SF60653,2026-07-01 0:00
M,USD,MXN,2005-06-26,10.7897,1,1,SF60653,2026-07-01 0:00
M,USD,MXN,2005-06-27,10.7897,1,1,SF60653,2026-07-01 0:00
M,USD,MXN,2005-06-28,10.7642,1,1,SF60653,2026-07-01 0:00
M,USD,MXN,2005-06-29,10.8127,1,1,SF60653,2026-07-01 0:00
M,USD,MXN,2005-06-30,10.8428,1,1,SF60653,2026-07-01 0:00
M,USD,MXN,2005-07-01,10.7645,1,1,SF60653,2026-07-01 0:00
M,USD,MXN,2005-07-02,10.7752,1,1,SF60653,2026-07-01 0:00
M,USD,MXN,2005-07-03,10.7752,1,1,SF60653,2026-07-01 0:00
M,USD,MXN,2005-07-04,10.7752,1,1,SF60653,2026-07-01 0:00
M,USD,MXN,2005-07-05,10.7327,1,1,SF60653,2026-07-01 0:00
M,USD,MXN,2005-07-06,10.7438,1,1,SF60653,2026-07-01 0:00
M,USD,MXN,2005-07-07,10.7555,1,1,SF60653,2026-07-01 0:00
M,USD,MXN,2005-07-08,10.7689,1,1,SF60653,2026-07-01 0:00
M,USD,MXN,2005-07-09,10.7997,1,1,SF60653,2026-07-01 0:00
M,USD,MXN,2005-07-10,10.7997,1,1,SF60653,2026-07-01 0:00
M,USD,MXN,2005-07-11,10.7997,1,1,SF60653,2026-07-01 0:00
M,USD,MXN,2005-07-12,10.7428,1,1,SF60653,2026-07-01 0:00
M,USD,MXN,2005-07-13,10.7045,1,1,SF60653,2026-07-01 0:00
M,USD,MXN,2005-07-14,10.6881,1,1,SF60653,2026-07-01 0:00
M,USD,MXN,2005-07-15,10.6898,1,1,SF60653,2026-07-01 0:00
M,USD,MXN,2005-07-16,10.6372,1,1,SF60653,2026-07-01 0:00
M,USD,MXN,2005-07-17,10.6372,1,1,SF60653,2026-07-01 0:00
M,USD,MXN,2005-07-18,10.6372,1,1,SF60653,2026-07-01 0:00
M,USD,MXN,2005-07-19,10.6312,1,1,SF60653,2026-07-01 0:00
M,USD,MXN,2005-07-20,10.5958,1,1,SF60653,2026-07-01 0:00
M,USD,MXN,2005-07-21,10.6227,1,1,SF60653,2026-07-01 0:00
M,USD,MXN,2005-07-22,10.6498,1,1,SF60653,2026-07-01 0:00
M,USD,MXN,2005-07-23,10.5942,1,1,SF60653,2026-07-01 0:00
M,USD,MXN,2005-07-24,10.5942,1,1,SF60653,2026-07-01 0:00
M,USD,MXN,2005-07-25,10.5942,1,1,SF60653,2026-07-01 0:00
M,USD,MXN,2005-07-26,10.6307,1,1,SF60653,2026-07-01 0:00
M,USD,MXN,2005-07-27,10.6683,1,1,SF60653,2026-07-01 0:00
M,USD,MXN,2005-07-28,10.7165,1,1,SF60653,2026-07-01 0:00
M,USD,MXN,2005-07-29,10.643,1,1,SF60653,2026-07-01 0:00
M,USD,MXN,2005-07-30,10.6201,1,1,SF60653,2026-07-01 0:00
M,USD,MXN,2005-07-31,10.6201,1,1,SF60653,2026-07-01 0:00
M,USD,MXN,2005-08-01,10.6201,1,1,SF60653,2026-07-01 0:00
M,USD,MXN,2005-08-02,10.6057,1,1,SF60653,2026-07-01 0:00
M,USD,MXN,2005-08-03,10.5994,1,1,SF60653,2026-07-01 0:00
M,USD,MXN,2005-08-04,10.5968,1,1,SF60653,2026-07-01 0:00
M,USD,MXN,2005-08-05,10.6138,1,1,SF60653,2026-07-01 0:00
M,USD,MXN,2005-08-06,10.5831,1,1,SF60653,2026-07-01 0:00
M,USD,MXN,2005-08-07,10.5831,1,1,SF60653,2026-07-01 0:00
M,USD,MXN,2005-08-08,10.5831,1,1,SF60653,2026-07-01 0:00
M,USD,MXN,2005-08-09,10.5921,1,1,SF60653,2026-07-01 0:00
M,USD,MXN,2005-08-10,10.6018,1,1,SF60653,2026-07-01 0:00
M,USD,MXN,2005-08-11,10.6383,1,1,SF60653,2026-07-01 0:00
M,USD,MXN,2005-08-12,10.5874,1,1,SF60653,2026-07-01 0:00
M,USD,MXN,2005-08-13,10.5815,1,1,SF60653,2026-07-01 0:00
M,USD,MXN,2005-08-14,10.5815,1,1,SF60653,2026-07-01 0:00
M,USD,MXN,2005-08-15,10.5815,1,1,SF60653,2026-07-01 0:00
M,USD,MXN,2005-08-16,10.6343,1,1,SF60653,2026-07-01 0:00
M,USD,MXN,2005-08-17,10.604,1,1,SF60653,2026-07-01 0:00
M,USD,MXN,2005-08-18,10.5809,1,1,SF60653,2026-07-01 0:00
M,USD,MXN,2005-08-19,10.6088,1,1,SF60653,2026-07-01 0:00
M,USD,MXN,2005-08-20,10.6601,1,1,SF60653,2026-07-01 0:00
M,USD,MXN,2005-08-21,10.6601,1,1,SF60653,2026-07-01 0:00
M,USD,MXN,2005-08-22,10.6601,1,1,SF60653,2026-07-01 0:00
M,USD,MXN,2005-08-23,10.7753,1,1,SF60653,2026-07-01 0:00
M,USD,MXN,2005-08-24,10.7356,1,1,SF60653,2026-07-01 0:00
M,USD,MXN,2005-08-25,10.7742,1,1,SF60653,2026-07-01 0:00
M,USD,MXN,2005-08-26,10.8822,1,1,SF60653,2026-07-01 0:00
M,USD,MXN,2005-08-27,10.8153,1,1,SF60653,2026-07-01 0:00
M,USD,MXN,2005-08-28,10.8153,1,1,SF60653,2026-07-01 0:00
M,USD,MXN,2005-08-29,10.8153,1,1,SF60653,2026-07-01 0:00
M,USD,MXN,2005-08-30,10.8333,1,1,SF60653,2026-07-01 0:00
M,USD,MXN,2005-08-31,10.8936,1,1,SF60653,2026-07-01 0:00
M,USD,MXN,2005-09-01,10.8377,1,1,SF60653,2026-07-01 0:00
M,USD,MXN,2005-09-02,10.7995,1,1,SF60653,2026-07-01 0:00
M,USD,MXN,2005-09-03,10.7234,1,1,SF60653,2026-07-01 0:00
M,USD,MXN,2005-09-04,10.7234,1,1,SF60653,2026-07-01 0:00
M,USD,MXN,2005-09-05,10.7234,1,1,SF60653,2026-07-01 0:00
M,USD,MXN,2005-09-06,10.684,1,1,SF60653,2026-07-01 0:00
M,USD,MXN,2005-09-07,10.6689,1,1,SF60653,2026-07-01 0:00
M,USD,MXN,2005-09-08,10.6868,1,1,SF60653,2026-07-01 0:00
M,USD,MXN,2005-09-09,10.7015,1,1,SF60653,2026-07-01 0:00
M,USD,MXN,2005-09-10,10.7126,1,1,SF60653,2026-07-01 0:00
M,USD,MXN,2005-09-11,10.7126,1,1,SF60653,2026-07-01 0:00
M,USD,MXN,2005-09-12,10.7126,1,1,SF60653,2026-07-01 0:00
M,USD,MXN,2005-09-13,10.708,1,1,SF60653,2026-07-01 0:00
M,USD,MXN,2005-09-14,10.6994,1,1,SF60653,2026-07-01 0:00
M,USD,MXN,2005-09-15,10.7456,1,1,SF60653,2026-07-01 0:00
M,USD,MXN,2005-09-16,10.8355,1,1,SF60653,2026-07-01 0:00
M,USD,MXN,2005-09-17,10.8355,1,1,SF60653,2026-07-01 0:00
M,USD,MXN,2005-09-18,10.8355,1,1,SF60653,2026-07-01 0:00
M,USD,MXN,2005-09-19,10.8355,1,1,SF60653,2026-07-01 0:00
M,USD,MXN,2005-09-20,10.807,1,1,SF60653,2026-07-01 0:00
M,USD,MXN,2005-09-21,10.8558,1,1,SF60653,2026-07-01 0:00
M,USD,MXN,2005-09-22,10.8232,1,1,SF60653,2026-07-01 0:00
M,USD,MXN,2005-09-23,10.7798,1,1,SF60653,2026-07-01 0:00
M,USD,MXN,2005-09-24,10.8341,1,1,SF60653,2026-07-01 0:00
M,USD,MXN,2005-09-25,10.8341,1,1,SF60653,2026-07-01 0:00
M,USD,MXN,2005-09-26,10.8341,1,1,SF60653,2026-07-01 0:00
M,USD,MXN,2005-09-27,10.8475,1,1,SF60653,2026-07-01 0:00
M,USD,MXN,2005-09-28,10.876,1,1,SF60653,2026-07-01 0:00
M,USD,MXN,2005-09-29,10.886,1,1,SF60653,2026-07-01 0:00
M,USD,MXN,2005-09-30,10.8495,1,1,SF60653,2026-07-01 0:00
M,USD,MXN,2005-10-01,10.8131,1,1,SF60653,2026-07-01 0:00
M,USD,MXN,2005-10-02,10.8131,1,1,SF60653,2026-07-01 0:00
M,USD,MXN,2005-10-03,10.8131,1,1,SF60653,2026-07-01 0:00
M,USD,MXN,2005-10-04,10.7907,1,1,SF60653,2026-07-01 0:00
M,USD,MXN,2005-10-05,10.7683,1,1,SF60653,2026-07-01 0:00
M,USD,MXN,2005-10-06,10.6857,1,1,SF60653,2026-07-01 0:00
M,USD,MXN,2005-10-07,10.7115,1,1,SF60653,2026-07-01 0:00
M,USD,MXN,2005-10-08,10.7687,1,1,SF60653,2026-07-01 0:00
M,USD,MXN,2005-10-09,10.7687,1,1,SF60653,2026-07-01 0:00
M,USD,MXN,2005-10-10,10.7687,1,1,SF60653,2026-07-01 0:00
M,USD,MXN,2005-10-11,10.794,1,1,SF60653,2026-07-01 0:00
M,USD,MXN,2005-10-12,10.7965,1,1,SF60653,2026-07-01 0:00
M,USD,MXN,2005-10-13,10.8007,1,1,SF60653,2026-07-01 0:00
M,USD,MXN,2005-10-14,10.8842,1,1,SF60653,2026-07-01 0:00
M,USD,MXN,2005-10-15,10.9408,1,1,SF60653,2026-07-01 0:00
M,USD,MXN,2005-10-16,10.9408,1,1,SF60653,2026-07-01 0:00
M,USD,MXN,2005-10-17,10.9408,1,1,SF60653,2026-07-01 0:00
M,USD,MXN,2005-10-18,10.9164,1,1,SF60653,2026-07-01 0:00
M,USD,MXN,2005-10-19,10.8462,1,1,SF60653,2026-07-01 0:00
M,USD,MXN,2005-10-20,10.8307,1,1,SF60653,2026-07-01 0:00
M,USD,MXN,2005-10-21,10.8752,1,1,SF60653,2026-07-01 0:00
M,USD,MXN,2005-10-22,10.8393,1,1,SF60653,2026-07-01 0:00
M,USD,MXN,2005-10-23,10.8393,1,1,SF60653,2026-07-01 0:00
M,USD,MXN,2005-10-24,10.8393,1,1,SF60653,2026-07-01 0:00
M,USD,MXN,2005-10-25,10.8948,1,1,SF60653,2026-07-01 0:00
M,USD,MXN,2005-10-26,10.856,1,1,SF60653,2026-07-01 0:00
M,USD,MXN,2005-10-27,10.8417,1,1,SF60653,2026-07-01 0:00
M,USD,MXN,2005-10-28,10.891,1,1,SF60653,2026-07-01 0:00
M,USD,MXN,2005-10-29,10.9092,1,1,SF60653,2026-07-01 0:00
M,USD,MXN,2005-10-30,10.9092,1,1,SF60653,2026-07-01 0:00
M,USD,MXN,2005-10-31,10.9092,1,1,SF60653,2026-07-01 0:00
M,USD,MXN,2005-11-01,10.8447,1,1,SF60653,2026-07-01 0:00
M,USD,MXN,2005-11-02,10.7857,1,1,SF60653,2026-07-01 0:00
M,USD,MXN,2005-11-03,10.7647,1,1,SF60653,2026-07-01 0:00
M,USD,MXN,2005-11-04,10.7613,1,1,SF60653,2026-07-01 0:00
M,USD,MXN,2005-11-05,10.7218,1,1,SF60653,2026-07-01 0:00
M,USD,MXN,2005-11-06,10.7218,1,1,SF60653,2026-07-01 0:00
M,USD,MXN,2005-11-07,10.7218,1,1,SF60653,2026-07-01 0:00
M,USD,MXN,2005-11-08,10.7495,1,1,SF60653,2026-07-01 0:00
M,USD,MXN,2005-11-09,10.7072,1,1,SF60653,2026-07-01 0:00
M,USD,MXN,2005-11-10,10.7282,1,1,SF60653,2026-07-01 0:00
M,USD,MXN,2005-11-11,10.7104,1,1,SF60653,2026-07-01 0:00
M,USD,MXN,2005-11-12,10.714,1,1,SF60653,2026-07-01 0:00
M,USD,MXN,2005-11-13,10.714,1,1,SF60653,2026-07-01 0:00
M,USD,MXN,2005-11-14,10.714,1,1,SF60653,2026-07-01 0:00
M,USD,MXN,2005-11-15,10.6833,1,1,SF60653,2026-07-01 0:00
M,USD,MXN,2005-11-16,10.6897,1,1,SF60653,2026-07-01 0:00
M,USD,MXN,2005-11-17,10.6505,1,1,SF60653,2026-07-01 0:00
M,USD,MXN,2005-11-18,10.635,1,1,SF60653,2026-07-01 0:00
M,USD,MXN,2005-11-19,10.676,1,1,SF60653,2026-07-01 0:00
M,USD,MXN,2005-11-20,10.676,1,1,SF60653,2026-07-01 0:00
M,USD,MXN,2005-11-21,10.676,1,1,SF60653,2026-07-01 0:00
M,USD,MXN,2005-11-22,10.6543,1,1,SF60653,2026-07-01 0:00
M,USD,MXN,2005-11-23,10.6425,1,1,SF60653,2026-07-01 0:00
M,USD,MXN,2005-11-24,10.6678,1,1,SF60653,2026-07-01 0:00
M,USD,MXN,2005-11-25,10.618,1,1,SF60653,2026-07-01 0:00
M,USD,MXN,2005-11-26,10.6083,1,1,SF60653,2026-07-01 0:00
M,USD,MXN,2005-11-27,10.6083,1,1,SF60653,2026-07-01 0:00
M,USD,MXN,2005-11-28,10.6083,1,1,SF60653,2026-07-01 0:00
M,USD,MXN,2005-11-29,10.607,1,1,SF60653,2026-07-01 0:00
M,USD,MXN,2005-11-30,10.567,1,1,SF60653,2026-07-01 0:00
M,USD,MXN,2005-12-01,10.5702,1,1,SF60653,2026-07-01 0:00
M,USD,MXN,2005-12-02,10.5793,1,1,SF60653,2026-07-01 0:00
M,USD,MXN,2005-12-03,10.5247,1,1,SF60653,2026-07-01 0:00
M,USD,MXN,2005-12-04,10.5247,1,1,SF60653,2026-07-01 0:00
M,USD,MXN,2005-12-05,10.5247,1,1,SF60653,2026-07-01 0:00
M,USD,MXN,2005-12-06,10.4558,1,1,SF60653,2026-07-01 0:00
M,USD,MXN,2005-12-07,10.4741,1,1,SF60653,2026-07-01 0:00
M,USD,MXN,2005-12-08,10.4097,1,1,SF60653,2026-07-01 0:00
M,USD,MXN,2005-12-09,10.44,1,1,SF60653,2026-07-01 0:00
M,USD,MXN,2005-12-10,10.502,1,1,SF60653,2026-07-01 0:00
M,USD,MXN,2005-12-11,10.502,1,1,SF60653,2026-07-01 0:00
M,USD,MXN,2005-12-12,10.502,1,1,SF60653,2026-07-01 0:00
M,USD,MXN,2005-12-13,10.502,1,1,SF60653,2026-07-01 0:00
M,USD,MXN,2005-12-14,10.624,1,1,SF60653,2026-07-01 0:00
M,USD,MXN,2005-12-15,10.6368,1,1,SF60653,2026-07-01 0:00
M,USD,MXN,2005-12-16,10.6931,1,1,SF60653,2026-07-01 0:00
M,USD,MXN,2005-12-17,10.7378,1,1,SF60653,2026-07-01 0:00
M,USD,MXN,2005-12-18,10.7378,1,1,SF60653,2026-07-01 0:00
M,USD,MXN,2005-12-19,10.7378,1,1,SF60653,2026-07-01 0:00
M,USD,MXN,2005-12-20,10.7567,1,1,SF60653,2026-07-01 0:00
M,USD,MXN,2005-12-21,10.7283,1,1,SF60653,2026-07-01 0:00
M,USD,MXN,2005-12-22,10.6997,1,1,SF60653,2026-07-01 0:00
M,USD,MXN,2005-12-23,10.6457,1,1,SF60653,2026-07-01 0:00
M,USD,MXN,2005-12-24,10.6532,1,1,SF60653,2026-07-01 0:00
M,USD,MXN,2005-12-25,10.6532,1,1,SF60653,2026-07-01 0:00
M,USD,MXN,2005-12-26,10.6532,1,1,SF60653,2026-07-01 0:00
M,USD,MXN,2005-12-27,10.6845,1,1,SF60653,2026-07-01 0:00
M,USD,MXN,2005-12-28,10.6932,1,1,SF60653,2026-07-01 0:00
M,USD,MXN,2005-12-29,10.7362,1,1,SF60653,2026-07-01 0:00
M,USD,MXN,2005-12-30,10.7777,1,1,SF60653,2026-07-01 0:00
M,USD,MXN,2005-12-31,10.7109,1,1,SF60653,2026-07-01 0:00
M,USD,MXN,2006-01-01,10.7109,1,1,SF60653,2026-07-01 0:00
M,USD,MXN,2006-01-02,10.7109,1,1,SF60653,2026-07-01 0:00
M,USD,MXN,2006-01-03,10.6344,1,1,SF60653,2026-07-01 0:00
M,USD,MXN,2006-01-04,10.6253,1,1,SF60653,2026-07-01 0:00
M,USD,MXN,2006-01-05,10.6455,1,1,SF60653,2026-07-01 0:00
M,USD,MXN,2006-01-06,10.5815,1,1,SF60653,2026-07-01 0:00
M,USD,MXN,2006-01-07,10.5907,1,1,SF60653,2026-07-01 0:00
M,USD,MXN,2006-01-08,10.5907,1,1,SF60653,2026-07-01 0:00
M,USD,MXN,2006-01-09,10.5907,1,1,SF60653,2026-07-01 0:00
M,USD,MXN,2006-01-10,10.5726,1,1,SF60653,2026-07-01 0:00
M,USD,MXN,2006-01-11,10.5446,1,1,SF60653,2026-07-01 0:00
M,USD,MXN,2006-01-12,10.599,1,1,SF60653,2026-07-01 0:00
M,USD,MXN,2006-01-13,10.6097,1,1,SF60653,2026-07-01 0:00
M,USD,MXN,2006-01-14,10.5732,1,1,SF60653,2026-07-01 0:00
M,USD,MXN,2006-01-15,10.5732,1,1,SF60653,2026-07-01 0:00
M,USD,MXN,2006-01-16,10.5732,1,1,SF60653,2026-07-01 0:00
M,USD,MXN,2006-01-17,10.5752,1,1,SF60653,2026-07-01 0:00
M,USD,MXN,2006-01-18,10.559,1,1,SF60653,2026-07-01 0:00
M,USD,MXN,2006-01-19,10.5372,1,1,SF60653,2026-07-01 0:00
M,USD,MXN,2006-01-20,10.5778,1,1,SF60653,2026-07-01 0:00
M,USD,MXN,2006-01-21,10.5589,1,1,SF60653,2026-07-01 0:00
M,USD,MXN,2006-01-22,10.5589,1,1,SF60653,2026-07-01 0:00
M,USD,MXN,2006-01-23,10.5589,1,1,SF60653,2026-07-01 0:00
M,USD,MXN,2006-01-24,10.5078,1,1,SF60653,2026-07-01 0:00
M,USD,MXN,2006-01-25,10.5208,1,1,SF60653,2026-07-01 0:00
M,USD,MXN,2006-01-26,10.5063,1,1,SF60653,2026-07-01 0:00
M,USD,MXN,2006-01-27,10.5004,1,1,SF60653,2026-07-01 0:00
M,USD,MXN,2006-01-28,10.5039,1,1,SF60653,2026-07-01 0:00
M,USD,MXN,2006-01-29,10.5039,1,1,SF60653,2026-07-01 0:00
M,USD,MXN,2006-01-30,10.5039,1,1,SF60653,2026-07-01 0:00
M,USD,MXN,2006-01-31,10.4598,1,1,SF60653,2026-07-01 0:00
M,USD,MXN,2006-02-01,10.4416,1,1,SF60653,2026-07-01 0:00
M,USD,MXN,2006-02-02,10.4433,1,1,SF60653,2026-07-01 0:00
M,USD,MXN,2006-02-03,10.4303,1,1,SF60653,2026-07-01 0:00
M,USD,MXN,2006-02-04,10.4805,1,1,SF60653,2026-07-01 0:00
M,USD,MXN,2006-02-05,10.4805,1,1,SF60653,2026-07-01 0:00
M,USD,MXN,2006-02-06,10.4805,1,1,SF60653,2026-07-01 0:00
M,USD,MXN,2006-02-07,10.4805,1,1,SF60653,2026-07-01 0:00
M,USD,MXN,2006-02-08,10.4981,1,1,SF60653,2026-07-01 0:00
M,USD,MXN,2006-02-09,10.4758,1,1,SF60653,2026-07-01 0:00
M,USD,MXN,2006-02-10,10.5277,1,1,SF60653,2026-07-01 0:00
M,USD,MXN,2006-02-11,10.4803,1,1,SF60653,2026-07-01 0:00
M,USD,MXN,2006-02-12,10.4803,1,1,SF60653,2026-07-01 0:00
M,USD,MXN,2006-02-13,10.4803,1,1,SF60653,2026-07-01 0:00
M,USD,MXN,2006-02-14,10.487,1,1,SF60653,2026-07-01 0:00
M,USD,MXN,2006-02-15,10.5258,1,1,SF60653,2026-07-01 0:00
M,USD,MXN,2006-02-16,10.5249,1,1,SF60653,2026-07-01 0:00
M,USD,MXN,2006-02-17,10.517,1,1,SF60653,2026-07-01 0:00
M,USD,MXN,2006-02-18,10.5175,1,1,SF60653,2026-07-01 0:00
M,USD,MXN,2006-02-19,10.5175,1,1,SF60653,2026-07-01 0:00
M,USD,MXN,2006-02-20,10.5175,1,1,SF60653,2026-07-01 0:00
M,USD,MXN,2006-02-21,10.4528,1,1,SF60653,2026-07-01 0:00
M,USD,MXN,2006-02-22,10.4401,1,1,SF60653,2026-07-01 0:00
M,USD,MXN,2006-02-23,10.4388,1,1,SF60653,2026-07-01 0:00
M,USD,MXN,2006-02-24,10.499,1,1,SF60653,2026-07-01 0:00
M,USD,MXN,2006-02-25,10.4885,1,1,SF60653,2026-07-01 0:00
M,USD,MXN,2006-02-26,10.4885,1,1,SF60653,2026-07-01 0:00
M,USD,MXN,2006-02-27,10.4885,1,1,SF60653,2026-07-01 0:00
M,USD,MXN,2006-02-28,10.4761,1,1,SF60653,2026-07-01 0:00
M,USD,MXN,2006-03-01,10.4661,1,1,SF60653,2026-07-01 0:00
M,USD,MXN,2006-03-02,10.456,1,1,SF60653,2026-07-01 0:00
M,USD,MXN,2006-03-03,10.4673,1,1,SF60653,2026-07-01 0:00
M,USD,MXN,2006-03-04,10.5113,1,1,SF60653,2026-07-01 0:00
M,USD,MXN,2006-03-05,10.5113,1,1,SF60653,2026-07-01 0:00
M,USD,MXN,2006-03-06,10.5113,1,1,SF60653,2026-07-01 0:00
M,USD,MXN,2006-03-07,10.5759,1,1,SF60653,2026-07-01 0:00
M,USD,MXN,2006-03-08,10.6118,1,1,SF60653,2026-07-01 0:00
M,USD,MXN,2006-03-09,10.7003,1,1,SF60653,2026-07-01 0:00
M,USD,MXN,2006-03-10,10.756,1,1,SF60653,2026-07-01 0:00
M,USD,MXN,2006-03-11,10.7094,1,1,SF60653,2026-07-01 0:00
M,USD,MXN,2006-03-12,10.7094,1,1,SF60653,2026-07-01 0:00
M,USD,MXN,2006-03-13,10.7094,1,1,SF60653,2026-07-01 0:00
M,USD,MXN,2006-03-14,10.7125,1,1,SF60653,2026-07-01 0:00
M,USD,MXN,2006-03-15,10.7126,1,1,SF60653,2026-07-01 0:00
M,USD,MXN,2006-03-16,10.6942,1,1,SF60653,2026-07-01 0:00
M,USD,MXN,2006-03-17,10.6667,1,1,SF60653,2026-07-01 0:00
M,USD,MXN,2006-03-18,10.6212,1,1,SF60653,2026-07-01 0:00
M,USD,MXN,2006-03-19,10.6212,1,1,SF60653,2026-07-01 0:00
M,USD,MXN,2006-03-20,10.6212,1,1,SF60653,2026-07-01 0:00
M,USD,MXN,2006-03-21,10.6885,1,1,SF60653,2026-07-01 0:00
M,USD,MXN,2006-03-22,10.6885,1,1,SF60653,2026-07-01 0:00
M,USD,MXN,2006-03-23,10.7568,1,1,SF60653,2026-07-01 0:00
M,USD,MXN,2006-03-24,10.8628,1,1,SF60653,2026-07-01 0:00
M,USD,MXN,2006-03-25,10.8612,1,1,SF60653,2026-07-01 0:00
M,USD,MXN,2006-03-26,10.8612,1,1,SF60653,2026-07-01 0:00
M,USD,MXN,2006-03-27,10.8612,1,1,SF60653,2026-07-01 0:00
M,USD,MXN,2006-03-28,10.8568,1,1,SF60653,2026-07-01 0:00
M,USD,MXN,2006-03-29,10.9329,1,1,SF60653,2026-07-01 0:00
M,USD,MXN,2006-03-30,10.9633,1,1,SF60653,2026-07-01 0:00
M,USD,MXN,2006-03-31,10.951,1,1,SF60653,2026-07-01 0:00
M,USD,MXN,2006-04-01,10.9228,1,1,SF60653,2026-07-01 0:00
M,USD,MXN,2006-04-02,10.9228,1,1,SF60653,2026-07-01 0:00
M,USD,MXN,2006-04-03,10.9228,1,1,SF60653,2026-07-01 0:00
M,USD,MXN,2006-04-04,10.8935,1,1,SF60653,2026-07-01 0:00
M,USD,MXN,2006-04-05,10.8717,1,1,SF60653,2026-07-01 0:00
M,USD,MXN,2006-04-06,10.8548,1,1,SF60653,2026-07-01 0:00
M,USD,MXN,2006-04-07,10.9467,1,1,SF60653,2026-07-01 0:00
M,USD,MXN,2006-04-08,11.0557,1,1,SF60653,2026-07-01 0:00
M,USD,MXN,2006-04-09,11.0557,1,1,SF60653,2026-07-01 0:00
M,USD,MXN,2006-04-10,11.0557,1,1,SF60653,2026-07-01 0:00
M,USD,MXN,2006-04-11,11.1443,1,1,SF60653,2026-07-01 0:00
M,USD,MXN,2006-04-12,11.0956,1,1,SF60653,2026-07-01 0:00
M,USD,MXN,2006-04-13,11.0708,1,1,SF60653,2026-07-01 0:00
M,USD,MXN,2006-04-14,11.0708,1,1,SF60653,2026-07-01 0:00
M,USD,MXN,2006-04-15,11.0708,1,1,SF60653,2026-07-01 0:00
M,USD,MXN,2006-04-16,11.0708,1,1,SF60653,2026-07-01 0:00
M,USD,MXN,2006-04-17,11.0708,1,1,SF60653,2026-07-01 0:00
M,USD,MXN,2006-04-18,11.0477,1,1,SF60653,2026-07-01 0:00
M,USD,MXN,2006-04-19,11.0842,1,1,SF60653,2026-07-01 0:00
M,USD,MXN,2006-04-20,11.0011,1,1,SF60653,2026-07-01 0:00
M,USD,MXN,2006-04-21,10.9773,1,1,SF60653,2026-07-01 0:00
M,USD,MXN,2006-04-22,11.0302,1,1,SF60653,2026-07-01 0:00
M,USD,MXN,2006-04-23,11.0302,1,1,SF60653,2026-07-01 0:00
M,USD,MXN,2006-04-24,11.0302,1,1,SF60653,2026-07-01 0:00
M,USD,MXN,2006-04-25,11.0667,1,1,SF60653,2026-07-01 0:00
M,USD,MXN,2006-04-26,11.0656,1,1,SF60653,2026-07-01 0:00
M,USD,MXN,2006-04-27,11.0842,1,1,SF60653,2026-07-01 0:00
M,USD,MXN,2006-04-28,11.1578,1,1,SF60653,2026-07-01 0:00
M,USD,MXN,2006-04-29,11.1135,1,1,SF60653,2026-07-01 0:00
M,USD,MXN,2006-04-30,11.1135,1,1,SF60653,2026-07-01 0:00
M,USD,MXN,2006-05-01,11.1135,1,1,SF60653,2026-07-01 0:00
M,USD,MXN,2006-05-02,11.1135,1,1,SF60653,2026-07-01 0:00
M,USD,MXN,2006-05-03,11.0903,1,1,SF60653,2026-07-01 0:00
M,USD,MXN,2006-05-04,11.0323,1,1,SF60653,2026-07-01 0:00
M,USD,MXN,2006-05-05,10.9608,1,1,SF60653,2026-07-01 0:00
M,USD,MXN,2006-05-06,10.9694,1,1,SF60653,2026-07-01 0:00
M,USD,MXN,2006-05-07,10.9694,1,1,SF60653,2026-07-01 0:00
M,USD,MXN,2006-05-08,10.9694,1,1,SF60653,2026-07-01 0:00
M,USD,MXN,2006-05-09,10.9587,1,1,SF60653,2026-07-01 0:00
M,USD,MXN,2006-05-10,10.9381,1,1,SF60653,2026-07-01 0:00
M,USD,MXN,2006-05-11,10.9258,1,1,SF60653,2026-07-01 0:00
M,USD,MXN,2006-05-12,10.8425,1,1,SF60653,2026-07-01 0:00
M,USD,MXN,2006-05-13,10.8381,1,1,SF60653,2026-07-01 0:00
M,USD,MXN,2006-05-14,10.8381,1,1,SF60653,2026-07-01 0:00
M,USD,MXN,2006-05-15,10.8381,1,1,SF60653,2026-07-01 0:00
M,USD,MXN,2006-05-16,11.0325,1,1,SF60653,2026-07-01 0:00
M,USD,MXN,2006-05-17,11.1532,1,1,SF60653,2026-07-01 0:00
M,USD,MXN,2006-05-18,11.0518,1,1,SF60653,2026-07-01 0:00
M,USD,MXN,2006-05-19,11.133,1,1,SF60653,2026-07-01 0:00
M,USD,MXN,2006-05-20,11.2005,1,1,SF60653,2026-07-01 0:00
M,USD,MXN,2006-05-21,11.2005,1,1,SF60653,2026-07-01 0:00
M,USD,MXN,2006-05-22,11.2005,1,1,SF60653,2026-07-01 0:00
M,USD,MXN,2006-05-23,11.1915,1,1,SF60653,2026-07-01 0:00
M,USD,MXN,2006-05-24,11.2799,1,1,SF60653,2026-07-01 0:00
M,USD,MXN,2006-05-25,11.1935,1,1,SF60653,2026-07-01 0:00
M,USD,MXN,2006-05-26,11.2854,1,1,SF60653,2026-07-01 0:00
M,USD,MXN,2006-05-27,11.2097,1,1,SF60653,2026-07-01 0:00
M,USD,MXN,2006-05-28,11.2097,1,1,SF60653,2026-07-01 0:00
M,USD,MXN,2006-05-29,11.2097,1,1,SF60653,2026-07-01 0:00
M,USD,MXN,2006-05-30,11.1373,1,1,SF60653,2026-07-01 0:00
M,USD,MXN,2006-05-31,11.1303,1,1,SF60653,2026-07-01 0:00
M,USD,MXN,2006-06-01,11.2693,1,1,SF60653,2026-07-01 0:00
M,USD,MXN,2006-06-02,11.2966,1,1,SF60653,2026-07-01 0:00
M,USD,MXN,2006-06-03,11.2843,1,1,SF60653,2026-07-01 0:00
M,USD,MXN,2006-06-04,11.2843,1,1,SF60653,2026-07-01 0:00
M,USD,MXN,2006-06-05,11.2843,1,1,SF60653,2026-07-01 0:00
M,USD,MXN,2006-06-06,11.297,1,1,SF60653,2026-07-01 0:00
M,USD,MXN,2006-06-07,11.2854,1,1,SF60653,2026-07-01 0:00
M,USD,MXN,2006-06-08,11.3667,1,1,SF60653,2026-07-01 0:00
M,USD,MXN,2006-06-09,11.325,1,1,SF60653,2026-07-01 0:00
M,USD,MXN,2006-06-10,11.419,1,1,SF60653,2026-07-01 0:00
M,USD,MXN,2006-06-11,11.419,1,1,SF60653,2026-07-01 0:00
M,USD,MXN,2006-06-12,11.419,1,1,SF60653,2026-07-01 0:00
M,USD,MXN,2006-06-13,11.3777,1,1,SF60653,2026-07-01 0:00
M,USD,MXN,2006-06-14,11.3827,1,1,SF60653,2026-07-01 0:00
M,USD,MXN,2006-06-15,11.4327,1,1,SF60653,2026-07-01 0:00
M,USD,MXN,2006-06-16,11.4527,1,1,SF60653,2026-07-01 0:00
M,USD,MXN,2006-06-17,11.4113,1,1,SF60653,2026-07-01 0:00
M,USD,MXN,2006-06-18,11.4113,1,1,SF60653,2026-07-01 0:00
M,USD,MXN,2006-06-19,11.4113,1,1,SF60653,2026-07-01 0:00
M,USD,MXN,2006-06-20,11.414,1,1,SF60653,2026-07-01 0:00
M,USD,MXN,2006-06-21,11.4459,1,1,SF60653,2026-07-01 0:00
M,USD,MXN,2006-06-22,11.4809,1,1,SF60653,2026-07-01 0:00
M,USD,MXN,2006-06-23,11.4441,1,1,SF60653,2026-07-01 0:00
M,USD,MXN,2006-06-24,11.4405,1,1,SF60653,2026-07-01 0:00
M,USD,MXN,2006-06-25,11.4405,1,1,SF60653,2026-07-01 0:00
M,USD,MXN,2006-06-26,11.4405,1,1,SF60653,2026-07-01 0:00
M,USD,MXN,2006-06-27,11.4382,1,1,SF60653,2026-07-01 0:00
M,USD,MXN,2006-06-28,11.409,1,1,SF60653,2026-07-01 0:00
M,USD,MXN,2006-06-29,11.4302,1,1,SF60653,2026-07-01 0:00
M,USD,MXN,2006-06-30,11.3973,1,1,SF60653,2026-07-01 0:00
M,USD,MXN,2006-07-01,11.4009,1,1,SF60653,2026-07-01 0:00
M,USD,MXN,2006-07-02,11.4009,1,1,SF60653,2026-07-01 0:00
M,USD,MXN,2006-07-03,11.4009,1,1,SF60653,2026-07-01 0:00
M,USD,MXN,2006-07-04,11.2723,1,1,SF60653,2026-07-01 0:00
M,USD,MXN,2006-07-05,11.1302,1,1,SF60653,2026-07-01 0:00
M,USD,MXN,2006-07-06,11.0642,1,1,SF60653,2026-07-01 0:00
M,USD,MXN,2006-07-07,11.1901,1,1,SF60653,2026-07-01 0:00
M,USD,MXN,2006-07-08,11.1061,1,1,SF60653,2026-07-01 0:00
M,USD,MXN,2006-07-09,11.1061,1,1,SF60653,2026-07-01 0:00
M,USD,MXN,2006-07-10,11.1061,1,1,SF60653,2026-07-01 0:00
M,USD,MXN,2006-07-11,11.0243,1,1,SF60653,2026-07-01 0:00
M,USD,MXN,2006-07-12,10.9547,1,1,SF60653,2026-07-01 0:00
M,USD,MXN,2006-07-13,11.0095,1,1,SF60653,2026-07-01 0:00
M,USD,MXN,2006-07-14,11.0303,1,1,SF60653,2026-07-01 0:00
M,USD,MXN,2006-07-15,11.0523,1,1,SF60653,2026-07-01 0:00
M,USD,MXN,2006-07-16,11.0523,1,1,SF60653,2026-07-01 0:00
M,USD,MXN,2006-07-17,11.0523,1,1,SF60653,2026-07-01 0:00
M,USD,MXN,2006-07-18,11.0275,1,1,SF60653,2026-07-01 0:00
M,USD,MXN,2006-07-19,10.9914,1,1,SF60653,2026-07-01 0:00
M,USD,MXN,2006-07-20,10.9618,1,1,SF60653,2026-07-01 0:00
M,USD,MXN,2006-07-21,10.9045,1,1,SF60653,2026-07-01 0:00
M,USD,MXN,2006-07-22,10.8708,1,1,SF60653,2026-07-01 0:00
M,USD,MXN,2006-07-23,10.8708,1,1,SF60653,2026-07-01 0:00
M,USD,MXN,2006-07-24,10.8708,1,1,SF60653,2026-07-01 0:00
M,USD,MXN,2006-07-25,10.8954,1,1,SF60653,2026-07-01 0:00
M,USD,MXN,2006-07-26,10.9303,1,1,SF60653,2026-07-01 0:00
M,USD,MXN,2006-07-27,10.9148,1,1,SF60653,2026-07-01 0:00
M,USD,MXN,2006-07-28,10.9337,1,1,SF60653,2026-07-01 0:00
M,USD,MXN,2006-07-29,10.8968,1,1,SF60653,2026-07-01 0:00
M,USD,MXN,2006-07-30,10.8968,1,1,SF60653,2026-07-01 0:00
M,USD,MXN,2006-07-31,10.8968,1,1,SF60653,2026-07-01 0:00
M,USD,MXN,2006-08-01,10.8947,1,1,SF60653,2026-07-01 0:00
M,USD,MXN,2006-08-02,10.9181,1,1,SF60653,2026-07-01 0:00
M,USD,MXN,2006-08-03,11.0203,1,1,SF60653,2026-07-01 0:00
M,USD,MXN,2006-08-04,10.9537,1,1,SF60653,2026-07-01 0:00
M,USD,MXN,2006-08-05,10.9802,1,1,SF60653,2026-07-01 0:00
M,USD,MXN,2006-08-06,10.9802,1,1,SF60653,2026-07-01 0:00
M,USD,MXN,2006-08-07,10.9802,1,1,SF60653,2026-07-01 0:00
M,USD,MXN,2006-08-08,10.8908,1,1,SF60653,2026-07-01 0:00
M,USD,MXN,2006-08-09,10.8838,1,1,SF60653,2026-07-01 0:00
M,USD,MXN,2006-08-10,10.9113,1,1,SF60653,2026-07-01 0:00
M,USD,MXN,2006-08-11,10.8386,1,1,SF60653,2026-07-01 0:00
M,USD,MXN,2006-08-12,10.8808,1,1,SF60653,2026-07-01 0:00
M,USD,MXN,2006-08-13,10.8808,1,1,SF60653,2026-07-01 0:00
M,USD,MXN,2006-08-14,10.8808,1,1,SF60653,2026-07-01 0:00
M,USD,MXN,2006-08-15,10.8147,1,1,SF60653,2026-07-01 0:00
M,USD,MXN,2006-08-16,10.8028,1,1,SF60653,2026-07-01 0:00
M,USD,MXN,2006-08-17,10.825,1,1,SF60653,2026-07-01 0:00
M,USD,MXN,2006-08-18,10.75,1,1,SF60653,2026-07-01 0:00
M,USD,MXN,2006-08-19,10.748,1,1,SF60653,2026-07-01 0:00
M,USD,MXN,2006-08-20,10.748,1,1,SF60653,2026-07-01 0:00
M,USD,MXN,2006-08-21,10.748,1,1,SF60653,2026-07-01 0:00
M,USD,MXN,2006-08-22,10.8217,1,1,SF60653,2026-07-01 0:00
M,USD,MXN,2006-08-23,10.8038,1,1,SF60653,2026-07-01 0:00
M,USD,MXN,2006-08-24,10.804,1,1,SF60653,2026-07-01 0:00
M,USD,MXN,2006-08-25,10.8428,1,1,SF60653,2026-07-01 0:00
M,USD,MXN,2006-08-26,10.922,1,1,SF60653,2026-07-01 0:00
M,USD,MXN,2006-08-27,10.922,1,1,SF60653,2026-07-01 0:00
M,USD,MXN,2006-08-28,10.922,1,1,SF60653,2026-07-01 0:00
M,USD,MXN,2006-08-29,10.9528,1,1,SF60653,2026-07-01 0:00
M,USD,MXN,2006-08-30,10.9347,1,1,SF60653,2026-07-01 0:00
M,USD,MXN,2006-08-31,10.9047,1,1,SF60653,2026-07-01 0:00
M,USD,MXN,2006-09-01,10.865,1,1,SF60653,2026-07-01 0:00
M,USD,MXN,2006-09-02,10.9037,1,1,SF60653,2026-07-01 0:00
M,USD,MXN,2006-09-03,10.9037,1,1,SF60653,2026-07-01 0:00
M,USD,MXN,2006-09-04,10.9037,1,1,SF60653,2026-07-01 0:00
M,USD,MXN,2006-09-05,10.8952,1,1,SF60653,2026-07-01 0:00
M,USD,MXN,2006-09-06,10.8476,1,1,SF60653,2026-07-01 0:00
M,USD,MXN,2006-09-07,10.8438,1,1,SF60653,2026-07-01 0:00
M,USD,MXN,2006-09-08,10.938,1,1,SF60653,2026-07-01 0:00
M,USD,MXN,2006-09-09,11.0196,1,1,SF60653,2026-07-01 0:00
M,USD,MXN,2006-09-10,11.0196,1,1,SF60653,2026-07-01 0:00
M,USD,MXN,2006-09-11,11.0196,1,1,SF60653,2026-07-01 0:00
M,USD,MXN,2006-09-12,11.0271,1,1,SF60653,2026-07-01 0:00
M,USD,MXN,2006-09-13,11.0705,1,1,SF60653,2026-07-01 0:00
M,USD,MXN,2006-09-14,11.0361,1,1,SF60653,2026-07-01 0:00
M,USD,MXN,2006-09-15,11.0117,1,1,SF60653,2026-07-01 0:00
M,USD,MXN,2006-09-16,10.9818,1,1,SF60653,2026-07-01 0:00
M,USD,MXN,2006-09-17,10.9818,1,1,SF60653,2026-07-01 0:00
M,USD,MXN,2006-09-18,10.9818,1,1,SF60653,2026-07-01 0:00
M,USD,MXN,2006-09-19,10.9468,1,1,SF60653,2026-07-01 0:00
M,USD,MXN,2006-09-20,10.9273,1,1,SF60653,2026-07-01 0:00
M,USD,MXN,2006-09-21,10.9227,1,1,SF60653,2026-07-01 0:00
M,USD,MXN,2006-09-22,10.9346,1,1,SF60653,2026-07-01 0:00
M,USD,MXN,2006-09-23,10.9953,1,1,SF60653,2026-07-01 0:00
M,USD,MXN,2006-09-24,10.9953,1,1,SF60653,2026-07-01 0:00
M,USD,MXN,2006-09-25,10.9953,1,1,SF60653,2026-07-01 0:00
M,USD,MXN,2006-09-26,11.0877,1,1,SF60653,2026-07-01 0:00
M,USD,MXN,2006-09-27,11.105,1,1,SF60653,2026-07-01 0:00
M,USD,MXN,2006-09-28,11.0418,1,1,SF60653,2026-07-01 0:00
M,USD,MXN,2006-09-29,11.0152,1,1,SF60653,2026-07-01 0:00
M,USD,MXN,2006-09-30,11.0502,1,1,SF60653,2026-07-01 0:00
M,USD,MXN,2006-10-01,11.0502,1,1,SF60653,2026-07-01 0:00
M,USD,MXN,2006-10-02,11.0502,1,1,SF60653,2026-07-01 0:00
M,USD,MXN,2006-10-03,10.9935,1,1,SF60653,2026-07-01 0:00
M,USD,MXN,2006-10-04,10.9733,1,1,SF60653,2026-07-01 0:00
M,USD,MXN,2006-10-05,11.0404,1,1,SF60653,2026-07-01 0:00
M,USD,MXN,2006-10-06,11.0533,1,1,SF60653,2026-07-01 0:00
M,USD,MXN,2006-10-07,11.0185,1,1,SF60653,2026-07-01 0:00
M,USD,MXN,2006-10-08,11.0185,1,1,SF60653,2026-07-01 0:00
M,USD,MXN,2006-10-09,11.0185,1,1,SF60653,2026-07-01 0:00
M,USD,MXN,2006-10-10,11.0624,1,1,SF60653,2026-07-01 0:00
M,USD,MXN,2006-10-11,11.0842,1,1,SF60653,2026-07-01 0:00
M,USD,MXN,2006-10-12,11.0597,1,1,SF60653,2026-07-01 0:00
M,USD,MXN,2006-10-13,11.0248,1,1,SF60653,2026-07-01 0:00
M,USD,MXN,2006-10-14,10.9406,1,1,SF60653,2026-07-01 0:00
M,USD,MXN,2006-10-15,10.9406,1,1,SF60653,2026-07-01 0:00
M,USD,MXN,2006-10-16,10.9406,1,1,SF60653,2026-07-01 0:00
M,USD,MXN,2006-10-17,10.8765,1,1,SF60653,2026-07-01 0:00
M,USD,MXN,2006-10-18,10.8364,1,1,SF60653,2026-07-01 0:00
M,USD,MXN,2006-10-19,10.8703,1,1,SF60653,2026-07-01 0:00
M,USD,MXN,2006-10-20,10.8257,1,1,SF60653,2026-07-01 0:00
M,USD,MXN,2006-10-21,10.806,1,1,SF60653,2026-07-01 0:00
M,USD,MXN,2006-10-22,10.806,1,1,SF60653,2026-07-01 0:00
M,USD,MXN,2006-10-23,10.806,1,1,SF60653,2026-07-01 0:00
M,USD,MXN,2006-10-24,10.8169,1,1,SF60653,2026-07-01 0:00
M,USD,MXN,2006-10-25,10.8489,1,1,SF60653,2026-07-01 0:00
M,USD,MXN,2006-10-26,10.8289,1,1,SF60653,2026-07-01 0:00
M,USD,MXN,2006-10-27,10.7918,1,1,SF60653,2026-07-01 0:00
M,USD,MXN,2006-10-28,10.7313,1,1,SF60653,2026-07-01 0:00
M,USD,MXN,2006-10-29,10.7313,1,1,SF60653,2026-07-01 0:00
M,USD,MXN,2006-10-30,10.7313,1,1,SF60653,2026-07-01 0:00
M,USD,MXN,2006-10-31,10.7093,1,1,SF60653,2026-07-01 0:00
M,USD,MXN,2006-11-01,10.774,1,1,SF60653,2026-07-01 0:00
M,USD,MXN,2006-11-02,10.764,1,1,SF60653,2026-07-01 0:00
M,USD,MXN,2006-11-03,10.764,1,1,SF60653,2026-07-01 0:00
M,USD,MXN,2006-11-04,10.7449,1,1,SF60653,2026-07-01 0:00
M,USD,MXN,2006-11-05,10.7449,1,1,SF60653,2026-07-01 0:00
M,USD,MXN,2006-11-06,10.7449,1,1,SF60653,2026-07-01 0:00
M,USD,MXN,2006-11-07,10.7948,1,1,SF60653,2026-07-01 0:00
M,USD,MXN,2006-11-08,10.8344,1,1,SF60653,2026-07-01 0:00
M,USD,MXN,2006-11-09,10.82,1,1,SF60653,2026-07-01 0:00
M,USD,MXN,2006-11-10,10.8598,1,1,SF60653,2026-07-01 0:00
M,USD,MXN,2006-11-11,10.8632,1,1,SF60653,2026-07-01 0:00
M,USD,MXN,2006-11-12,10.8632,1,1,SF60653,2026-07-01 0:00
M,USD,MXN,2006-11-13,10.8632,1,1,SF60653,2026-07-01 0:00
M,USD,MXN,2006-11-14,10.9158,1,1,SF60653,2026-07-01 0:00
M,USD,MXN,2006-11-15,10.9263,1,1,SF60653,2026-07-01 0:00
M,USD,MXN,2006-11-16,10.8675,1,1,SF60653,2026-07-01 0:00
M,USD,MXN,2006-11-17,10.8595,1,1,SF60653,2026-07-01 0:00
M,USD,MXN,2006-11-18,10.8527,1,1,SF60653,2026-07-01 0:00
M,USD,MXN,2006-11-19,10.8527,1,1,SF60653,2026-07-01 0:00
M,USD,MXN,2006-11-20,10.8527,1,1,SF60653,2026-07-01 0:00
M,USD,MXN,2006-11-21,10.8527,1,1,SF60653,2026-07-01 0:00
M,USD,MXN,2006-11-22,10.9524,1,1,SF60653,2026-07-01 0:00
M,USD,MXN,2006-11-23,11.0021,1,1,SF60653,2026-07-01 0:00
M,USD,MXN,2006-11-24,10.9756,1,1,SF60653,2026-07-01 0:00
M,USD,MXN,2006-11-25,10.9682,1,1,SF60653,2026-07-01 0:00
M,USD,MXN,2006-11-26,10.9682,1,1,SF60653,2026-07-01 0:00
M,USD,MXN,2006-11-27,10.9682,1,1,SF60653,2026-07-01 0:00
M,USD,MXN,2006-11-28,11.0242,1,1,SF60653,2026-07-01 0:00
M,USD,MXN,2006-11-29,11.052,1,1,SF60653,2026-07-01 0:00
M,USD,MXN,2006-11-30,11.0454,1,1,SF60653,2026-07-01 0:00
M,USD,MXN,2006-12-01,10.9983,1,1,SF60653,2026-07-01 0:00
M,USD,MXN,2006-12-02,10.9983,1,1,SF60653,2026-07-01 0:00
M,USD,MXN,2006-12-03,10.9983,1,1,SF60653,2026-07-01 0:00
M,USD,MXN,2006-12-04,10.9983,1,1,SF60653,2026-07-01 0:00
M,USD,MXN,2006-12-05,10.9975,1,1,SF60653,2026-07-01 0:00
M,USD,MXN,2006-12-06,10.9595,1,1,SF60653,2026-07-01 0:00
M,USD,MXN,2006-12-07,10.894,1,1,SF60653,2026-07-01 0:00
M,USD,MXN,2006-12-08,10.862,1,1,SF60653,2026-07-01 0:00
M,USD,MXN,2006-12-09,10.8558,1,1,SF60653,2026-07-01 0:00
M,USD,MXN,2006-12-10,10.8558,1,1,SF60653,2026-07-01 0:00
M,USD,MXN,2006-12-11,10.8558,1,1,SF60653,2026-07-01 0:00
M,USD,MXN,2006-12-12,10.8606,1,1,SF60653,2026-07-01 0:00
M,USD,MXN,2006-12-13,10.8606,1,1,SF60653,2026-07-01 0:00
M,USD,MXN,2006-12-14,10.8375,1,1,SF60653,2026-07-01 0:00
M,USD,MXN,2006-12-15,10.8255,1,1,SF60653,2026-07-01 0:00
M,USD,MXN,2006-12-16,10.7922,1,1,SF60653,2026-07-01 0:00
M,USD,MXN,2006-12-17,10.7922,1,1,SF60653,2026-07-01 0:00
M,USD,MXN,2006-12-18,10.7922,1,1,SF60653,2026-07-01 0:00
M,USD,MXN,2006-12-19,10.774,1,1,SF60653,2026-07-01 0:00
M,USD,MXN,2006-12-20,10.8002,1,1,SF60653,2026-07-01 0:00
M,USD,MXN,2006-12-21,10.8492,1,1,SF60653,2026-07-01 0:00
M,USD,MXN,2006-12-22,10.8075,1,1,SF60653,2026-07-01 0:00
M,USD,MXN,2006-12-23,10.8411,1,1,SF60653,2026-07-01 0:00
M,USD,MXN,2006-12-24,10.8411,1,1,SF60653,2026-07-01 0:00
M,USD,MXN,2006-12-25,10.8411,1,1,SF60653,2026-07-01 0:00
M,USD,MXN,2006-12-26,10.8411,1,1,SF60653,2026-07-01 0:00
M,USD,MXN,2006-12-27,10.8597,1,1,SF60653,2026-07-01 0:00
M,USD,MXN,2006-12-28,10.8747,1,1,SF60653,2026-07-01 0:00
M,USD,MXN,2006-12-29,10.881,1,1,SF60653,2026-07-01 0:00
M,USD,MXN,2006-12-30,10.8755,1,1,SF60653,2026-07-01 0:00
M,USD,MXN,2006-12-31,10.8755,1,1,SF60653,2026-07-01 0:00
M,USD,MXN,2007-01-01,10.8755,1,1,SF60653,2026-07-01 0:00
M,USD,MXN,2007-01-02,10.8755,1,1,SF60653,2026-07-01 0:00
M,USD,MXN,2007-01-03,10.8116,1,1,SF60653,2026-07-01 0:00
M,USD,MXN,2007-01-04,10.7815,1,1,SF60653,2026-07-01 0:00
M,USD,MXN,2007-01-05,10.7708,1,1,SF60653,2026-07-01 0:00
M,USD,MXN,2007-01-06,10.865,1,1,SF60653,2026-07-01 0:00
M,USD,MXN,2007-01-07,10.865,1,1,SF60653,2026-07-01 0:00
M,USD,MXN,2007-01-08,10.865,1,1,SF60653,2026-07-01 0:00
M,USD,MXN,2007-01-09,10.9355,1,1,SF60653,2026-07-01 0:00
M,USD,MXN,2007-01-10,10.9705,1,1,SF60653,2026-07-01 0:00
M,USD,MXN,2007-01-11,11.0091,1,1,SF60653,2026-07-01 0:00
M,USD,MXN,2007-01-12,11.0333,1,1,SF60653,2026-07-01 0:00
M,USD,MXN,2007-01-13,10.965,1,1,SF60653,2026-07-01 0:00
M,USD,MXN,2007-01-14,10.965,1,1,SF60653,2026-07-01 0:00
M,USD,MXN,2007-01-15,10.965,1,1,SF60653,2026-07-01 0:00
M,USD,MXN,2007-01-16,10.9765,1,1,SF60653,2026-07-01 0:00
M,USD,MXN,2007-01-17,10.9419,1,1,SF60653,2026-07-01 0:00
M,USD,MXN,2007-01-18,10.986,1,1,SF60653,2026-07-01 0:00
M,USD,MXN,2007-01-19,10.9234,1,1,SF60653,2026-07-01 0:00
M,USD,MXN,2007-01-20,10.9232,1,1,SF60653,2026-07-01 0:00
M,USD,MXN,2007-01-21,10.9232,1,1,SF60653,2026-07-01 0:00
M,USD,MXN,2007-01-22,10.9232,1,1,SF60653,2026-07-01 0:00
M,USD,MXN,2007-01-23,10.8824,1,1,SF60653,2026-07-01 0:00
M,USD,MXN,2007-01-24,10.8918,1,1,SF60653,2026-07-01 0:00
M,USD,MXN,2007-01-25,10.9645,1,1,SF60653,2026-07-01 0:00
M,USD,MXN,2007-01-26,10.9486,1,1,SF60653,2026-07-01 0:00
M,USD,MXN,2007-01-27,10.9753,1,1,SF60653,2026-07-01 0:00
M,USD,MXN,2007-01-28,10.9753,1,1,SF60653,2026-07-01 0:00
M,USD,MXN,2007-01-29,10.9753,1,1,SF60653,2026-07-01 0:00
M,USD,MXN,2007-01-30,11.0402,1,1,SF60653,2026-07-01 0:00
M,USD,MXN,2007-01-31,11.0855,1,1,SF60653,2026-07-01 0:00
M,USD,MXN,2007-02-01,11.0548,1,1,SF60653,2026-07-01 0:00
M,USD,MXN,2007-02-02,11.0382,1,1,SF60653,2026-07-01 0:00
M,USD,MXN,2007-02-03,10.982,1,1,SF60653,2026-07-01 0:00
M,USD,MXN,2007-02-04,10.982,1,1,SF60653,2026-07-01 0:00
M,USD,MXN,2007-02-05,10.982,1,1,SF60653,2026-07-01 0:00
M,USD,MXN,2007-02-06,10.982,1,1,SF60653,2026-07-01 0:00
M,USD,MXN,2007-02-07,10.9921,1,1,SF60653,2026-07-01 0:00
M,USD,MXN,2007-02-08,10.9192,1,1,SF60653,2026-07-01 0:00
M,USD,MXN,2007-02-09,10.937,1,1,SF60653,2026-07-01 0:00
M,USD,MXN,2007-02-10,10.9683,1,1,SF60653,2026-07-01 0:00
M,USD,MXN,2007-02-11,10.9683,1,1,SF60653,2026-07-01 0:00
M,USD,MXN,2007-02-12,10.9683,1,1,SF60653,2026-07-01 0:00
M,USD,MXN,2007-02-13,10.9601,1,1,SF60653,2026-07-01 0:00
M,USD,MXN,2007-02-14,11.0227,1,1,SF60653,2026-07-01 0:00
M,USD,MXN,2007-02-15,10.9915,1,1,SF60653,2026-07-01 0:00
M,USD,MXN,2007-02-16,10.9152,1,1,SF60653,2026-07-01 0:00
M,USD,MXN,2007-02-17,10.9522,1,1,SF60653,2026-07-01 0:00
M,USD,MXN,2007-02-18,10.9522,1,1,SF60653,2026-07-01 0:00
M,USD,MXN,2007-02-19,10.9522,1,1,SF60653,2026-07-01 0:00
M,USD,MXN,2007-02-20,10.9958,1,1,SF60653,2026-07-01 0:00
M,USD,MXN,2007-02-21,10.9778,1,1,SF60653,2026-07-01 0:00
M,USD,MXN,2007-02-22,10.9755,1,1,SF60653,2026-07-01 0:00
M,USD,MXN,2007-02-23,11.0023,1,1,SF60653,2026-07-01 0:00
M,USD,MXN,2007-02-24,10.9683,1,1,SF60653,2026-07-01 0:00
M,USD,MXN,2007-02-25,10.9683,1,1,SF60653,2026-07-01 0:00
M,USD,MXN,2007-02-26,10.9683,1,1,SF60653,2026-07-01 0:00
M,USD,MXN,2007-02-27,11.0397,1,1,SF60653,2026-07-01 0:00
M,USD,MXN,2007-02-28,11.079,1,1,SF60653,2026-07-01 0:00
M,USD,MXN,2007-03-01,11.1493,1,1,SF60653,2026-07-01 0:00
M,USD,MXN,2007-03-02,11.1682,1,1,SF60653,2026-07-01 0:00
M,USD,MXN,2007-03-03,11.1917,1,1,SF60653,2026-07-01 0:00
M,USD,MXN,2007-03-04,11.1917,1,1,SF60653,2026-07-01 0:00
M,USD,MXN,2007-03-05,11.1917,1,1,SF60653,2026-07-01 0:00
M,USD,MXN,2007-03-06,11.1817,1,1,SF60653,2026-07-01 0:00
M,USD,MXN,2007-03-07,11.1762,1,1,SF60653,2026-07-01 0:00
M,USD,MXN,2007-03-08,11.1473,1,1,SF60653,2026-07-01 0:00
M,USD,MXN,2007-03-09,11.1555,1,1,SF60653,2026-07-01 0:00
M,USD,MXN,2007-03-10,11.1426,1,1,SF60653,2026-07-01 0:00
M,USD,MXN,2007-03-11,11.1426,1,1,SF60653,2026-07-01 0:00
M,USD,MXN,2007-03-12,11.1426,1,1,SF60653,2026-07-01 0:00
M,USD,MXN,2007-03-13,11.1205,1,1,SF60653,2026-07-01 0:00
M,USD,MXN,2007-03-14,11.1483,1,1,SF60653,2026-07-01 0:00
M,USD,MXN,2007-03-15,11.1727,1,1,SF60653,2026-07-01 0:00
M,USD,MXN,2007-03-16,11.1867,1,1,SF60653,2026-07-01 0:00
M,USD,MXN,2007-03-17,11.1348,1,1,SF60653,2026-07-01 0:00
M,USD,MXN,2007-03-18,11.1348,1,1,SF60653,2026-07-01 0:00
M,USD,MXN,2007-03-19,11.1348,1,1,SF60653,2026-07-01 0:00
M,USD,MXN,2007-03-20,11.1348,1,1,SF60653,2026-07-01 0:00
M,USD,MXN,2007-03-21,11.1664,1,1,SF60653,2026-07-01 0:00
M,USD,MXN,2007-03-22,11.112,1,1,SF60653,2026-07-01 0:00
M,USD,MXN,2007-03-23,11.0796,1,1,SF60653,2026-07-01 0:00
M,USD,MXN,2007-03-24,11.022,1,1,SF60653,2026-07-01 0:00
M,USD,MXN,2007-03-25,11.022,1,1,SF60653,2026-07-01 0:00
M,USD,MXN,2007-03-26,11.022,1,1,SF60653,2026-07-01 0:00
M,USD,MXN,2007-03-27,11.0166,1,1,SF60653,2026-07-01 0:00
M,USD,MXN,2007-03-28,11.0253,1,1,SF60653,2026-07-01 0:00
M,USD,MXN,2007-03-29,11.047,1,1,SF60653,2026-07-01 0:00
M,USD,MXN,2007-03-30,11.0813,1,1,SF60653,2026-07-01 0:00
M,USD,MXN,2007-03-31,11.0507,1,1,SF60653,2026-07-01 0:00
M,USD,MXN,2007-04-01,11.0507,1,1,SF60653,2026-07-01 0:00
M,USD,MXN,2007-04-02,11.0507,1,1,SF60653,2026-07-01 0:00
M,USD,MXN,2007-04-03,11.0322,1,1,SF60653,2026-07-01 0:00
M,USD,MXN,2007-04-04,11.0336,1,1,SF60653,2026-07-01 0:00
M,USD,MXN,2007-04-05,10.9797,1,1,SF60653,2026-07-01 0:00
M,USD,MXN,2007-04-06,10.9797,1,1,SF60653,2026-07-01 0:00
M,USD,MXN,2007-04-07,10.9797,1,1,SF60653,2026-07-01 0:00
M,USD,MXN,2007-04-08,10.9797,1,1,SF60653,2026-07-01 0:00
M,USD,MXN,2007-04-09,10.9797,1,1,SF60653,2026-07-01 0:00
M,USD,MXN,2007-04-10,10.9976,1,1,SF60653,2026-07-01 0:00
M,USD,MXN,2007-04-11,10.9705,1,1,SF60653,2026-07-01 0:00
M,USD,MXN,2007-04-12,11.0126,1,1,SF60653,2026-07-01 0:00
M,USD,MXN,2007-04-13,10.984,1,1,SF60653,2026-07-01 0:00
M,USD,MXN,2007-04-14,11.0135,1,1,SF60653,2026-07-01 0:00
M,USD,MXN,2007-04-15,11.0135,1,1,SF60653,2026-07-01 0:00
M,USD,MXN,2007-04-16,11.0135,1,1,SF60653,2026-07-01 0:00
M,USD,MXN,2007-04-17,10.9917,1,1,SF60653,2026-07-01 0:00
M,USD,MXN,2007-04-18,10.9856,1,1,SF60653,2026-07-01 0:00
M,USD,MXN,2007-04-19,10.9911,1,1,SF60653,2026-07-01 0:00
M,USD,MXN,2007-04-20,10.992,1,1,SF60653,2026-07-01 0:00
M,USD,MXN,2007-04-21,11.0048,1,1,SF60653,2026-07-01 0:00
M,USD,MXN,2007-04-22,11.0048,1,1,SF60653,2026-07-01 0:00
M,USD,MXN,2007-04-23,11.0048,1,1,SF60653,2026-07-01 0:00
M,USD,MXN,2007-04-24,10.979,1,1,SF60653,2026-07-01 0:00
M,USD,MXN,2007-04-25,10.9637,1,1,SF60653,2026-07-01 0:00
M,USD,MXN,2007-04-26,11.0053,1,1,SF60653,2026-07-01 0:00
M,USD,MXN,2007-04-27,10.9369,1,1,SF60653,2026-07-01 0:00
M,USD,MXN,2007-04-28,10.9312,1,1,SF60653,2026-07-01 0:00
M,USD,MXN,2007-04-29,10.9312,1,1,SF60653,2026-07-01 0:00
M,USD,MXN,2007-04-30,10.9312,1,1,SF60653,2026-07-01 0:00
M,USD,MXN,2007-05-01,10.9305,1,1,SF60653,2026-07-01 0:00
M,USD,MXN,2007-05-02,10.9305,1,1,SF60653,2026-07-01 0:00
M,USD,MXN,2007-05-03,10.9278,1,1,SF60653,2026-07-01 0:00
M,USD,MXN,2007-05-04,10.9262,1,1,SF60653,2026-07-01 0:00
M,USD,MXN,2007-05-05,10.902,1,1,SF60653,2026-07-01 0:00
M,USD,MXN,2007-05-06,10.902,1,1,SF60653,2026-07-01 0:00
M,USD,MXN,2007-05-07,10.902,1,1,SF60653,2026-07-01 0:00
M,USD,MXN,2007-05-08,10.8852,1,1,SF60653,2026-07-01 0:00
M,USD,MXN,2007-05-09,10.8558,1,1,SF60653,2026-07-01 0:00
M,USD,MXN,2007-05-10,10.8513,1,1,SF60653,2026-07-01 0:00
M,USD,MXN,2007-05-11,10.8269,1,1,SF60653,2026-07-01 0:00
M,USD,MXN,2007-05-12,10.8178,1,1,SF60653,2026-07-01 0:00
M,USD,MXN,2007-05-13,10.8178,1,1,SF60653,2026-07-01 0:00
M,USD,MXN,2007-05-14,10.8178,1,1,SF60653,2026-07-01 0:00
M,USD,MXN,2007-05-15,10.8148,1,1,SF60653,2026-07-01 0:00
M,USD,MXN,2007-05-16,10.7987,1,1,SF60653,2026-07-01 0:00
M,USD,MXN,2007-05-17,10.8032,1,1,SF60653,2026-07-01 0:00
M,USD,MXN,2007-05-18,10.7905,1,1,SF60653,2026-07-01 0:00
M,USD,MXN,2007-05-19,10.8033,1,1,SF60653,2026-07-01 0:00
M,USD,MXN,2007-05-20,10.8033,1,1,SF60653,2026-07-01 0:00
M,USD,MXN,2007-05-21,10.8033,1,1,SF60653,2026-07-01 0:00
M,USD,MXN,2007-05-22,10.8223,1,1,SF60653,2026-07-01 0:00
M,USD,MXN,2007-05-23,10.7963,1,1,SF60653,2026-07-01 0:00
M,USD,MXN,2007-05-24,10.7598,1,1,SF60653,2026-07-01 0:00
M,USD,MXN,2007-05-25,10.7688,1,1,SF60653,2026-07-01 0:00
M,USD,MXN,2007-05-26,10.8354,1,1,SF60653,2026-07-01 0:00
M,USD,MXN,2007-05-27,10.8354,1,1,SF60653,2026-07-01 0:00
M,USD,MXN,2007-05-28,10.8354,1,1,SF60653,2026-07-01 0:00
M,USD,MXN,2007-05-29,10.7803,1,1,SF60653,2026-07-01 0:00
M,USD,MXN,2007-05-30,10.7788,1,1,SF60653,2026-07-01 0:00
M,USD,MXN,2007-05-31,10.7873,1,1,SF60653,2026-07-01 0:00
M,USD,MXN,2007-06-01,10.818,1,1,SF60653,2026-07-01 0:00
M,USD,MXN,2007-06-02,10.7445,1,1,SF60653,2026-07-01 0:00
M,USD,MXN,2007-06-03,10.7445,1,1,SF60653,2026-07-01 0:00
M,USD,MXN,2007-06-04,10.7445,1,1,SF60653,2026-07-01 0:00
M,USD,MXN,2007-06-05,10.7131,1,1,SF60653,2026-07-01 0:00
M,USD,MXN,2007-06-06,10.7441,1,1,SF60653,2026-07-01 0:00
M,USD,MXN,2007-06-07,10.7809,1,1,SF60653,2026-07-01 0:00
M,USD,MXN,2007-06-08,10.845,1,1,SF60653,2026-07-01 0:00
M,USD,MXN,2007-06-09,10.9043,1,1,SF60653,2026-07-01 0:00
M,USD,MXN,2007-06-10,10.9043,1,1,SF60653,2026-07-01 0:00
M,USD,MXN,2007-06-11,10.9043,1,1,SF60653,2026-07-01 0:00
M,USD,MXN,2007-06-12,10.9702,1,1,SF60653,2026-07-01 0:00
M,USD,MXN,2007-06-13,10.9307,1,1,SF60653,2026-07-01 0:00
M,USD,MXN,2007-06-14,10.9331,1,1,SF60653,2026-07-01 0:00
M,USD,MXN,2007-06-15,10.9538,1,1,SF60653,2026-07-01 0:00
M,USD,MXN,2007-06-16,10.9012,1,1,SF60653,2026-07-01 0:00
M,USD,MXN,2007-06-17,10.9012,1,1,SF60653,2026-07-01 0:00
M,USD,MXN,2007-06-18,10.9012,1,1,SF60653,2026-07-01 0:00
M,USD,MXN,2007-06-19,10.8148,1,1,SF60653,2026-07-01 0:00
M,USD,MXN,2007-06-20,10.776,1,1,SF60653,2026-07-01 0:00
M,USD,MXN,2007-06-21,10.7494,1,1,SF60653,2026-07-01 0:00
M,USD,MXN,2007-06-22,10.7713,1,1,SF60653,2026-07-01 0:00
M,USD,MXN,2007-06-23,10.8266,1,1,SF60653,2026-07-01 0:00
M,USD,MXN,2007-06-24,10.8266,1,1,SF60653,2026-07-01 0:00
M,USD,MXN,2007-06-25,10.8266,1,1,SF60653,2026-07-01 0:00
M,USD,MXN,2007-06-26,10.808,1,1,SF60653,2026-07-01 0:00
M,USD,MXN,2007-06-27,10.8189,1,1,SF60653,2026-07-01 0:00
M,USD,MXN,2007-06-28,10.8398,1,1,SF60653,2026-07-01 0:00
M,USD,MXN,2007-06-29,10.8661,1,1,SF60653,2026-07-01 0:00
M,USD,MXN,2007-06-30,10.7926,1,1,SF60653,2026-07-01 0:00
M,USD,MXN,2007-07-01,10.7926,1,1,SF60653,2026-07-01 0:00
M,USD,MXN,2007-07-02,10.7926,1,1,SF60653,2026-07-01 0:00
M,USD,MXN,2007-07-03,10.7946,1,1,SF60653,2026-07-01 0:00
M,USD,MXN,2007-07-04,10.7697,1,1,SF60653,2026-07-01 0:00
M,USD,MXN,2007-07-05,10.7698,1,1,SF60653,2026-07-01 0:00
M,USD,MXN,2007-07-06,10.76,1,1,SF60653,2026-07-01 0:00
M,USD,MXN,2007-07-07,10.7936,1,1,SF60653,2026-07-01 0:00
M,USD,MXN,2007-07-08,10.7936,1,1,SF60653,2026-07-01 0:00
M,USD,MXN,2007-07-09,10.7936,1,1,SF60653,2026-07-01 0:00
M,USD,MXN,2007-07-10,10.7828,1,1,SF60653,2026-07-01 0:00
M,USD,MXN,2007-07-11,10.7531,1,1,SF60653,2026-07-01 0:00
M,USD,MXN,2007-07-12,10.7917,1,1,SF60653,2026-07-01 0:00
M,USD,MXN,2007-07-13,10.8248,1,1,SF60653,2026-07-01 0:00
M,USD,MXN,2007-07-14,10.7799,1,1,SF60653,2026-07-01 0:00
M,USD,MXN,2007-07-15,10.7799,1,1,SF60653,2026-07-01 0:00
M,USD,MXN,2007-07-16,10.7799,1,1,SF60653,2026-07-01 0:00
M,USD,MXN,2007-07-17,10.7608,1,1,SF60653,2026-07-01 0:00
M,USD,MXN,2007-07-18,10.7653,1,1,SF60653,2026-07-01 0:00
M,USD,MXN,2007-07-19,10.7628,1,1,SF60653,2026-07-01 0:00
M,USD,MXN,2007-07-20,10.752,1,1,SF60653,2026-07-01 0:00
M,USD,MXN,2007-07-21,10.7207,1,1,SF60653,2026-07-01 0:00
M,USD,MXN,2007-07-22,10.7207,1,1,SF60653,2026-07-01 0:00
M,USD,MXN,2007-07-23,10.7207,1,1,SF60653,2026-07-01 0:00
M,USD,MXN,2007-07-24,10.7843,1,1,SF60653,2026-07-01 0:00
M,USD,MXN,2007-07-25,10.764,1,1,SF60653,2026-07-01 0:00
M,USD,MXN,2007-07-26,10.7846,1,1,SF60653,2026-07-01 0:00
M,USD,MXN,2007-07-27,10.8712,1,1,SF60653,2026-07-01 0:00
M,USD,MXN,2007-07-28,10.9436,1,1,SF60653,2026-07-01 0:00
M,USD,MXN,2007-07-29,10.9436,1,1,SF60653,2026-07-01 0:00
M,USD,MXN,2007-07-30,10.9436,1,1,SF60653,2026-07-01 0:00
M,USD,MXN,2007-07-31,10.9973,1,1,SF60653,2026-07-01 0:00
M,USD,MXN,2007-08-01,10.9812,1,1,SF60653,2026-07-01 0:00
M,USD,MXN,2007-08-02,10.9273,1,1,SF60653,2026-07-01 0:00
M,USD,MXN,2007-08-03,10.9663,1,1,SF60653,2026-07-01 0:00
M,USD,MXN,2007-08-04,10.9402,1,1,SF60653,2026-07-01 0:00
M,USD,MXN,2007-08-05,10.9402,1,1,SF60653,2026-07-01 0:00
M,USD,MXN,2007-08-06,10.9402,1,1,SF60653,2026-07-01 0:00
M,USD,MXN,2007-08-07,10.9677,1,1,SF60653,2026-07-01 0:00
M,USD,MXN,2007-08-08,10.9886,1,1,SF60653,2026-07-01 0:00
M,USD,MXN,2007-08-09,10.9613,1,1,SF60653,2026-07-01 0:00
M,USD,MXN,2007-08-10,10.9209,1,1,SF60653,2026-07-01 0:00
M,USD,MXN,2007-08-11,10.9832,1,1,SF60653,2026-07-01 0:00
M,USD,MXN,2007-08-12,10.9832,1,1,SF60653,2026-07-01 0:00
M,USD,MXN,2007-08-13,10.9832,1,1,SF60653,2026-07-01 0:00
M,USD,MXN,2007-08-14,11.0173,1,1,SF60653,2026-07-01 0:00
M,USD,MXN,2007-08-15,10.9915,1,1,SF60653,2026-07-01 0:00
M,USD,MXN,2007-08-16,11.0549,1,1,SF60653,2026-07-01 0:00
M,USD,MXN,2007-08-17,11.1148,1,1,SF60653,2026-07-01 0:00
M,USD,MXN,2007-08-18,11.2676,1,1,SF60653,2026-07-01 0:00
M,USD,MXN,2007-08-19,11.2676,1,1,SF60653,2026-07-01 0:00
M,USD,MXN,2007-08-20,11.2676,1,1,SF60653,2026-07-01 0:00
M,USD,MXN,2007-08-21,11.1259,1,1,SF60653,2026-07-01 0:00
M,USD,MXN,2007-08-22,11.1053,1,1,SF60653,2026-07-01 0:00
M,USD,MXN,2007-08-23,11.1213,1,1,SF60653,2026-07-01 0:00
M,USD,MXN,2007-08-24,11.0736,1,1,SF60653,2026-07-01 0:00
M,USD,MXN,2007-08-25,11.0489,1,1,SF60653,2026-07-01 0:00
M,USD,MXN,2007-08-26,11.0489,1,1,SF60653,2026-07-01 0:00
M,USD,MXN,2007-08-27,11.0489,1,1,SF60653,2026-07-01 0:00
M,USD,MXN,2007-08-28,11.0413,1,1,SF60653,2026-07-01 0:00
M,USD,MXN,2007-08-29,11.0382,1,1,SF60653,2026-07-01 0:00
M,USD,MXN,2007-08-30,11.092,1,1,SF60653,2026-07-01 0:00
M,USD,MXN,2007-08-31,11.1062,1,1,SF60653,2026-07-01 0:00
M,USD,MXN,2007-09-01,11.0848,1,1,SF60653,2026-07-01 0:00
M,USD,MXN,2007-09-02,11.0848,1,1,SF60653,2026-07-01 0:00
M,USD,MXN,2007-09-03,11.0848,1,1,SF60653,2026-07-01 0:00
M,USD,MXN,2007-09-04,11.0378,1,1,SF60653,2026-07-01 0:00
M,USD,MXN,2007-09-05,11.0169,1,1,SF60653,2026-07-01 0:00
M,USD,MXN,2007-09-06,11.0265,1,1,SF60653,2026-07-01 0:00
M,USD,MXN,2007-09-07,11.0848,1,1,SF60653,2026-07-01 0:00
M,USD,MXN,2007-09-08,11.0658,1,1,SF60653,2026-07-01 0:00
M,USD,MXN,2007-09-09,11.0658,1,1,SF60653,2026-07-01 0:00
M,USD,MXN,2007-09-10,11.0658,1,1,SF60653,2026-07-01 0:00
M,USD,MXN,2007-09-11,11.1227,1,1,SF60653,2026-07-01 0:00
M,USD,MXN,2007-09-12,11.1407,1,1,SF60653,2026-07-01 0:00
M,USD,MXN,2007-09-13,11.1057,1,1,SF60653,2026-07-01 0:00
M,USD,MXN,2007-09-14,11.072,1,1,SF60653,2026-07-01 0:00
M,USD,MXN,2007-09-15,11.0743,1,1,SF60653,2026-07-01 0:00
M,USD,MXN,2007-09-16,11.0743,1,1,SF60653,2026-07-01 0:00
M,USD,MXN,2007-09-17,11.0743,1,1,SF60653,2026-07-01 0:00
M,USD,MXN,2007-09-18,11.111,1,1,SF60653,2026-07-01 0:00
M,USD,MXN,2007-09-19,11.1471,1,1,SF60653,2026-07-01 0:00
M,USD,MXN,2007-09-20,11.0959,1,1,SF60653,2026-07-01 0:00
M,USD,MXN,2007-09-21,10.9871,1,1,SF60653,2026-07-01 0:00
M,USD,MXN,2007-09-22,10.9687,1,1,SF60653,2026-07-01 0:00
M,USD,MXN,2007-09-23,10.9687,1,1,SF60653,2026-07-01 0:00
M,USD,MXN,2007-09-24,10.9687,1,1,SF60653,2026-07-01 0:00
M,USD,MXN,2007-09-25,10.9517,1,1,SF60653,2026-07-01 0:00
M,USD,MXN,2007-09-26,10.9391,1,1,SF60653,2026-07-01 0:00
M,USD,MXN,2007-09-27,10.9438,1,1,SF60653,2026-07-01 0:00
M,USD,MXN,2007-09-28,10.9243,1,1,SF60653,2026-07-01 0:00
M,USD,MXN,2007-09-29,10.9203,1,1,SF60653,2026-07-01 0:00
M,USD,MXN,2007-09-30,10.9203,1,1,SF60653,2026-07-01 0:00
M,USD,MXN,2007-10-01,10.9203,1,1,SF60653,2026-07-01 0:00
M,USD,MXN,2007-10-02,10.9315,1,1,SF60653,2026-07-01 0:00
M,USD,MXN,2007-10-03,10.9224,1,1,SF60653,2026-07-01 0:00
M,USD,MXN,2007-10-04,10.921,1,1,SF60653,2026-07-01 0:00
M,USD,MXN,2007-10-05,10.8685,1,1,SF60653,2026-07-01 0:00
M,USD,MXN,2007-10-06,10.8963,1,1,SF60653,2026-07-01 0:00
M,USD,MXN,2007-10-07,10.8963,1,1,SF60653,2026-07-01 0:00
M,USD,MXN,2007-10-08,10.8963,1,1,SF60653,2026-07-01 0:00
M,USD,MXN,2007-10-09,10.8557,1,1,SF60653,2026-07-01 0:00
M,USD,MXN,2007-10-10,10.8589,1,1,SF60653,2026-07-01 0:00
M,USD,MXN,2007-10-11,10.8379,1,1,SF60653,2026-07-01 0:00
M,USD,MXN,2007-10-12,10.8383,1,1,SF60653,2026-07-01 0:00
M,USD,MXN,2007-10-13,10.8101,1,1,SF60653,2026-07-01 0:00
M,USD,MXN,2007-10-14,10.8101,1,1,SF60653,2026-07-01 0:00
M,USD,MXN,2007-10-15,10.8101,1,1,SF60653,2026-07-01 0:00
M,USD,MXN,2007-10-16,10.8252,1,1,SF60653,2026-07-01 0:00
M,USD,MXN,2007-10-17,10.8133,1,1,SF60653,2026-07-01 0:00
M,USD,MXN,2007-10-18,10.8418,1,1,SF60653,2026-07-01 0:00
M,USD,MXN,2007-10-19,10.8181,1,1,SF60653,2026-07-01 0:00
M,USD,MXN,2007-10-20,10.8133,1,1,SF60653,2026-07-01 0:00
M,USD,MXN,2007-10-21,10.8133,1,1,SF60653,2026-07-01 0:00
M,USD,MXN,2007-10-22,10.8133,1,1,SF60653,2026-07-01 0:00
M,USD,MXN,2007-10-23,10.7976,1,1,SF60653,2026-07-01 0:00
M,USD,MXN,2007-10-24,10.8404,1,1,SF60653,2026-07-01 0:00
M,USD,MXN,2007-10-25,10.824,1,1,SF60653,2026-07-01 0:00
M,USD,MXN,2007-10-26,10.8348,1,1,SF60653,2026-07-01 0:00
M,USD,MXN,2007-10-27,10.8291,1,1,SF60653,2026-07-01 0:00
M,USD,MXN,2007-10-28,10.8291,1,1,SF60653,2026-07-01 0:00
M,USD,MXN,2007-10-29,10.8291,1,1,SF60653,2026-07-01 0:00
M,USD,MXN,2007-10-30,10.7523,1,1,SF60653,2026-07-01 0:00
M,USD,MXN,2007-10-31,10.7112,1,1,SF60653,2026-07-01 0:00
M,USD,MXN,2007-11-01,10.7198,1,1,SF60653,2026-07-01 0:00
M,USD,MXN,2007-11-02,10.7023,1,1,SF60653,2026-07-01 0:00
M,USD,MXN,2007-11-03,10.7023,1,1,SF60653,2026-07-01 0:00
M,USD,MXN,2007-11-04,10.7023,1,1,SF60653,2026-07-01 0:00
M,USD,MXN,2007-11-05,10.7023,1,1,SF60653,2026-07-01 0:00
M,USD,MXN,2007-11-06,10.6639,1,1,SF60653,2026-07-01 0:00
M,USD,MXN,2007-11-07,10.7308,1,1,SF60653,2026-07-01 0:00
M,USD,MXN,2007-11-08,10.7046,1,1,SF60653,2026-07-01 0:00
M,USD,MXN,2007-11-09,10.7435,1,1,SF60653,2026-07-01 0:00
M,USD,MXN,2007-11-10,10.8108,1,1,SF60653,2026-07-01 0:00
M,USD,MXN,2007-11-11,10.8108,1,1,SF60653,2026-07-01 0:00
M,USD,MXN,2007-11-12,10.8108,1,1,SF60653,2026-07-01 0:00
M,USD,MXN,2007-11-13,10.8808,1,1,SF60653,2026-07-01 0:00
M,USD,MXN,2007-11-14,10.9378,1,1,SF60653,2026-07-01 0:00
M,USD,MXN,2007-11-15,10.8941,1,1,SF60653,2026-07-01 0:00
M,USD,MXN,2007-11-16,10.8685,1,1,SF60653,2026-07-01 0:00
M,USD,MXN,2007-11-17,10.9145,1,1,SF60653,2026-07-01 0:00
M,USD,MXN,2007-11-18,10.9145,1,1,SF60653,2026-07-01 0:00
M,USD,MXN,2007-11-19,10.9145,1,1,SF60653,2026-07-01 0:00
M,USD,MXN,2007-11-20,10.9145,1,1,SF60653,2026-07-01 0:00
M,USD,MXN,2007-11-21,10.9353,1,1,SF60653,2026-07-01 0:00
M,USD,MXN,2007-11-22,10.9687,1,1,SF60653,2026-07-01 0:00
M,USD,MXN,2007-11-23,11.0037,1,1,SF60653,2026-07-01 0:00
M,USD,MXN,2007-11-24,10.979,1,1,SF60653,2026-07-01 0:00
M,USD,MXN,2007-11-25,10.979,1,1,SF60653,2026-07-01 0:00
M,USD,MXN,2007-11-26,10.979,1,1,SF60653,2026-07-01 0:00
M,USD,MXN,2007-11-27,10.9733,1,1,SF60653,2026-07-01 0:00
M,USD,MXN,2007-11-28,10.981,1,1,SF60653,2026-07-01 0:00
M,USD,MXN,2007-11-29,10.9695,1,1,SF60653,2026-07-01 0:00
M,USD,MXN,2007-11-30,10.9345,1,1,SF60653,2026-07-01 0:00
M,USD,MXN,2007-12-01,10.9417,1,1,SF60653,2026-07-01 0:00
M,USD,MXN,2007-12-02,10.9417,1,1,SF60653,2026-07-01 0:00
M,USD,MXN,2007-12-03,10.9417,1,1,SF60653,2026-07-01 0:00
M,USD,MXN,2007-12-04,10.8968,1,1,SF60653,2026-07-01 0:00
M,USD,MXN,2007-12-05,10.9124,1,1,SF60653,2026-07-01 0:00
M,USD,MXN,2007-12-06,10.9059,1,1,SF60653,2026-07-01 0:00
M,USD,MXN,2007-12-07,10.8592,1,1,SF60653,2026-07-01 0:00
M,USD,MXN,2007-12-08,10.8367,1,1,SF60653,2026-07-01 0:00
M,USD,MXN,2007-12-09,10.8367,1,1,SF60653,2026-07-01 0:00
M,USD,MXN,2007-12-10,10.8367,1,1,SF60653,2026-07-01 0:00
M,USD,MXN,2007-12-11,10.8128,1,1,SF60653,2026-07-01 0:00
M,USD,MXN,2007-12-12,10.8185,1,1,SF60653,2026-07-01 0:00
M,USD,MXN,2007-12-13,10.8185,1,1,SF60653,2026-07-01 0:00
M,USD,MXN,2007-12-14,10.8025,1,1,SF60653,2026-07-01 0:00
M,USD,MXN,2007-12-15,10.8376,1,1,SF60653,2026-07-01 0:00
M,USD,MXN,2007-12-16,10.8376,1,1,SF60653,2026-07-01 0:00
M,USD,MXN,2007-12-17,10.8376,1,1,SF60653,2026-07-01 0:00
M,USD,MXN,2007-12-18,10.8249,1,1,SF60653,2026-07-01 0:00
M,USD,MXN,2007-12-19,10.846,1,1,SF60653,2026-07-01 0:00
M,USD,MXN,2007-12-20,10.8553,1,1,SF60653,2026-07-01 0:00
M,USD,MXN,2007-12-21,10.8412,1,1,SF60653,2026-07-01 0:00
M,USD,MXN,2007-12-22,10.8363,1,1,SF60653,2026-07-01 0:00
M,USD,MXN,2007-12-23,10.8363,1,1,SF60653,2026-07-01 0:00
M,USD,MXN,2007-12-24,10.8363,1,1,SF60653,2026-07-01 0:00
M,USD,MXN,2007-12-25,10.8203,1,1,SF60653,2026-07-01 0:00
M,USD,MXN,2007-12-26,10.8203,1,1,SF60653,2026-07-01 0:00
M,USD,MXN,2007-12-27,10.8132,1,1,SF60653,2026-07-01 0:00
M,USD,MXN,2007-12-28,10.8105,1,1,SF60653,2026-07-01 0:00
M,USD,MXN,2007-12-29,10.8662,1,1,SF60653,2026-07-01 0:00
M,USD,MXN,2007-12-30,10.8662,1,1,SF60653,2026-07-01 0:00
M,USD,MXN,2007-12-31,10.8662,1,1,SF60653,2026-07-01 0:00
M,USD,MXN,2008-01-01,10.9043,1,1,SF60653,2026-07-01 0:00
M,USD,MXN,2008-01-02,10.9043,1,1,SF60653,2026-07-01 0:00
M,USD,MXN,2008-01-03,10.9157,1,1,SF60653,2026-07-01 0:00
M,USD,MXN,2008-01-04,10.8972,1,1,SF60653,2026-07-01 0:00
M,USD,MXN,2008-01-05,10.8842,1,1,SF60653,2026-07-01 0:00
M,USD,MXN,2008-01-06,10.8842,1,1,SF60653,2026-07-01 0:00
M,USD,MXN,2008-01-07,10.8842,1,1,SF60653,2026-07-01 0:00
M,USD,MXN,2008-01-08,10.9277,1,1,SF60653,2026-07-01 0:00
M,USD,MXN,2008-01-09,10.9208,1,1,SF60653,2026-07-01 0:00
M,USD,MXN,2008-01-10,10.885,1,1,SF60653,2026-07-01 0:00
M,USD,MXN,2008-01-11,10.962,1,1,SF60653,2026-07-01 0:00
M,USD,MXN,2008-01-12,10.9572,1,1,SF60653,2026-07-01 0:00
M,USD,MXN,2008-01-13,10.9572,1,1,SF60653,2026-07-01 0:00
M,USD,MXN,2008-01-14,10.9572,1,1,SF60653,2026-07-01 0:00
M,USD,MXN,2008-01-15,10.9318,1,1,SF60653,2026-07-01 0:00
M,USD,MXN,2008-01-16,10.914,1,1,SF60653,2026-07-01 0:00
M,USD,MXN,2008-01-17,10.9203,1,1,SF60653,2026-07-01 0:00
M,USD,MXN,2008-01-18,10.9458,1,1,SF60653,2026-07-01 0:00
M,USD,MXN,2008-01-19,10.9445,1,1,SF60653,2026-07-01 0:00
M,USD,MXN,2008-01-20,10.9445,1,1,SF60653,2026-07-01 0:00
M,USD,MXN,2008-01-21,10.9445,1,1,SF60653,2026-07-01 0:00
M,USD,MXN,2008-01-22,10.9235,1,1,SF60653,2026-07-01 0:00
M,USD,MXN,2008-01-23,10.9813,1,1,SF60653,2026-07-01 0:00
M,USD,MXN,2008-01-24,10.9232,1,1,SF60653,2026-07-01 0:00
M,USD,MXN,2008-01-25,10.9522,1,1,SF60653,2026-07-01 0:00
M,USD,MXN,2008-01-26,10.8934,1,1,SF60653,2026-07-01 0:00
M,USD,MXN,2008-01-27,10.8934,1,1,SF60653,2026-07-01 0:00
M,USD,MXN,2008-01-28,10.8934,1,1,SF60653,2026-07-01 0:00
M,USD,MXN,2008-01-29,10.8698,1,1,SF60653,2026-07-01 0:00
M,USD,MXN,2008-01-30,10.8784,1,1,SF60653,2026-07-01 0:00
M,USD,MXN,2008-01-31,10.8444,1,1,SF60653,2026-07-01 0:00
M,USD,MXN,2008-02-01,10.8374,1,1,SF60653,2026-07-01 0:00
M,USD,MXN,2008-02-02,10.8262,1,1,SF60653,2026-07-01 0:00
M,USD,MXN,2008-02-03,10.8262,1,1,SF60653,2026-07-01 0:00
M,USD,MXN,2008-02-04,10.8262,1,1,SF60653,2026-07-01 0:00
M,USD,MXN,2008-02-05,10.8262,1,1,SF60653,2026-07-01 0:00
M,USD,MXN,2008-02-06,10.8138,1,1,SF60653,2026-07-01 0:00
M,USD,MXN,2008-02-07,10.8289,1,1,SF60653,2026-07-01 0:00
M,USD,MXN,2008-02-08,10.8227,1,1,SF60653,2026-07-01 0:00
M,USD,MXN,2008-02-09,10.804,1,1,SF60653,2026-07-01 0:00
M,USD,MXN,2008-02-10,10.804,1,1,SF60653,2026-07-01 0:00
M,USD,MXN,2008-02-11,10.804,1,1,SF60653,2026-07-01 0:00
M,USD,MXN,2008-02-12,10.7575,1,1,SF60653,2026-07-01 0:00
M,USD,MXN,2008-02-13,10.7736,1,1,SF60653,2026-07-01 0:00
M,USD,MXN,2008-02-14,10.7465,1,1,SF60653,2026-07-01 0:00
M,USD,MXN,2008-02-15,10.7509,1,1,SF60653,2026-07-01 0:00
M,USD,MXN,2008-02-16,10.7413,1,1,SF60653,2026-07-01 0:00
M,USD,MXN,2008-02-17,10.7413,1,1,SF60653,2026-07-01 0:00
M,USD,MXN,2008-02-18,10.7413,1,1,SF60653,2026-07-01 0:00
M,USD,MXN,2008-02-19,10.7653,1,1,SF60653,2026-07-01 0:00
M,USD,MXN,2008-02-20,10.735,1,1,SF60653,2026-07-01 0:00
M,USD,MXN,2008-02-21,10.7489,1,1,SF60653,2026-07-01 0:00
M,USD,MXN,2008-02-22,10.7939,1,1,SF60653,2026-07-01 0:00
M,USD,MXN,2008-02-23,10.798,1,1,SF60653,2026-07-01 0:00
M,USD,MXN,2008-02-24,10.798,1,1,SF60653,2026-07-01 0:00
M,USD,MXN,2008-02-25,10.798,1,1,SF60653,2026-07-01 0:00
M,USD,MXN,2008-02-26,10.7818,1,1,SF60653,2026-07-01 0:00
M,USD,MXN,2008-02-27,10.7855,1,1,SF60653,2026-07-01 0:00
M,USD,MXN,2008-02-28,10.743,1,1,SF60653,2026-07-01 0:00
M,USD,MXN,2008-02-29,10.7344,1,1,SF60653,2026-07-01 0:00
M,USD,MXN,2008-03-01,10.6813,1,1,SF60653,2026-07-01 0:00
M,USD,MXN,2008-03-02,10.6813,1,1,SF60653,2026-07-01 0:00
M,USD,MXN,2008-03-03,10.6813,1,1,SF60653,2026-07-01 0:00
M,USD,MXN,2008-03-04,10.7243,1,1,SF60653,2026-07-01 0:00
M,USD,MXN,2008-03-05,10.7046,1,1,SF60653,2026-07-01 0:00
M,USD,MXN,2008-03-06,10.7098,1,1,SF60653,2026-07-01 0:00
M,USD,MXN,2008-03-07,10.6978,1,1,SF60653,2026-07-01 0:00
M,USD,MXN,2008-03-08,10.7649,1,1,SF60653,2026-07-01 0:00
M,USD,MXN,2008-03-09,10.7649,1,1,SF60653,2026-07-01 0:00
M,USD,MXN,2008-03-10,10.7649,1,1,SF60653,2026-07-01 0:00
M,USD,MXN,2008-03-11,10.8383,1,1,SF60653,2026-07-01 0:00
M,USD,MXN,2008-03-12,10.8478,1,1,SF60653,2026-07-01 0:00
M,USD,MXN,2008-03-13,10.7965,1,1,SF60653,2026-07-01 0:00
M,USD,MXN,2008-03-14,10.7735,1,1,SF60653,2026-07-01 0:00
M,USD,MXN,2008-03-15,10.7778,1,1,SF60653,2026-07-01 0:00
M,USD,MXN,2008-03-16,10.7778,1,1,SF60653,2026-07-01 0:00
M,USD,MXN,2008-03-17,10.7778,1,1,SF60653,2026-07-01 0:00
M,USD,MXN,2008-03-18,10.7778,1,1,SF60653,2026-07-01 0:00
M,USD,MXN,2008-03-19,10.7613,1,1,SF60653,2026-07-01 0:00
M,USD,MXN,2008-03-20,10.704,1,1,SF60653,2026-07-01 0:00
M,USD,MXN,2008-03-21,10.704,1,1,SF60653,2026-07-01 0:00
M,USD,MXN,2008-03-22,10.704,1,1,SF60653,2026-07-01 0:00
M,USD,MXN,2008-03-23,10.704,1,1,SF60653,2026-07-01 0:00
M,USD,MXN,2008-03-24,10.704,1,1,SF60653,2026-07-01 0:00
M,USD,MXN,2008-03-25,10.6944,1,1,SF60653,2026-07-01 0:00
M,USD,MXN,2008-03-26,10.6748,1,1,SF60653,2026-07-01 0:00
M,USD,MXN,2008-03-27,10.6793,1,1,SF60653,2026-07-01 0:00
M,USD,MXN,2008-03-28,10.6957,1,1,SF60653,2026-07-01 0:00
M,USD,MXN,2008-03-29,10.6962,1,1,SF60653,2026-07-01 0:00
M,USD,MXN,2008-03-30,10.6962,1,1,SF60653,2026-07-01 0:00
M,USD,MXN,2008-03-31,10.6962,1,1,SF60653,2026-07-01 0:00
M,USD,MXN,2008-04-01,10.6987,1,1,SF60653,2026-07-01 0:00
M,USD,MXN,2008-04-02,10.6482,1,1,SF60653,2026-07-01 0:00
M,USD,MXN,2008-04-03,10.5985,1,1,SF60653,2026-07-01 0:00
M,USD,MXN,2008-04-04,10.5557,1,1,SF60653,2026-07-01 0:00
M,USD,MXN,2008-04-05,10.5644,1,1,SF60653,2026-07-01 0:00
M,USD,MXN,2008-04-06,10.5644,1,1,SF60653,2026-07-01 0:00
M,USD,MXN,2008-04-07,10.5644,1,1,SF60653,2026-07-01 0:00
M,USD,MXN,2008-04-08,10.559,1,1,SF60653,2026-07-01 0:00
M,USD,MXN,2008-04-09,10.5395,1,1,SF60653,2026-07-01 0:00
M,USD,MXN,2008-04-10,10.561,1,1,SF60653,2026-07-01 0:00
M,USD,MXN,2008-04-11,10.5552,1,1,SF60653,2026-07-01 0:00
M,USD,MXN,2008-04-12,10.5503,1,1,SF60653,2026-07-01 0:00
M,USD,MXN,2008-04-13,10.5503,1,1,SF60653,2026-07-01 0:00
M,USD,MXN,2008-04-14,10.5503,1,1,SF60653,2026-07-01 0:00
M,USD,MXN,2008-04-15,10.5337,1,1,SF60653,2026-07-01 0:00
M,USD,MXN,2008-04-16,10.4919,1,1,SF60653,2026-07-01 0:00
M,USD,MXN,2008-04-17,10.4843,1,1,SF60653,2026-07-01 0:00
M,USD,MXN,2008-04-18,10.4579,1,1,SF60653,2026-07-01 0:00
M,USD,MXN,2008-04-19,10.4828,1,1,SF60653,2026-07-01 0:00
M,USD,MXN,2008-04-20,10.4828,1,1,SF60653,2026-07-01 0:00
M,USD,MXN,2008-04-21,10.4828,1,1,SF60653,2026-07-01 0:00
M,USD,MXN,2008-04-22,10.461,1,1,SF60653,2026-07-01 0:00
M,USD,MXN,2008-04-23,10.5223,1,1,SF60653,2026-07-01 0:00
M,USD,MXN,2008-04-24,10.5181,1,1,SF60653,2026-07-01 0:00
M,USD,MXN,2008-04-25,10.4868,1,1,SF60653,2026-07-01 0:00
M,USD,MXN,2008-04-26,10.462,1,1,SF60653,2026-07-01 0:00
M,USD,MXN,2008-04-27,10.462,1,1,SF60653,2026-07-01 0:00
M,USD,MXN,2008-04-28,10.462,1,1,SF60653,2026-07-01 0:00
M,USD,MXN,2008-04-29,10.4702,1,1,SF60653,2026-07-01 0:00
M,USD,MXN,2008-04-30,10.4464,1,1,SF60653,2026-07-01 0:00
M,USD,MXN,2008-05-01,10.5272,1,1,SF60653,2026-07-01 0:00
M,USD,MXN,2008-05-02,10.5272,1,1,SF60653,2026-07-01 0:00
M,USD,MXN,2008-05-03,10.5095,1,1,SF60653,2026-07-01 0:00
M,USD,MXN,2008-05-04,10.5095,1,1,SF60653,2026-07-01 0:00
M,USD,MXN,2008-05-05,10.5095,1,1,SF60653,2026-07-01 0:00
M,USD,MXN,2008-05-06,10.4585,1,1,SF60653,2026-07-01 0:00
M,USD,MXN,2008-05-07,10.4687,1,1,SF60653,2026-07-01 0:00
M,USD,MXN,2008-05-08,10.4937,1,1,SF60653,2026-07-01 0:00
M,USD,MXN,2008-05-09,10.539,1,1,SF60653,2026-07-01 0:00
M,USD,MXN,2008-05-10,10.5465,1,1,SF60653,2026-07-01 0:00
M,USD,MXN,2008-05-11,10.5465,1,1,SF60653,2026-07-01 0:00
M,USD,MXN,2008-05-12,10.5465,1,1,SF60653,2026-07-01 0:00
M,USD,MXN,2008-05-13,10.5666,1,1,SF60653,2026-07-01 0:00
M,USD,MXN,2008-05-14,10.5058,1,1,SF60653,2026-07-01 0:00
M,USD,MXN,2008-05-15,10.4835,1,1,SF60653,2026-07-01 0:00
M,USD,MXN,2008-05-16,10.4884,1,1,SF60653,2026-07-01 0:00
M,USD,MXN,2008-05-17,10.4769,1,1,SF60653,2026-07-01 0:00
M,USD,MXN,2008-05-18,10.4769,1,1,SF60653,2026-07-01 0:00
M,USD,MXN,2008-05-19,10.4769,1,1,SF60653,2026-07-01 0:00
M,USD,MXN,2008-05-20,10.4266,1,1,SF60653,2026-07-01 0:00
M,USD,MXN,2008-05-21,10.3792,1,1,SF60653,2026-07-01 0:00
M,USD,MXN,2008-05-22,10.4002,1,1,SF60653,2026-07-01 0:00
M,USD,MXN,2008-05-23,10.3644,1,1,SF60653,2026-07-01 0:00
M,USD,MXN,2008-05-24,10.381,1,1,SF60653,2026-07-01 0:00
M,USD,MXN,2008-05-25,10.381,1,1,SF60653,2026-07-01 0:00
M,USD,MXN,2008-05-26,10.381,1,1,SF60653,2026-07-01 0:00
M,USD,MXN,2008-05-27,10.4,1,1,SF60653,2026-07-01 0:00
M,USD,MXN,2008-05-28,10.3848,1,1,SF60653,2026-07-01 0:00
M,USD,MXN,2008-05-29,10.3925,1,1,SF60653,2026-07-01 0:00
M,USD,MXN,2008-05-30,10.3447,1,1,SF60653,2026-07-01 0:00
M,USD,MXN,2008-05-31,10.3066,1,1,SF60653,2026-07-01 0:00
M,USD,MXN,2008-06-01,10.3066,1,1,SF60653,2026-07-01 0:00
M,USD,MXN,2008-06-02,10.3066,1,1,SF60653,2026-07-01 0:00
M,USD,MXN,2008-06-03,10.3306,1,1,SF60653,2026-07-01 0:00
M,USD,MXN,2008-06-04,10.3417,1,1,SF60653,2026-07-01 0:00
M,USD,MXN,2008-06-05,10.2992,1,1,SF60653,2026-07-01 0:00
M,USD,MXN,2008-06-06,10.3211,1,1,SF60653,2026-07-01 0:00
M,USD,MXN,2008-06-07,10.3108,1,1,SF60653,2026-07-01 0:00
M,USD,MXN,2008-06-08,10.3108,1,1,SF60653,2026-07-01 0:00
M,USD,MXN,2008-06-09,10.3108,1,1,SF60653,2026-07-01 0:00
M,USD,MXN,2008-06-10,10.3582,1,1,SF60653,2026-07-01 0:00
M,USD,MXN,2008-06-11,10.362,1,1,SF60653,2026-07-01 0:00
M,USD,MXN,2008-06-12,10.3847,1,1,SF60653,2026-07-01 0:00
M,USD,MXN,2008-06-13,10.4268,1,1,SF60653,2026-07-01 0:00
M,USD,MXN,2008-06-14,10.395,1,1,SF60653,2026-07-01 0:00
M,USD,MXN,2008-06-15,10.395,1,1,SF60653,2026-07-01 0:00
M,USD,MXN,2008-06-16,10.395,1,1,SF60653,2026-07-01 0:00
M,USD,MXN,2008-06-17,10.3655,1,1,SF60653,2026-07-01 0:00
M,USD,MXN,2008-06-18,10.3399,1,1,SF60653,2026-07-01 0:00
M,USD,MXN,2008-06-19,10.3153,1,1,SF60653,2026-07-01 0:00
M,USD,MXN,2008-06-20,10.2935,1,1,SF60653,2026-07-01 0:00
M,USD,MXN,2008-06-21,10.3156,1,1,SF60653,2026-07-01 0:00
M,USD,MXN,2008-06-22,10.3156,1,1,SF60653,2026-07-01 0:00
M,USD,MXN,2008-06-23,10.3156,1,1,SF60653,2026-07-01 0:00
M,USD,MXN,2008-06-24,10.2753,1,1,SF60653,2026-07-01 0:00
M,USD,MXN,2008-06-25,10.3032,1,1,SF60653,2026-07-01 0:00
M,USD,MXN,2008-06-26,10.318,1,1,SF60653,2026-07-01 0:00
M,USD,MXN,2008-06-27,10.2938,1,1,SF60653,2026-07-01 0:00
M,USD,MXN,2008-06-28,10.2841,1,1,SF60653,2026-07-01 0:00
M,USD,MXN,2008-06-29,10.2841,1,1,SF60653,2026-07-01 0:00
M,USD,MXN,2008-06-30,10.2841,1,1,SF60653,2026-07-01 0:00
M,USD,MXN,2008-07-01,10.3028,1,1,SF60653,2026-07-01 0:00
M,USD,MXN,2008-07-02,10.3069,1,1,SF60653,2026-07-01 0:00
M,USD,MXN,2008-07-03,10.3908,1,1,SF60653,2026-07-01 0:00
M,USD,MXN,2008-07-04,10.3722,1,1,SF60653,2026-07-01 0:00
M,USD,MXN,2008-07-05,10.3692,1,1,SF60653,2026-07-01 0:00
M,USD,MXN,2008-07-06,10.3692,1,1,SF60653,2026-07-01 0:00
M,USD,MXN,2008-07-07,10.3692,1,1,SF60653,2026-07-01 0:00
M,USD,MXN,2008-07-08,10.3411,1,1,SF60653,2026-07-01 0:00
M,USD,MXN,2008-07-09,10.3263,1,1,SF60653,2026-07-01 0:00
M,USD,MXN,2008-07-10,10.3363,1,1,SF60653,2026-07-01 0:00
M,USD,MXN,2008-07-11,10.2993,1,1,SF60653,2026-07-01 0:00
M,USD,MXN,2008-07-12,10.3076,1,1,SF60653,2026-07-01 0:00
M,USD,MXN,2008-07-13,10.3076,1,1,SF60653,2026-07-01 0:00
M,USD,MXN,2008-07-14,10.3076,1,1,SF60653,2026-07-01 0:00
M,USD,MXN,2008-07-15,10.312,1,1,SF60653,2026-07-01 0:00
M,USD,MXN,2008-07-16,10.2925,1,1,SF60653,2026-07-01 0:00
M,USD,MXN,2008-07-17,10.3229,1,1,SF60653,2026-07-01 0:00
M,USD,MXN,2008-07-18,10.2608,1,1,SF60653,2026-07-01 0:00
M,USD,MXN,2008-07-19,10.2311,1,1,SF60653,2026-07-01 0:00
M,USD,MXN,2008-07-20,10.2311,1,1,SF60653,2026-07-01 0:00
M,USD,MXN,2008-07-21,10.2311,1,1,SF60653,2026-07-01 0:00
M,USD,MXN,2008-07-22,10.2047,1,1,SF60653,2026-07-01 0:00
M,USD,MXN,2008-07-23,10.1708,1,1,SF60653,2026-07-01 0:00
M,USD,MXN,2008-07-24,10.1178,1,1,SF60653,2026-07-01 0:00
M,USD,MXN,2008-07-25,10.0552,1,1,SF60653,2026-07-01 0:00
M,USD,MXN,2008-07-26,10.0264,1,1,SF60653,2026-07-01 0:00
M,USD,MXN,2008-07-27,10.0264,1,1,SF60653,2026-07-01 0:00
M,USD,MXN,2008-07-28,10.0264,1,1,SF60653,2026-07-01 0:00
M,USD,MXN,2008-07-29,10.019,1,1,SF60653,2026-07-01 0:00
M,USD,MXN,2008-07-30,10.0706,1,1,SF60653,2026-07-01 0:00
M,USD,MXN,2008-07-31,10.061,1,1,SF60653,2026-07-01 0:00
M,USD,MXN,2008-08-01,10.034,1,1,SF60653,2026-07-01 0:00
M,USD,MXN,2008-08-02,10.0353,1,1,SF60653,2026-07-01 0:00
M,USD,MXN,2008-08-03,10.0353,1,1,SF60653,2026-07-01 0:00
M,USD,MXN,2008-08-04,10.0353,1,1,SF60653,2026-07-01 0:00
M,USD,MXN,2008-08-05,9.9705,1,1,SF60653,2026-07-01 0:00
M,USD,MXN,2008-08-06,9.9335,1,1,SF60653,2026-07-01 0:00
M,USD,MXN,2008-08-07,9.918,1,1,SF60653,2026-07-01 0:00
M,USD,MXN,2008-08-08,9.9485,1,1,SF60653,2026-07-01 0:00
M,USD,MXN,2008-08-09,9.9877,1,1,SF60653,2026-07-01 0:00
M,USD,MXN,2008-08-10,9.9877,1,1,SF60653,2026-07-01 0:00
M,USD,MXN,2008-08-11,9.9877,1,1,SF60653,2026-07-01 0:00
M,USD,MXN,2008-08-12,10.1305,1,1,SF60653,2026-07-01 0:00
M,USD,MXN,2008-08-13,10.1295,1,1,SF60653,2026-07-01 0:00
M,USD,MXN,2008-08-14,10.159,1,1,SF60653,2026-07-01 0:00
M,USD,MXN,2008-08-15,10.1968,1,1,SF60653,2026-07-01 0:00
M,USD,MXN,2008-08-16,10.1586,1,1,SF60653,2026-07-01 0:00
M,USD,MXN,2008-08-17,10.1586,1,1,SF60653,2026-07-01 0:00
M,USD,MXN,2008-08-18,10.1586,1,1,SF60653,2026-07-01 0:00
M,USD,MXN,2008-08-19,10.1966,1,1,SF60653,2026-07-01 0:00
M,USD,MXN,2008-08-20,10.1395,1,1,SF60653,2026-07-01 0:00
M,USD,MXN,2008-08-21,10.1867,1,1,SF60653,2026-07-01 0:00
M,USD,MXN,2008-08-22,10.1343,1,1,SF60653,2026-07-01 0:00
M,USD,MXN,2008-08-23,10.1106,1,1,SF60653,2026-07-01 0:00
M,USD,MXN,2008-08-24,10.1106,1,1,SF60653,2026-07-01 0:00
M,USD,MXN,2008-08-25,10.1106,1,1,SF60653,2026-07-01 0:00
M,USD,MXN,2008-08-26,10.0991,1,1,SF60653,2026-07-01 0:00
M,USD,MXN,2008-08-27,10.1183,1,1,SF60653,2026-07-01 0:00
M,USD,MXN,2008-08-28,10.173,1,1,SF60653,2026-07-01 0:00
M,USD,MXN,2008-08-29,10.1421,1,1,SF60653,2026-07-01 0:00
M,USD,MXN,2008-08-30,10.1822,1,1,SF60653,2026-07-01 0:00
M,USD,MXN,2008-08-31,10.1822,1,1,SF60653,2026-07-01 0:00
M,USD,MXN,2008-09-01,10.1822,1,1,SF60653,2026-07-01 0:00
M,USD,MXN,2008-09-02,10.2847,1,1,SF60653,2026-07-01 0:00
M,USD,MXN,2008-09-03,10.3423,1,1,SF60653,2026-07-01 0:00
M,USD,MXN,2008-09-04,10.3781,1,1,SF60653,2026-07-01 0:00
M,USD,MXN,2008-09-05,10.3852,1,1,SF60653,2026-07-01 0:00
M,USD,MXN,2008-09-06,10.4658,1,1,SF60653,2026-07-01 0:00
M,USD,MXN,2008-09-07,10.4658,1,1,SF60653,2026-07-01 0:00
M,USD,MXN,2008-09-08,10.4658,1,1,SF60653,2026-07-01 0:00
M,USD,MXN,2008-09-09,10.5143,1,1,SF60653,2026-07-01 0:00
M,USD,MXN,2008-09-10,10.481,1,1,SF60653,2026-07-01 0:00
M,USD,MXN,2008-09-11,10.5013,1,1,SF60653,2026-07-01 0:00
M,USD,MXN,2008-09-12,10.5862,1,1,SF60653,2026-07-01 0:00
M,USD,MXN,2008-09-13,10.6745,1,1,SF60653,2026-07-01 0:00
M,USD,MXN,2008-09-14,10.6745,1,1,SF60653,2026-07-01 0:00
M,USD,MXN,2008-09-15,10.6745,1,1,SF60653,2026-07-01 0:00
M,USD,MXN,2008-09-16,10.5828,1,1,SF60653,2026-07-01 0:00
M,USD,MXN,2008-09-17,10.5828,1,1,SF60653,2026-07-01 0:00
M,USD,MXN,2008-09-18,10.7054,1,1,SF60653,2026-07-01 0:00
M,USD,MXN,2008-09-19,10.8702,1,1,SF60653,2026-07-01 0:00
M,USD,MXN,2008-09-20,10.8365,1,1,SF60653,2026-07-01 0:00
M,USD,MXN,2008-09-21,10.8365,1,1,SF60653,2026-07-01 0:00
M,USD,MXN,2008-09-22,10.8365,1,1,SF60653,2026-07-01 0:00
M,USD,MXN,2008-09-23,10.6133,1,1,SF60653,2026-07-01 0:00
M,USD,MXN,2008-09-24,10.5879,1,1,SF60653,2026-07-01 0:00
M,USD,MXN,2008-09-25,10.7264,1,1,SF60653,2026-07-01 0:00
M,USD,MXN,2008-09-26,10.7879,1,1,SF60653,2026-07-01 0:00
M,USD,MXN,2008-09-27,10.7653,1,1,SF60653,2026-07-01 0:00
M,USD,MXN,2008-09-28,10.7653,1,1,SF60653,2026-07-01 0:00
M,USD,MXN,2008-09-29,10.7653,1,1,SF60653,2026-07-01 0:00
M,USD,MXN,2008-09-30,10.7919,1,1,SF60653,2026-07-01 0:00
M,USD,MXN,2008-10-01,10.9397,1,1,SF60653,2026-07-01 0:00
M,USD,MXN,2008-10-02,10.9814,1,1,SF60653,2026-07-01 0:00
M,USD,MXN,2008-10-03,10.9811,1,1,SF60653,2026-07-01 0:00
M,USD,MXN,2008-10-04,11.1296,1,1,SF60653,2026-07-01 0:00
M,USD,MXN,2008-10-05,11.1296,1,1,SF60653,2026-07-01 0:00
M,USD,MXN,2008-10-06,11.1296,1,1,SF60653,2026-07-01 0:00
M,USD,MXN,2008-10-07,11.1188,1,1,SF60653,2026-07-01 0:00
M,USD,MXN,2008-10-08,11.7667,1,1,SF60653,2026-07-01 0:00
M,USD,MXN,2008-10-09,12.1196,1,1,SF60653,2026-07-01 0:00
M,USD,MXN,2008-10-10,13.0417,1,1,SF60653,2026-07-01 0:00
M,USD,MXN,2008-10-11,12.4433,1,1,SF60653,2026-07-01 0:00
M,USD,MXN,2008-10-12,12.4433,1,1,SF60653,2026-07-01 0:00
M,USD,MXN,2008-10-13,12.4433,1,1,SF60653,2026-07-01 0:00
M,USD,MXN,2008-10-14,13.0867,1,1,SF60653,2026-07-01 0:00
M,USD,MXN,2008-10-15,12.3743,1,1,SF60653,2026-07-01 0:00
M,USD,MXN,2008-10-16,12.345,1,1,SF60653,2026-07-01 0:00
M,USD,MXN,2008-10-17,12.7192,1,1,SF60653,2026-07-01 0:00
M,USD,MXN,2008-10-18,13.0633,1,1,SF60653,2026-07-01 0:00
M,USD,MXN,2008-10-19,13.0633,1,1,SF60653,2026-07-01 0:00
M,USD,MXN,2008-10-20,13.0633,1,1,SF60653,2026-07-01 0:00
M,USD,MXN,2008-10-21,12.8475,1,1,SF60653,2026-07-01 0:00
M,USD,MXN,2008-10-22,12.7617,1,1,SF60653,2026-07-01 0:00
M,USD,MXN,2008-10-23,13.1233,1,1,SF60653,2026-07-01 0:00
M,USD,MXN,2008-10-24,13.5592,1,1,SF60653,2026-07-01 0:00
M,USD,MXN,2008-10-25,13.5025,1,1,SF60653,2026-07-01 0:00
M,USD,MXN,2008-10-26,13.5025,1,1,SF60653,2026-07-01 0:00
M,USD,MXN,2008-10-27,13.5025,1,1,SF60653,2026-07-01 0:00
M,USD,MXN,2008-10-28,13.4,1,1,SF60653,2026-07-01 0:00
M,USD,MXN,2008-10-29,13.3083,1,1,SF60653,2026-07-01 0:00
M,USD,MXN,2008-10-30,13.3692,1,1,SF60653,2026-07-01 0:00
M,USD,MXN,2008-10-31,12.9142,1,1,SF60653,2026-07-01 0:00
M,USD,MXN,2008-11-01,12.8342,1,1,SF60653,2026-07-01 0:00
M,USD,MXN,2008-11-02,12.8342,1,1,SF60653,2026-07-01 0:00
M,USD,MXN,2008-11-03,12.8342,1,1,SF60653,2026-07-01 0:00
M,USD,MXN,2008-11-04,12.7125,1,1,SF60653,2026-07-01 0:00
M,USD,MXN,2008-11-05,12.7875,1,1,SF60653,2026-07-01 0:00
M,USD,MXN,2008-11-06,12.4862,1,1,SF60653,2026-07-01 0:00
M,USD,MXN,2008-11-07,12.6042,1,1,SF60653,2026-07-01 0:00
M,USD,MXN,2008-11-08,12.95,1,1,SF60653,2026-07-01 0:00
M,USD,MXN,2008-11-09,12.95,1,1,SF60653,2026-07-01 0:00
M,USD,MXN,2008-11-10,12.95,1,1,SF60653,2026-07-01 0:00
M,USD,MXN,2008-11-11,12.8392,1,1,SF60653,2026-07-01 0:00
M,USD,MXN,2008-11-12,12.785,1,1,SF60653,2026-07-01 0:00
M,USD,MXN,2008-11-13,12.9892,1,1,SF60653,2026-07-01 0:00
M,USD,MXN,2008-11-14,13.0875,1,1,SF60653,2026-07-01 0:00
M,USD,MXN,2008-11-15,13.1663,1,1,SF60653,2026-07-01 0:00
M,USD,MXN,2008-11-16,13.1663,1,1,SF60653,2026-07-01 0:00
M,USD,MXN,2008-11-17,13.1663,1,1,SF60653,2026-07-01 0:00
M,USD,MXN,2008-11-18,13.1663,1,1,SF60653,2026-07-01 0:00
M,USD,MXN,2008-11-19,13.0242,1,1,SF60653,2026-07-01 0:00
M,USD,MXN,2008-11-20,13.195,1,1,SF60653,2026-07-01 0:00
M,USD,MXN,2008-11-21,13.18,1,1,SF60653,2026-07-01 0:00
M,USD,MXN,2008-11-22,13.5758,1,1,SF60653,2026-07-01 0:00
M,USD,MXN,2008-11-23,13.5758,1,1,SF60653,2026-07-01 0:00
M,USD,MXN,2008-11-24,13.5758,1,1,SF60653,2026-07-01 0:00
M,USD,MXN,2008-11-25,13.9183,1,1,SF60653,2026-07-01 0:00
M,USD,MXN,2008-11-26,13.4958,1,1,SF60653,2026-07-01 0:00
M,USD,MXN,2008-11-27,13.3142,1,1,SF60653,2026-07-01 0:00
M,USD,MXN,2008-11-28,13.2117,1,1,SF60653,2026-07-01 0:00
M,USD,MXN,2008-11-29,13.2325,1,1,SF60653,2026-07-01 0:00
M,USD,MXN,2008-11-30,13.2325,1,1,SF60653,2026-07-01 0:00
M,USD,MXN,2008-12-01,13.2325,1,1,SF60653,2026-07-01 0:00
M,USD,MXN,2008-12-02,13.3225,1,1,SF60653,2026-07-01 0:00
M,USD,MXN,2008-12-03,13.58,1,1,SF60653,2026-07-01 0:00
M,USD,MXN,2008-12-04,13.53,1,1,SF60653,2026-07-01 0:00
M,USD,MXN,2008-12-05,13.5996,1,1,SF60653,2026-07-01 0:00
M,USD,MXN,2008-12-06,13.5358,1,1,SF60653,2026-07-01 0:00
M,USD,MXN,2008-12-07,13.5358,1,1,SF60653,2026-07-01 0:00
M,USD,MXN,2008-12-08,13.5358,1,1,SF60653,2026-07-01 0:00
M,USD,MXN,2008-12-09,13.7567,1,1,SF60653,2026-07-01 0:00
M,USD,MXN,2008-12-10,13.4597,1,1,SF60653,2026-07-01 0:00
M,USD,MXN,2008-12-11,13.4921,1,1,SF60653,2026-07-01 0:00
M,USD,MXN,2008-12-12,13.4722,1,1,SF60653,2026-07-01 0:00
M,USD,MXN,2008-12-13,13.4722,1,1,SF60653,2026-07-01 0:00
M,USD,MXN,2008-12-14,13.4722,1,1,SF60653,2026-07-01 0:00
M,USD,MXN,2008-12-15,13.4722,1,1,SF60653,2026-07-01 0:00
M,USD,MXN,2008-12-16,13.1821,1,1,SF60653,2026-07-01 0:00
M,USD,MXN,2008-12-17,13.3317,1,1,SF60653,2026-07-01 0:00
M,USD,MXN,2008-12-18,13.2717,1,1,SF60653,2026-07-01 0:00
M,USD,MXN,2008-12-19,13.1275,1,1,SF60653,2026-07-01 0:00
M,USD,MXN,2008-12-20,13.215,1,1,SF60653,2026-07-01 0:00
M,USD,MXN,2008-12-21,13.215,1,1,SF60653,2026-07-01 0:00
M,USD,MXN,2008-12-22,13.215,1,1,SF60653,2026-07-01 0:00
M,USD,MXN,2008-12-23,13.1197,1,1,SF60653,2026-07-01 0:00
M,USD,MXN,2008-12-24,13.1742,1,1,SF60653,2026-07-01 0:00
M,USD,MXN,2008-12-25,13.2175,1,1,SF60653,2026-07-01 0:00
M,USD,MXN,2008-12-26,13.2175,1,1,SF60653,2026-07-01 0:00
M,USD,MXN,2008-12-27,13.3114,1,1,SF60653,2026-07-01 0:00
M,USD,MXN,2008-12-28,13.3114,1,1,SF60653,2026-07-01 0:00
M,USD,MXN,2008-12-29,13.3114,1,1,SF60653,2026-07-01 0:00
M,USD,MXN,2008-12-30,13.3538,1,1,SF60653,2026-07-01 0:00
M,USD,MXN,2008-12-31,13.5383,1,1,SF60653,2026-07-01 0:00
M,USD,MXN,2009-01-01,13.7738,1,1,SF60653,2026-07-01 0:00
M,USD,MXN,2009-01-02,13.7738,1,1,SF60653,2026-07-01 0:00
M,USD,MXN,2009-01-03,13.8325,1,1,SF60653,2026-07-01 0:00
M,USD,MXN,2009-01-04,13.8325,1,1,SF60653,2026-07-01 0:00
M,USD,MXN,2009-01-05,13.8325,1,1,SF60653,2026-07-01 0:00
M,USD,MXN,2009-01-06,13.7678,1,1,SF60653,2026-07-01 0:00
M,USD,MXN,2009-01-07,13.5507,1,1,SF60653,2026-07-01 0:00
M,USD,MXN,2009-01-08,13.3458,1,1,SF60653,2026-07-01 0:00
M,USD,MXN,2009-01-09,13.4136,1,1,SF60653,2026-07-01 0:00
M,USD,MXN,2009-01-10,13.5045,1,1,SF60653,2026-07-01 0:00
M,USD,MXN,2009-01-11,13.5045,1,1,SF60653,2026-07-01 0:00
M,USD,MXN,2009-01-12,13.5045,1,1,SF60653,2026-07-01 0:00
M,USD,MXN,2009-01-13,13.7008,1,1,SF60653,2026-07-01 0:00
M,USD,MXN,2009-01-14,13.7608,1,1,SF60653,2026-07-01 0:00
M,USD,MXN,2009-01-15,13.839,1,1,SF60653,2026-07-01 0:00
M,USD,MXN,2009-01-16,14.1083,1,1,SF60653,2026-07-01 0:00
M,USD,MXN,2009-01-17,14.2192,1,1,SF60653,2026-07-01 0:00
M,USD,MXN,2009-01-18,14.2192,1,1,SF60653,2026-07-01 0:00
M,USD,MXN,2009-01-19,14.2192,1,1,SF60653,2026-07-01 0:00
M,USD,MXN,2009-01-20,13.9058,1,1,SF60653,2026-07-01 0:00
M,USD,MXN,2009-01-21,13.9777,1,1,SF60653,2026-07-01 0:00
M,USD,MXN,2009-01-22,13.9382,1,1,SF60653,2026-07-01 0:00
M,USD,MXN,2009-01-23,13.9145,1,1,SF60653,2026-07-01 0:00
M,USD,MXN,2009-01-24,13.9325,1,1,SF60653,2026-07-01 0:00
M,USD,MXN,2009-01-25,13.9325,1,1,SF60653,2026-07-01 0:00
M,USD,MXN,2009-01-26,13.9325,1,1,SF60653,2026-07-01 0:00
M,USD,MXN,2009-01-27,14.095,1,1,SF60653,2026-07-01 0:00
M,USD,MXN,2009-01-28,13.9342,1,1,SF60653,2026-07-01 0:00
M,USD,MXN,2009-01-29,14.1675,1,1,SF60653,2026-07-01 0:00
M,USD,MXN,2009-01-30,14.1513,1,1,SF60653,2026-07-01 0:00
M,USD,MXN,2009-01-31,14.1975,1,1,SF60653,2026-07-01 0:00
M,USD,MXN,2009-02-01,14.1975,1,1,SF60653,2026-07-01 0:00
M,USD,MXN,2009-02-02,14.1975,1,1,SF60653,2026-07-01 0:00
M,USD,MXN,2009-02-03,14.1975,1,1,SF60653,2026-07-01 0:00
M,USD,MXN,2009-02-04,14.3097,1,1,SF60653,2026-07-01 0:00
M,USD,MXN,2009-02-05,14.5404,1,1,SF60653,2026-07-01 0:00
M,USD,MXN,2009-02-06,14.4667,1,1,SF60653,2026-07-01 0:00
M,USD,MXN,2009-02-07,14.2945,1,1,SF60653,2026-07-01 0:00
M,USD,MXN,2009-02-08,14.2945,1,1,SF60653,2026-07-01 0:00
M,USD,MXN,2009-02-09,14.2945,1,1,SF60653,2026-07-01 0:00
M,USD,MXN,2009-02-10,14.1778,1,1,SF60653,2026-07-01 0:00
M,USD,MXN,2009-02-11,14.1392,1,1,SF60653,2026-07-01 0:00
M,USD,MXN,2009-02-12,14.3575,1,1,SF60653,2026-07-01 0:00
M,USD,MXN,2009-02-13,14.5313,1,1,SF60653,2026-07-01 0:00
M,USD,MXN,2009-02-14,14.6013,1,1,SF60653,2026-07-01 0:00
M,USD,MXN,2009-02-15,14.6013,1,1,SF60653,2026-07-01 0:00
M,USD,MXN,2009-02-16,14.6013,1,1,SF60653,2026-07-01 0:00
M,USD,MXN,2009-02-17,14.4326,1,1,SF60653,2026-07-01 0:00
M,USD,MXN,2009-02-18,14.5288,1,1,SF60653,2026-07-01 0:00
M,USD,MXN,2009-02-19,14.6118,1,1,SF60653,2026-07-01 0:00
M,USD,MXN,2009-02-20,14.6725,1,1,SF60653,2026-07-01 0:00
M,USD,MXN,2009-02-21,14.5505,1,1,SF60653,2026-07-01 0:00
M,USD,MXN,2009-02-22,14.5505,1,1,SF60653,2026-07-01 0:00
M,USD,MXN,2009-02-23,14.5505,1,1,SF60653,2026-07-01 0:00
M,USD,MXN,2009-02-24,14.8163,1,1,SF60653,2026-07-01 0:00
M,USD,MXN,2009-02-25,14.8528,1,1,SF60653,2026-07-01 0:00
M,USD,MXN,2009-02-26,14.8327,1,1,SF60653,2026-07-01 0:00
M,USD,MXN,2009-02-27,14.9275,1,1,SF60653,2026-07-01 0:00
M,USD,MXN,2009-02-28,14.9322,1,1,SF60653,2026-07-01 0:00
M,USD,MXN,2009-03-01,14.9322,1,1,SF60653,2026-07-01 0:00
M,USD,MXN,2009-03-02,14.9322,1,1,SF60653,2026-07-01 0:00
M,USD,MXN,2009-03-03,15.0698,1,1,SF60653,2026-07-01 0:00
M,USD,MXN,2009-03-04,15.365,1,1,SF60653,2026-07-01 0:00
M,USD,MXN,2009-03-05,15.3372,1,1,SF60653,2026-07-01 0:00
M,USD,MXN,2009-03-06,15.2178,1,1,SF60653,2026-07-01 0:00
M,USD,MXN,2009-03-07,15.2855,1,1,SF60653,2026-07-01 0:00
M,USD,MXN,2009-03-08,15.2855,1,1,SF60653,2026-07-01 0:00
M,USD,MXN,2009-03-09,15.2855,1,1,SF60653,2026-07-01 0:00
M,USD,MXN,2009-03-10,15.2633,1,1,SF60653,2026-07-01 0:00
M,USD,MXN,2009-03-11,15.3517,1,1,SF60653,2026-07-01 0:00
M,USD,MXN,2009-03-12,15.3142,1,1,SF60653,2026-07-01 0:00
M,USD,MXN,2009-03-13,15.1145,1,1,SF60653,2026-07-01 0:00
M,USD,MXN,2009-03-14,14.9083,1,1,SF60653,2026-07-01 0:00
M,USD,MXN,2009-03-15,14.9083,1,1,SF60653,2026-07-01 0:00
M,USD,MXN,2009-03-16,14.9083,1,1,SF60653,2026-07-01 0:00
M,USD,MXN,2009-03-17,14.9083,1,1,SF60653,2026-07-01 0:00
M,USD,MXN,2009-03-18,14.569,1,1,SF60653,2026-07-01 0:00
M,USD,MXN,2009-03-19,14.0502,1,1,SF60653,2026-07-01 0:00
M,USD,MXN,2009-03-20,14.1457,1,1,SF60653,2026-07-01 0:00
M,USD,MXN,2009-03-21,14.08,1,1,SF60653,2026-07-01 0:00
M,USD,MXN,2009-03-22,14.08,1,1,SF60653,2026-07-01 0:00
M,USD,MXN,2009-03-23,14.08,1,1,SF60653,2026-07-01 0:00
M,USD,MXN,2009-03-24,14.148,1,1,SF60653,2026-07-01 0:00
M,USD,MXN,2009-03-25,14.3204,1,1,SF60653,2026-07-01 0:00
M,USD,MXN,2009-03-26,14.2683,1,1,SF60653,2026-07-01 0:00
M,USD,MXN,2009-03-27,14.2358,1,1,SF60653,2026-07-01 0:00
M,USD,MXN,2009-03-28,14.2163,1,1,SF60653,2026-07-01 0:00
M,USD,MXN,2009-03-29,14.2163,1,1,SF60653,2026-07-01 0:00
M,USD,MXN,2009-03-30,14.2163,1,1,SF60653,2026-07-01 0:00
M,USD,MXN,2009-03-31,14.3317,1,1,SF60653,2026-07-01 0:00
M,USD,MXN,2009-04-01,14.3855,1,1,SF60653,2026-07-01 0:00
M,USD,MXN,2009-04-02,14.1517,1,1,SF60653,2026-07-01 0:00
M,USD,MXN,2009-04-03,13.9108,1,1,SF60653,2026-07-01 0:00
M,USD,MXN,2009-04-04,13.7924,1,1,SF60653,2026-07-01 0:00
M,USD,MXN,2009-04-05,13.7924,1,1,SF60653,2026-07-01 0:00
M,USD,MXN,2009-04-06,13.7924,1,1,SF60653,2026-07-01 0:00
M,USD,MXN,2009-04-07,13.6137,1,1,SF60653,2026-07-01 0:00
M,USD,MXN,2009-04-08,13.6325,1,1,SF60653,2026-07-01 0:00
M,USD,MXN,2009-04-09,13.5712,1,1,SF60653,2026-07-01 0:00
M,USD,MXN,2009-04-10,13.5712,1,1,SF60653,2026-07-01 0:00
M,USD,MXN,2009-04-11,13.5712,1,1,SF60653,2026-07-01 0:00
M,USD,MXN,2009-04-12,13.5712,1,1,SF60653,2026-07-01 0:00
M,USD,MXN,2009-04-13,13.5712,1,1,SF60653,2026-07-01 0:00
M,USD,MXN,2009-04-14,13.3648,1,1,SF60653,2026-07-01 0:00
M,USD,MXN,2009-04-15,13.0914,1,1,SF60653,2026-07-01 0:00
M,USD,MXN,2009-04-16,13.086,1,1,SF60653,2026-07-01 0:00
M,USD,MXN,2009-04-17,13.1683,1,1,SF60653,2026-07-01 0:00
M,USD,MXN,2009-04-18,13.0511,1,1,SF60653,2026-07-01 0:00
M,USD,MXN,2009-04-19,13.0511,1,1,SF60653,2026-07-01 0:00
M,USD,MXN,2009-04-20,13.0511,1,1,SF60653,2026-07-01 0:00
M,USD,MXN,2009-04-21,13.1558,1,1,SF60653,2026-07-01 0:00
M,USD,MXN,2009-04-22,13.32,1,1,SF60653,2026-07-01 0:00
M,USD,MXN,2009-04-23,13.175,1,1,SF60653,2026-07-01 0:00
M,USD,MXN,2009-04-24,13.1457,1,1,SF60653,2026-07-01 0:00
M,USD,MXN,2009-04-25,13.3099,1,1,SF60653,2026-07-01 0:00
M,USD,MXN,2009-04-26,13.3099,1,1,SF60653,2026-07-01 0:00
M,USD,MXN,2009-04-27,13.3099,1,1,SF60653,2026-07-01 0:00
M,USD,MXN,2009-04-28,13.2318,1,1,SF60653,2026-07-01 0:00
M,USD,MXN,2009-04-29,13.755,1,1,SF60653,2026-07-01 0:00
M,USD,MXN,2009-04-30,13.8667,1,1,SF60653,2026-07-01 0:00
M,USD,MXN,2009-05-01,13.6485,1,1,SF60653,2026-07-01 0:00
M,USD,MXN,2009-05-02,13.6485,1,1,SF60653,2026-07-01 0:00
M,USD,MXN,2009-05-03,13.6485,1,1,SF60653,2026-07-01 0:00
M,USD,MXN,2009-05-04,13.6485,1,1,SF60653,2026-07-01 0:00
M,USD,MXN,2009-05-05,13.8443,1,1,SF60653,2026-07-01 0:00
M,USD,MXN,2009-05-06,13.35,1,1,SF60653,2026-07-01 0:00
M,USD,MXN,2009-05-07,13.2242,1,1,SF60653,2026-07-01 0:00
M,USD,MXN,2009-05-08,13.2268,1,1,SF60653,2026-07-01 0:00
M,USD,MXN,2009-05-09,13.1103,1,1,SF60653,2026-07-01 0:00
M,USD,MXN,2009-05-10,13.1103,1,1,SF60653,2026-07-01 0:00
M,USD,MXN,2009-05-11,13.1103,1,1,SF60653,2026-07-01 0:00
M,USD,MXN,2009-05-12,13.1067,1,1,SF60653,2026-07-01 0:00
M,USD,MXN,2009-05-13,13.1008,1,1,SF60653,2026-07-01 0:00
M,USD,MXN,2009-05-14,13.2208,1,1,SF60653,2026-07-01 0:00
M,USD,MXN,2009-05-15,13.3177,1,1,SF60653,2026-07-01 0:00
M,USD,MXN,2009-05-16,13.2983,1,1,SF60653,2026-07-01 0:00
M,USD,MXN,2009-05-17,13.2983,1,1,SF60653,2026-07-01 0:00
M,USD,MXN,2009-05-18,13.2983,1,1,SF60653,2026-07-01 0:00
M,USD,MXN,2009-05-19,13.2058,1,1,SF60653,2026-07-01 0:00
M,USD,MXN,2009-05-20,13.1363,1,1,SF60653,2026-07-01 0:00
M,USD,MXN,2009-05-21,12.968,1,1,SF60653,2026-07-01 0:00
M,USD,MXN,2009-05-22,12.8695,1,1,SF60653,2026-07-01 0:00
M,USD,MXN,2009-05-23,13.103,1,1,SF60653,2026-07-01 0:00
M,USD,MXN,2009-05-24,13.103,1,1,SF60653,2026-07-01 0:00
M,USD,MXN,2009-05-25,13.103,1,1,SF60653,2026-07-01 0:00
M,USD,MXN,2009-05-26,13.1728,1,1,SF60653,2026-07-01 0:00
M,USD,MXN,2009-05-27,13.1375,1,1,SF60653,2026-07-01 0:00
M,USD,MXN,2009-05-28,13.1338,1,1,SF60653,2026-07-01 0:00
M,USD,MXN,2009-05-29,13.159,1,1,SF60653,2026-07-01 0:00
M,USD,MXN,2009-05-30,13.2337,1,1,SF60653,2026-07-01 0:00
M,USD,MXN,2009-05-31,13.2337,1,1,SF60653,2026-07-01 0:00
M,USD,MXN,2009-06-01,13.2337,1,1,SF60653,2026-07-01 0:00
M,USD,MXN,2009-06-02,13.1667,1,1,SF60653,2026-07-01 0:00
M,USD,MXN,2009-06-03,13.155,1,1,SF60653,2026-07-01 0:00
M,USD,MXN,2009-06-04,13.2609,1,1,SF60653,2026-07-01 0:00
M,USD,MXN,2009-06-05,13.3172,1,1,SF60653,2026-07-01 0:00
M,USD,MXN,2009-06-06,13.2675,1,1,SF60653,2026-07-01 0:00
M,USD,MXN,2009-06-07,13.2675,1,1,SF60653,2026-07-01 0:00
M,USD,MXN,2009-06-08,13.2675,1,1,SF60653,2026-07-01 0:00
M,USD,MXN,2009-06-09,13.2768,1,1,SF60653,2026-07-01 0:00
M,USD,MXN,2009-06-10,13.45,1,1,SF60653,2026-07-01 0:00
M,USD,MXN,2009-06-11,13.4793,1,1,SF60653,2026-07-01 0:00
M,USD,MXN,2009-06-12,13.6507,1,1,SF60653,2026-07-01 0:00
M,USD,MXN,2009-06-13,13.4581,1,1,SF60653,2026-07-01 0:00
M,USD,MXN,2009-06-14,13.4581,1,1,SF60653,2026-07-01 0:00
M,USD,MXN,2009-06-15,13.4581,1,1,SF60653,2026-07-01 0:00
M,USD,MXN,2009-06-16,13.3997,1,1,SF60653,2026-07-01 0:00
M,USD,MXN,2009-06-17,13.4523,1,1,SF60653,2026-07-01 0:00
M,USD,MXN,2009-06-18,13.3525,1,1,SF60653,2026-07-01 0:00
M,USD,MXN,2009-06-19,13.4698,1,1,SF60653,2026-07-01 0:00
M,USD,MXN,2009-06-20,13.3694,1,1,SF60653,2026-07-01 0:00
M,USD,MXN,2009-06-21,13.3694,1,1,SF60653,2026-07-01 0:00
M,USD,MXN,2009-06-22,13.3694,1,1,SF60653,2026-07-01 0:00
M,USD,MXN,2009-06-23,13.3248,1,1,SF60653,2026-07-01 0:00
M,USD,MXN,2009-06-24,13.3782,1,1,SF60653,2026-07-01 0:00
M,USD,MXN,2009-06-25,13.3187,1,1,SF60653,2026-07-01 0:00
M,USD,MXN,2009-06-26,13.3051,1,1,SF60653,2026-07-01 0:00
M,USD,MXN,2009-06-27,13.2778,1,1,SF60653,2026-07-01 0:00
M,USD,MXN,2009-06-28,13.2778,1,1,SF60653,2026-07-01 0:00
M,USD,MXN,2009-06-29,13.2778,1,1,SF60653,2026-07-01 0:00
M,USD,MXN,2009-06-30,13.2023,1,1,SF60653,2026-07-01 0:00
M,USD,MXN,2009-07-01,13.1812,1,1,SF60653,2026-07-01 0:00
M,USD,MXN,2009-07-02,13.1722,1,1,SF60653,2026-07-01 0:00
M,USD,MXN,2009-07-03,13.0972,1,1,SF60653,2026-07-01 0:00
M,USD,MXN,2009-07-04,13.1695,1,1,SF60653,2026-07-01 0:00
M,USD,MXN,2009-07-05,13.1695,1,1,SF60653,2026-07-01 0:00
M,USD,MXN,2009-07-06,13.1695,1,1,SF60653,2026-07-01 0:00
M,USD,MXN,2009-07-07,13.2428,1,1,SF60653,2026-07-01 0:00
M,USD,MXN,2009-07-08,13.2547,1,1,SF60653,2026-07-01 0:00
M,USD,MXN,2009-07-09,13.2724,1,1,SF60653,2026-07-01 0:00
M,USD,MXN,2009-07-10,13.4333,1,1,SF60653,2026-07-01 0:00
M,USD,MXN,2009-07-11,13.5758,1,1,SF60653,2026-07-01 0:00
M,USD,MXN,2009-07-12,13.5758,1,1,SF60653,2026-07-01 0:00
M,USD,MXN,2009-07-13,13.5758,1,1,SF60653,2026-07-01 0:00
M,USD,MXN,2009-07-14,13.7052,1,1,SF60653,2026-07-01 0:00
M,USD,MXN,2009-07-15,13.8105,1,1,SF60653,2026-07-01 0:00
M,USD,MXN,2009-07-16,13.7645,1,1,SF60653,2026-07-01 0:00
M,USD,MXN,2009-07-17,13.6526,1,1,SF60653,2026-07-01 0:00
M,USD,MXN,2009-07-18,13.587,1,1,SF60653,2026-07-01 0:00
M,USD,MXN,2009-07-19,13.587,1,1,SF60653,2026-07-01 0:00
M,USD,MXN,2009-07-20,13.587,1,1,SF60653,2026-07-01 0:00
M,USD,MXN,2009-07-21,13.3895,1,1,SF60653,2026-07-01 0:00
M,USD,MXN,2009-07-22,13.3158,1,1,SF60653,2026-07-01 0:00
M,USD,MXN,2009-07-23,13.2879,1,1,SF60653,2026-07-01 0:00
M,USD,MXN,2009-07-24,13.2312,1,1,SF60653,2026-07-01 0:00
M,USD,MXN,2009-07-25,13.1915,1,1,SF60653,2026-07-01 0:00
M,USD,MXN,2009-07-26,13.1915,1,1,SF60653,2026-07-01 0:00
M,USD,MXN,2009-07-27,13.1915,1,1,SF60653,2026-07-01 0:00
M,USD,MXN,2009-07-28,13.2247,1,1,SF60653,2026-07-01 0:00
M,USD,MXN,2009-07-29,13.2167,1,1,SF60653,2026-07-01 0:00
M,USD,MXN,2009-07-30,13.2825,1,1,SF60653,2026-07-01 0:00
M,USD,MXN,2009-07-31,13.2643,1,1,SF60653,2026-07-01 0:00
M,USD,MXN,2009-08-01,13.2223,1,1,SF60653,2026-07-01 0:00
M,USD,MXN,2009-08-02,13.2223,1,1,SF60653,2026-07-01 0:00
M,USD,MXN,2009-08-03,13.2223,1,1,SF60653,2026-07-01 0:00
M,USD,MXN,2009-08-04,13.2125,1,1,SF60653,2026-07-01 0:00
M,USD,MXN,2009-08-05,13.1293,1,1,SF60653,2026-07-01 0:00
M,USD,MXN,2009-08-06,13.1073,1,1,SF60653,2026-07-01 0:00
M,USD,MXN,2009-08-07,13.105,1,1,SF60653,2026-07-01 0:00
M,USD,MXN,2009-08-08,12.9926,1,1,SF60653,2026-07-01 0:00
M,USD,MXN,2009-08-09,12.9926,1,1,SF60653,2026-07-01 0:00
M,USD,MXN,2009-08-10,12.9926,1,1,SF60653,2026-07-01 0:00
M,USD,MXN,2009-08-11,12.9349,1,1,SF60653,2026-07-01 0:00
M,USD,MXN,2009-08-12,12.922,1,1,SF60653,2026-07-01 0:00
M,USD,MXN,2009-08-13,12.9937,1,1,SF60653,2026-07-01 0:00
M,USD,MXN,2009-08-14,12.997,1,1,SF60653,2026-07-01 0:00
M,USD,MXN,2009-08-15,12.8658,1,1,SF60653,2026-07-01 0:00
M,USD,MXN,2009-08-16,12.8658,1,1,SF60653,2026-07-01 0:00
M,USD,MXN,2009-08-17,12.8658,1,1,SF60653,2026-07-01 0:00
M,USD,MXN,2009-08-18,12.8766,1,1,SF60653,2026-07-01 0:00
M,USD,MXN,2009-08-19,12.9963,1,1,SF60653,2026-07-01 0:00
M,USD,MXN,2009-08-20,12.9555,1,1,SF60653,2026-07-01 0:00
M,USD,MXN,2009-08-21,12.9159,1,1,SF60653,2026-07-01 0:00
M,USD,MXN,2009-08-22,12.8733,1,1,SF60653,2026-07-01 0:00
M,USD,MXN,2009-08-23,12.8733,1,1,SF60653,2026-07-01 0:00
M,USD,MXN,2009-08-24,12.8733,1,1,SF60653,2026-07-01 0:00
M,USD,MXN,2009-08-25,12.8227,1,1,SF60653,2026-07-01 0:00
M,USD,MXN,2009-08-26,12.8274,1,1,SF60653,2026-07-01 0:00
M,USD,MXN,2009-08-27,12.8975,1,1,SF60653,2026-07-01 0:00
M,USD,MXN,2009-08-28,13.1378,1,1,SF60653,2026-07-01 0:00
M,USD,MXN,2009-08-29,13.2462,1,1,SF60653,2026-07-01 0:00
M,USD,MXN,2009-08-30,13.2462,1,1,SF60653,2026-07-01 0:00
M,USD,MXN,2009-08-31,13.2462,1,1,SF60653,2026-07-01 0:00
M,USD,MXN,2009-09-01,13.2579,1,1,SF60653,2026-07-01 0:00
M,USD,MXN,2009-09-02,13.314,1,1,SF60653,2026-07-01 0:00
M,USD,MXN,2009-09-03,13.5246,1,1,SF60653,2026-07-01 0:00
M,USD,MXN,2009-09-04,13.6427,1,1,SF60653,2026-07-01 0:00
M,USD,MXN,2009-09-05,13.5898,1,1,SF60653,2026-07-01 0:00
M,USD,MXN,2009-09-06,13.5898,1,1,SF60653,2026-07-01 0:00
M,USD,MXN,2009-09-07,13.5898,1,1,SF60653,2026-07-01 0:00
M,USD,MXN,2009-09-08,13.4658,1,1,SF60653,2026-07-01 0:00
M,USD,MXN,2009-09-09,13.3646,1,1,SF60653,2026-07-01 0:00
M,USD,MXN,2009-09-10,13.2826,1,1,SF60653,2026-07-01 0:00
M,USD,MXN,2009-09-11,13.3923,1,1,SF60653,2026-07-01 0:00
M,USD,MXN,2009-09-12,13.4582,1,1,SF60653,2026-07-01 0:00
M,USD,MXN,2009-09-13,13.4582,1,1,SF60653,2026-07-01 0:00
M,USD,MXN,2009-09-14,13.4582,1,1,SF60653,2026-07-01 0:00
M,USD,MXN,2009-09-15,13.3432,1,1,SF60653,2026-07-01 0:00
M,USD,MXN,2009-09-16,13.3892,1,1,SF60653,2026-07-01 0:00
M,USD,MXN,2009-09-17,13.3892,1,1,SF60653,2026-07-01 0:00
M,USD,MXN,2009-09-18,13.3475,1,1,SF60653,2026-07-01 0:00
M,USD,MXN,2009-09-19,13.23,1,1,SF60653,2026-07-01 0:00
M,USD,MXN,2009-09-20,13.23,1,1,SF60653,2026-07-01 0:00
M,USD,MXN,2009-09-21,13.23,1,1,SF60653,2026-07-01 0:00
M,USD,MXN,2009-09-22,13.2413,1,1,SF60653,2026-07-01 0:00
M,USD,MXN,2009-09-23,13.353,1,1,SF60653,2026-07-01 0:00
M,USD,MXN,2009-09-24,13.3186,1,1,SF60653,2026-07-01 0:00
M,USD,MXN,2009-09-25,13.3733,1,1,SF60653,2026-07-01 0:00
M,USD,MXN,2009-09-26,13.4549,1,1,SF60653,2026-07-01 0:00
M,USD,MXN,2009-09-27,13.4549,1,1,SF60653,2026-07-01 0:00
M,USD,MXN,2009-09-28,13.4549,1,1,SF60653,2026-07-01 0:00
M,USD,MXN,2009-09-29,13.5243,1,1,SF60653,2026-07-01 0:00
M,USD,MXN,2009-09-30,13.5042,1,1,SF60653,2026-07-01 0:00
M,USD,MXN,2009-10-01,13.5513,1,1,SF60653,2026-07-01 0:00
M,USD,MXN,2009-10-02,13.4928,1,1,SF60653,2026-07-01 0:00
M,USD,MXN,2009-10-03,13.6242,1,1,SF60653,2026-07-01 0:00
M,USD,MXN,2009-10-04,13.6242,1,1,SF60653,2026-07-01 0:00
M,USD,MXN,2009-10-05,13.6242,1,1,SF60653,2026-07-01 0:00
M,USD,MXN,2009-10-06,13.6773,1,1,SF60653,2026-07-01 0:00
M,USD,MXN,2009-10-07,13.655,1,1,SF60653,2026-07-01 0:00
M,USD,MXN,2009-10-08,13.4943,1,1,SF60653,2026-07-01 0:00
M,USD,MXN,2009-10-09,13.4673,1,1,SF60653,2026-07-01 0:00
M,USD,MXN,2009-10-10,13.3227,1,1,SF60653,2026-07-01 0:00
M,USD,MXN,2009-10-11,13.3227,1,1,SF60653,2026-07-01 0:00
M,USD,MXN,2009-10-12,13.3227,1,1,SF60653,2026-07-01 0:00
M,USD,MXN,2009-10-13,13.255,1,1,SF60653,2026-07-01 0:00
M,USD,MXN,2009-10-14,13.2178,1,1,SF60653,2026-07-01 0:00
M,USD,MXN,2009-10-15,13.1774,1,1,SF60653,2026-07-01 0:00
M,USD,MXN,2009-10-16,13.0779,1,1,SF60653,2026-07-01 0:00
M,USD,MXN,2009-10-17,13.0884,1,1,SF60653,2026-07-01 0:00
M,USD,MXN,2009-10-18,13.0884,1,1,SF60653,2026-07-01 0:00
M,USD,MXN,2009-10-19,13.0884,1,1,SF60653,2026-07-01 0:00
M,USD,MXN,2009-10-20,13.1057,1,1,SF60653,2026-07-01 0:00
M,USD,MXN,2009-10-21,13.084,1,1,SF60653,2026-07-01 0:00
M,USD,MXN,2009-10-22,12.9407,1,1,SF60653,2026-07-01 0:00
M,USD,MXN,2009-10-23,12.9196,1,1,SF60653,2026-07-01 0:00
M,USD,MXN,2009-10-24,12.9495,1,1,SF60653,2026-07-01 0:00
M,USD,MXN,2009-10-25,12.9495,1,1,SF60653,2026-07-01 0:00
M,USD,MXN,2009-10-26,12.9495,1,1,SF60653,2026-07-01 0:00
M,USD,MXN,2009-10-27,12.9798,1,1,SF60653,2026-07-01 0:00
M,USD,MXN,2009-10-28,13.149,1,1,SF60653,2026-07-01 0:00
M,USD,MXN,2009-10-29,13.2662,1,1,SF60653,2026-07-01 0:00
M,USD,MXN,2009-10-30,13.2823,1,1,SF60653,2026-07-01 0:00
M,USD,MXN,2009-10-31,13.0825,1,1,SF60653,2026-07-01 0:00
M,USD,MXN,2009-11-01,13.0825,1,1,SF60653,2026-07-01 0:00
M,USD,MXN,2009-11-02,13.0825,1,1,SF60653,2026-07-01 0:00
M,USD,MXN,2009-11-03,13.0825,1,1,SF60653,2026-07-01 0:00
M,USD,MXN,2009-11-04,13.1479,1,1,SF60653,2026-07-01 0:00
M,USD,MXN,2009-11-05,13.2908,1,1,SF60653,2026-07-01 0:00
M,USD,MXN,2009-11-06,13.2708,1,1,SF60653,2026-07-01 0:00
M,USD,MXN,2009-11-07,13.343,1,1,SF60653,2026-07-01 0:00
M,USD,MXN,2009-11-08,13.343,1,1,SF60653,2026-07-01 0:00
M,USD,MXN,2009-11-09,13.343,1,1,SF60653,2026-07-01 0:00
M,USD,MXN,2009-11-10,13.3758,1,1,SF60653,2026-07-01 0:00
M,USD,MXN,2009-11-11,13.2996,1,1,SF60653,2026-07-01 0:00
M,USD,MXN,2009-11-12,13.2308,1,1,SF60653,2026-07-01 0:00
M,USD,MXN,2009-11-13,13.1622,1,1,SF60653,2026-07-01 0:00
M,USD,MXN,2009-11-14,13.2061,1,1,SF60653,2026-07-01 0:00
M,USD,MXN,2009-11-15,13.2061,1,1,SF60653,2026-07-01 0:00
M,USD,MXN,2009-11-16,13.2061,1,1,SF60653,2026-07-01 0:00
M,USD,MXN,2009-11-17,13.2061,1,1,SF60653,2026-07-01 0:00
M,USD,MXN,2009-11-18,13.1012,1,1,SF60653,2026-07-01 0:00
M,USD,MXN,2009-11-19,13.0875,1,1,SF60653,2026-07-01 0:00
M,USD,MXN,2009-11-20,12.9818,1,1,SF60653,2026-07-01 0:00
M,USD,MXN,2009-11-21,13.0502,1,1,SF60653,2026-07-01 0:00
M,USD,MXN,2009-11-22,13.0502,1,1,SF60653,2026-07-01 0:00
M,USD,MXN,2009-11-23,13.0502,1,1,SF60653,2026-07-01 0:00
M,USD,MXN,2009-11-24,13.0895,1,1,SF60653,2026-07-01 0:00
M,USD,MXN,2009-11-25,13.0151,1,1,SF60653,2026-07-01 0:00
M,USD,MXN,2009-11-26,12.9305,1,1,SF60653,2026-07-01 0:00
M,USD,MXN,2009-11-27,12.866,1,1,SF60653,2026-07-01 0:00
M,USD,MXN,2009-11-28,12.9475,1,1,SF60653,2026-07-01 0:00
M,USD,MXN,2009-11-29,12.9475,1,1,SF60653,2026-07-01 0:00
M,USD,MXN,2009-11-30,12.9475,1,1,SF60653,2026-07-01 0:00
M,USD,MXN,2009-12-01,12.9139,1,1,SF60653,2026-07-01 0:00
M,USD,MXN,2009-12-02,12.9157,1,1,SF60653,2026-07-01 0:00
M,USD,MXN,2009-12-03,12.8557,1,1,SF60653,2026-07-01 0:00
M,USD,MXN,2009-12-04,12.8026,1,1,SF60653,2026-07-01 0:00
M,USD,MXN,2009-12-05,12.6658,1,1,SF60653,2026-07-01 0:00
M,USD,MXN,2009-12-06,12.6658,1,1,SF60653,2026-07-01 0:00
M,USD,MXN,2009-12-07,12.6658,1,1,SF60653,2026-07-01 0:00
M,USD,MXN,2009-12-08,12.5969,1,1,SF60653,2026-07-01 0:00
M,USD,MXN,2009-12-09,12.6558,1,1,SF60653,2026-07-01 0:00
M,USD,MXN,2009-12-10,12.8399,1,1,SF60653,2026-07-01 0:00
M,USD,MXN,2009-12-11,12.9862,1,1,SF60653,2026-07-01 0:00
M,USD,MXN,2009-12-12,12.9739,1,1,SF60653,2026-07-01 0:00
M,USD,MXN,2009-12-13,12.9739,1,1,SF60653,2026-07-01 0:00
M,USD,MXN,2009-12-14,12.9739,1,1,SF60653,2026-07-01 0:00
M,USD,MXN,2009-12-15,12.9253,1,1,SF60653,2026-07-01 0:00
M,USD,MXN,2009-12-16,12.8105,1,1,SF60653,2026-07-01 0:00
M,USD,MXN,2009-12-17,12.7234,1,1,SF60653,2026-07-01 0:00
M,USD,MXN,2009-12-18,12.698,1,1,SF60653,2026-07-01 0:00
M,USD,MXN,2009-12-19,12.9331,1,1,SF60653,2026-07-01 0:00
M,USD,MXN,2009-12-20,12.9331,1,1,SF60653,2026-07-01 0:00
M,USD,MXN,2009-12-21,12.9331,1,1,SF60653,2026-07-01 0:00
M,USD,MXN,2009-12-22,12.8979,1,1,SF60653,2026-07-01 0:00
M,USD,MXN,2009-12-23,12.8121,1,1,SF60653,2026-07-01 0:00
M,USD,MXN,2009-12-24,12.9449,1,1,SF60653,2026-07-01 0:00
M,USD,MXN,2009-12-25,12.8896,1,1,SF60653,2026-07-01 0:00
M,USD,MXN,2009-12-26,12.8896,1,1,SF60653,2026-07-01 0:00
M,USD,MXN,2009-12-27,12.8896,1,1,SF60653,2026-07-01 0:00
M,USD,MXN,2009-12-28,12.8896,1,1,SF60653,2026-07-01 0:00
M,USD,MXN,2009-12-29,12.8793,1,1,SF60653,2026-07-01 0:00
M,USD,MXN,2009-12-30,12.9288,1,1,SF60653,2026-07-01 0:00
M,USD,MXN,2009-12-31,13.0587,1,1,SF60653,2026-07-01 0:00
M,USD,MXN,2010-01-01,13.0437,1,1,SF60653,2026-07-01 0:00
M,USD,MXN,2010-01-02,13.0437,1,1,SF60653,2026-07-01 0:00
M,USD,MXN,2010-01-03,13.0437,1,1,SF60653,2026-07-01 0:00
M,USD,MXN,2010-01-04,13.0437,1,1,SF60653,2026-07-01 0:00
M,USD,MXN,2010-01-05,13.0659,1,1,SF60653,2026-07-01 0:00
M,USD,MXN,2010-01-06,12.9226,1,1,SF60653,2026-07-01 0:00
M,USD,MXN,2010-01-07,12.8241,1,1,SF60653,2026-07-01 0:00
M,USD,MXN,2010-01-08,12.7489,1,1,SF60653,2026-07-01 0:00
M,USD,MXN,2010-01-09,12.7646,1,1,SF60653,2026-07-01 0:00
M,USD,MXN,2010-01-10,12.7646,1,1,SF60653,2026-07-01 0:00
M,USD,MXN,2010-01-11,12.7646,1,1,SF60653,2026-07-01 0:00
M,USD,MXN,2010-01-12,12.7243,1,1,SF60653,2026-07-01 0:00
M,USD,MXN,2010-01-13,12.6692,1,1,SF60653,2026-07-01 0:00
M,USD,MXN,2010-01-14,12.7291,1,1,SF60653,2026-07-01 0:00
M,USD,MXN,2010-01-15,12.7698,1,1,SF60653,2026-07-01 0:00
M,USD,MXN,2010-01-16,12.7364,1,1,SF60653,2026-07-01 0:00
M,USD,MXN,2010-01-17,12.7364,1,1,SF60653,2026-07-01 0:00
M,USD,MXN,2010-01-18,12.7364,1,1,SF60653,2026-07-01 0:00
M,USD,MXN,2010-01-19,12.6884,1,1,SF60653,2026-07-01 0:00
M,USD,MXN,2010-01-20,12.6664,1,1,SF60653,2026-07-01 0:00
M,USD,MXN,2010-01-21,12.6478,1,1,SF60653,2026-07-01 0:00
M,USD,MXN,2010-01-22,12.7388,1,1,SF60653,2026-07-01 0:00
M,USD,MXN,2010-01-23,12.772,1,1,SF60653,2026-07-01 0:00
M,USD,MXN,2010-01-24,12.772,1,1,SF60653,2026-07-01 0:00
M,USD,MXN,2010-01-25,12.772,1,1,SF60653,2026-07-01 0:00
M,USD,MXN,2010-01-26,12.9412,1,1,SF60653,2026-07-01 0:00
M,USD,MXN,2010-01-27,12.9018,1,1,SF60653,2026-07-01 0:00
M,USD,MXN,2010-01-28,12.8549,1,1,SF60653,2026-07-01 0:00
M,USD,MXN,2010-01-29,12.9295,1,1,SF60653,2026-07-01 0:00
M,USD,MXN,2010-01-30,12.9975,1,1,SF60653,2026-07-01 0:00
M,USD,MXN,2010-01-31,12.9975,1,1,SF60653,2026-07-01 0:00
M,USD,MXN,2010-02-01,12.9975,1,1,SF60653,2026-07-01 0:00
M,USD,MXN,2010-02-02,12.9975,1,1,SF60653,2026-07-01 0:00
M,USD,MXN,2010-02-03,13.0098,1,1,SF60653,2026-07-01 0:00
M,USD,MXN,2010-02-04,12.8699,1,1,SF60653,2026-07-01 0:00
M,USD,MXN,2010-02-05,12.9395,1,1,SF60653,2026-07-01 0:00
M,USD,MXN,2010-02-06,13.0687,1,1,SF60653,2026-07-01 0:00
M,USD,MXN,2010-02-07,13.0687,1,1,SF60653,2026-07-01 0:00
M,USD,MXN,2010-02-08,13.0687,1,1,SF60653,2026-07-01 0:00
M,USD,MXN,2010-02-09,13.1753,1,1,SF60653,2026-07-01 0:00
M,USD,MXN,2010-02-10,13.164,1,1,SF60653,2026-07-01 0:00
M,USD,MXN,2010-02-11,13.0836,1,1,SF60653,2026-07-01 0:00
M,USD,MXN,2010-02-12,13.0601,1,1,SF60653,2026-07-01 0:00
M,USD,MXN,2010-02-13,13.0609,1,1,SF60653,2026-07-01 0:00
M,USD,MXN,2010-02-14,13.0609,1,1,SF60653,2026-07-01 0:00
M,USD,MXN,2010-02-15,13.0609,1,1,SF60653,2026-07-01 0:00
M,USD,MXN,2010-02-16,12.9764,1,1,SF60653,2026-07-01 0:00
M,USD,MXN,2010-02-17,12.942,1,1,SF60653,2026-07-01 0:00
M,USD,MXN,2010-02-18,12.8683,1,1,SF60653,2026-07-01 0:00
M,USD,MXN,2010-02-19,12.8781,1,1,SF60653,2026-07-01 0:00
M,USD,MXN,2010-02-20,12.8442,1,1,SF60653,2026-07-01 0:00
M,USD,MXN,2010-02-21,12.8442,1,1,SF60653,2026-07-01 0:00
M,USD,MXN,2010-02-22,12.8442,1,1,SF60653,2026-07-01 0:00
M,USD,MXN,2010-02-23,12.8337,1,1,SF60653,2026-07-01 0:00
M,USD,MXN,2010-02-24,12.8017,1,1,SF60653,2026-07-01 0:00
M,USD,MXN,2010-02-25,12.8584,1,1,SF60653,2026-07-01 0:00
M,USD,MXN,2010-02-26,12.8539,1,1,SF60653,2026-07-01 0:00
M,USD,MXN,2010-02-27,12.8503,1,1,SF60653,2026-07-01 0:00
M,USD,MXN,2010-02-28,12.8503,1,1,SF60653,2026-07-01 0:00
M,USD,MXN,2010-03-01,12.8503,1,1,SF60653,2026-07-01 0:00
M,USD,MXN,2010-03-02,12.7769,1,1,SF60653,2026-07-01 0:00
M,USD,MXN,2010-03-03,12.7454,1,1,SF60653,2026-07-01 0:00
M,USD,MXN,2010-03-04,12.7259,1,1,SF60653,2026-07-01 0:00
M,USD,MXN,2010-03-05,12.69,1,1,SF60653,2026-07-01 0:00
M,USD,MXN,2010-03-06,12.7182,1,1,SF60653,2026-07-01 0:00
M,USD,MXN,2010-03-07,12.7182,1,1,SF60653,2026-07-01 0:00
M,USD,MXN,2010-03-08,12.7182,1,1,SF60653,2026-07-01 0:00
M,USD,MXN,2010-03-09,12.6557,1,1,SF60653,2026-07-01 0:00
M,USD,MXN,2010-03-10,12.6618,1,1,SF60653,2026-07-01 0:00
M,USD,MXN,2010-03-11,12.6574,1,1,SF60653,2026-07-01 0:00
M,USD,MXN,2010-03-12,12.6028,1,1,SF60653,2026-07-01 0:00
M,USD,MXN,2010-03-13,12.6192,1,1,SF60653,2026-07-01 0:00
M,USD,MXN,2010-03-14,12.6192,1,1,SF60653,2026-07-01 0:00
M,USD,MXN,2010-03-15,12.6192,1,1,SF60653,2026-07-01 0:00
M,USD,MXN,2010-03-16,12.6192,1,1,SF60653,2026-07-01 0:00
M,USD,MXN,2010-03-17,12.5527,1,1,SF60653,2026-07-01 0:00
M,USD,MXN,2010-03-18,12.5254,1,1,SF60653,2026-07-01 0:00
M,USD,MXN,2010-03-19,12.4892,1,1,SF60653,2026-07-01 0:00
M,USD,MXN,2010-03-20,12.4729,1,1,SF60653,2026-07-01 0:00
M,USD,MXN,2010-03-21,12.4729,1,1,SF60653,2026-07-01 0:00
M,USD,MXN,2010-03-22,12.4729,1,1,SF60653,2026-07-01 0:00
M,USD,MXN,2010-03-23,12.5796,1,1,SF60653,2026-07-01 0:00
M,USD,MXN,2010-03-24,12.6052,1,1,SF60653,2026-07-01 0:00
M,USD,MXN,2010-03-25,12.5284,1,1,SF60653,2026-07-01 0:00
M,USD,MXN,2010-03-26,12.5381,1,1,SF60653,2026-07-01 0:00
M,USD,MXN,2010-03-27,12.5009,1,1,SF60653,2026-07-01 0:00
M,USD,MXN,2010-03-28,12.5009,1,1,SF60653,2026-07-01 0:00
M,USD,MXN,2010-03-29,12.5009,1,1,SF60653,2026-07-01 0:00
M,USD,MXN,2010-03-30,12.5426,1,1,SF60653,2026-07-01 0:00
M,USD,MXN,2010-03-31,12.464,1,1,SF60653,2026-07-01 0:00
M,USD,MXN,2010-04-01,12.4145,1,1,SF60653,2026-07-01 0:00
M,USD,MXN,2010-04-02,12.4145,1,1,SF60653,2026-07-01 0:00
M,USD,MXN,2010-04-03,12.4145,1,1,SF60653,2026-07-01 0:00
M,USD,MXN,2010-04-04,12.4145,1,1,SF60653,2026-07-01 0:00
M,USD,MXN,2010-04-05,12.4145,1,1,SF60653,2026-07-01 0:00
M,USD,MXN,2010-04-06,12.3306,1,1,SF60653,2026-07-01 0:00
M,USD,MXN,2010-04-07,12.2658,1,1,SF60653,2026-07-01 0:00
M,USD,MXN,2010-04-08,12.2454,1,1,SF60653,2026-07-01 0:00
M,USD,MXN,2010-04-09,12.2218,1,1,SF60653,2026-07-01 0:00
M,USD,MXN,2010-04-10,12.2488,1,1,SF60653,2026-07-01 0:00
M,USD,MXN,2010-04-11,12.2488,1,1,SF60653,2026-07-01 0:00
M,USD,MXN,2010-04-12,12.2488,1,1,SF60653,2026-07-01 0:00
M,USD,MXN,2010-04-13,12.1997,1,1,SF60653,2026-07-01 0:00
M,USD,MXN,2010-04-14,12.1808,1,1,SF60653,2026-07-01 0:00
M,USD,MXN,2010-04-15,12.2122,1,1,SF60653,2026-07-01 0:00
M,USD,MXN,2010-04-16,12.1827,1,1,SF60653,2026-07-01 0:00
M,USD,MXN,2010-04-17,12.1934,1,1,SF60653,2026-07-01 0:00
M,USD,MXN,2010-04-18,12.1934,1,1,SF60653,2026-07-01 0:00
M,USD,MXN,2010-04-19,12.1934,1,1,SF60653,2026-07-01 0:00
M,USD,MXN,2010-04-20,12.2356,1,1,SF60653,2026-07-01 0:00
M,USD,MXN,2010-04-21,12.3064,1,1,SF60653,2026-07-01 0:00
M,USD,MXN,2010-04-22,12.2188,1,1,SF60653,2026-07-01 0:00
M,USD,MXN,2010-04-23,12.1896,1,1,SF60653,2026-07-01 0:00
M,USD,MXN,2010-04-24,12.2405,1,1,SF60653,2026-07-01 0:00
M,USD,MXN,2010-04-25,12.2405,1,1,SF60653,2026-07-01 0:00
M,USD,MXN,2010-04-26,12.2405,1,1,SF60653,2026-07-01 0:00
M,USD,MXN,2010-04-27,12.1973,1,1,SF60653,2026-07-01 0:00
M,USD,MXN,2010-04-28,12.1575,1,1,SF60653,2026-07-01 0:00
M,USD,MXN,2010-04-29,12.2278,1,1,SF60653,2026-07-01 0:00
M,USD,MXN,2010-04-30,12.3698,1,1,SF60653,2026-07-01 0:00
M,USD,MXN,2010-05-01,12.2465,1,1,SF60653,2026-07-01 0:00
M,USD,MXN,2010-05-02,12.2465,1,1,SF60653,2026-07-01 0:00
M,USD,MXN,2010-05-03,12.2465,1,1,SF60653,2026-07-01 0:00
M,USD,MXN,2010-05-04,12.2626,1,1,SF60653,2026-07-01 0:00
M,USD,MXN,2010-05-05,12.2605,1,1,SF60653,2026-07-01 0:00
M,USD,MXN,2010-05-06,12.4288,1,1,SF60653,2026-07-01 0:00
M,USD,MXN,2010-05-07,12.6635,1,1,SF60653,2026-07-01 0:00
M,USD,MXN,2010-05-08,12.7884,1,1,SF60653,2026-07-01 0:00
M,USD,MXN,2010-05-09,12.7884,1,1,SF60653,2026-07-01 0:00
M,USD,MXN,2010-05-10,12.7884,1,1,SF60653,2026-07-01 0:00
M,USD,MXN,2010-05-11,12.9179,1,1,SF60653,2026-07-01 0:00
M,USD,MXN,2010-05-12,12.5297,1,1,SF60653,2026-07-01 0:00
M,USD,MXN,2010-05-13,12.5025,1,1,SF60653,2026-07-01 0:00
M,USD,MXN,2010-05-14,12.4351,1,1,SF60653,2026-07-01 0:00
M,USD,MXN,2010-05-15,12.3501,1,1,SF60653,2026-07-01 0:00
M,USD,MXN,2010-05-16,12.3501,1,1,SF60653,2026-07-01 0:00
M,USD,MXN,2010-05-17,12.3501,1,1,SF60653,2026-07-01 0:00
M,USD,MXN,2010-05-18,12.5684,1,1,SF60653,2026-07-01 0:00
M,USD,MXN,2010-05-19,12.6926,1,1,SF60653,2026-07-01 0:00
M,USD,MXN,2010-05-20,12.5787,1,1,SF60653,2026-07-01 0:00
M,USD,MXN,2010-05-21,12.9138,1,1,SF60653,2026-07-01 0:00
M,USD,MXN,2010-05-22,13.1412,1,1,SF60653,2026-07-01 0:00
M,USD,MXN,2010-05-23,13.1412,1,1,SF60653,2026-07-01 0:00
M,USD,MXN,2010-05-24,13.1412,1,1,SF60653,2026-07-01 0:00
M,USD,MXN,2010-05-25,13.0338,1,1,SF60653,2026-07-01 0:00
M,USD,MXN,2010-05-26,12.9588,1,1,SF60653,2026-07-01 0:00
M,USD,MXN,2010-05-27,13.1819,1,1,SF60653,2026-07-01 0:00
M,USD,MXN,2010-05-28,12.9955,1,1,SF60653,2026-07-01 0:00
M,USD,MXN,2010-05-29,12.8846,1,1,SF60653,2026-07-01 0:00
M,USD,MXN,2010-05-30,12.8846,1,1,SF60653,2026-07-01 0:00
M,USD,MXN,2010-05-31,12.8846,1,1,SF60653,2026-07-01 0:00
M,USD,MXN,2010-06-01,12.8589,1,1,SF60653,2026-07-01 0:00
M,USD,MXN,2010-06-02,12.9146,1,1,SF60653,2026-07-01 0:00
M,USD,MXN,2010-06-03,12.9012,1,1,SF60653,2026-07-01 0:00
M,USD,MXN,2010-06-04,12.8625,1,1,SF60653,2026-07-01 0:00
M,USD,MXN,2010-06-05,12.7644,1,1,SF60653,2026-07-01 0:00
M,USD,MXN,2010-06-06,12.7644,1,1,SF60653,2026-07-01 0:00
M,USD,MXN,2010-06-07,12.7644,1,1,SF60653,2026-07-01 0:00
M,USD,MXN,2010-06-08,12.8603,1,1,SF60653,2026-07-01 0:00
M,USD,MXN,2010-06-09,12.9202,1,1,SF60653,2026-07-01 0:00
M,USD,MXN,2010-06-10,12.9288,1,1,SF60653,2026-07-01 0:00
M,USD,MXN,2010-06-11,12.8093,1,1,SF60653,2026-07-01 0:00
M,USD,MXN,2010-06-12,12.7441,1,1,SF60653,2026-07-01 0:00
M,USD,MXN,2010-06-13,12.7441,1,1,SF60653,2026-07-01 0:00
M,USD,MXN,2010-06-14,12.7441,1,1,SF60653,2026-07-01 0:00
M,USD,MXN,2010-06-15,12.6748,1,1,SF60653,2026-07-01 0:00
M,USD,MXN,2010-06-16,12.5974,1,1,SF60653,2026-07-01 0:00
M,USD,MXN,2010-06-17,12.6001,1,1,SF60653,2026-07-01 0:00
M,USD,MXN,2010-06-18,12.5878,1,1,SF60653,2026-07-01 0:00
M,USD,MXN,2010-06-19,12.5925,1,1,SF60653,2026-07-01 0:00
M,USD,MXN,2010-06-20,12.5925,1,1,SF60653,2026-07-01 0:00
M,USD,MXN,2010-06-21,12.5925,1,1,SF60653,2026-07-01 0:00
M,USD,MXN,2010-06-22,12.54,1,1,SF60653,2026-07-01 0:00
M,USD,MXN,2010-06-23,12.4604,1,1,SF60653,2026-07-01 0:00
M,USD,MXN,2010-06-24,12.5246,1,1,SF60653,2026-07-01 0:00
M,USD,MXN,2010-06-25,12.6984,1,1,SF60653,2026-07-01 0:00
M,USD,MXN,2010-06-26,12.7141,1,1,SF60653,2026-07-01 0:00
M,USD,MXN,2010-06-27,12.7141,1,1,SF60653,2026-07-01 0:00
M,USD,MXN,2010-06-28,12.7141,1,1,SF60653,2026-07-01 0:00
M,USD,MXN,2010-06-29,12.7042,1,1,SF60653,2026-07-01 0:00
M,USD,MXN,2010-06-30,12.6567,1,1,SF60653,2026-07-01 0:00
M,USD,MXN,2010-07-01,12.8394,1,1,SF60653,2026-07-01 0:00
M,USD,MXN,2010-07-02,12.8441,1,1,SF60653,2026-07-01 0:00
M,USD,MXN,2010-07-03,13.0325,1,1,SF60653,2026-07-01 0:00
M,USD,MXN,2010-07-04,13.0325,1,1,SF60653,2026-07-01 0:00
M,USD,MXN,2010-07-05,13.0325,1,1,SF60653,2026-07-01 0:00
M,USD,MXN,2010-07-06,13.059,1,1,SF60653,2026-07-01 0:00
M,USD,MXN,2010-07-07,13.0953,1,1,SF60653,2026-07-01 0:00
M,USD,MXN,2010-07-08,12.9308,1,1,SF60653,2026-07-01 0:00
M,USD,MXN,2010-07-09,12.8975,1,1,SF60653,2026-07-01 0:00
M,USD,MXN,2010-07-10,12.8232,1,1,SF60653,2026-07-01 0:00
M,USD,MXN,2010-07-11,12.8232,1,1,SF60653,2026-07-01 0:00
M,USD,MXN,2010-07-12,12.8232,1,1,SF60653,2026-07-01 0:00
M,USD,MXN,2010-07-13,12.7859,1,1,SF60653,2026-07-01 0:00
M,USD,MXN,2010-07-14,12.8233,1,1,SF60653,2026-07-01 0:00
M,USD,MXN,2010-07-15,12.714,1,1,SF60653,2026-07-01 0:00
M,USD,MXN,2010-07-16,12.7176,1,1,SF60653,2026-07-01 0:00
M,USD,MXN,2010-07-17,12.7795,1,1,SF60653,2026-07-01 0:00
M,USD,MXN,2010-07-18,12.7795,1,1,SF60653,2026-07-01 0:00
M,USD,MXN,2010-07-19,12.7795,1,1,SF60653,2026-07-01 0:00
M,USD,MXN,2010-07-20,12.9013,1,1,SF60653,2026-07-01 0:00
M,USD,MXN,2010-07-21,12.9162,1,1,SF60653,2026-07-01 0:00
M,USD,MXN,2010-07-22,12.8549,1,1,SF60653,2026-07-01 0:00
M,USD,MXN,2010-07-23,12.7798,1,1,SF60653,2026-07-01 0:00
M,USD,MXN,2010-07-24,12.756,1,1,SF60653,2026-07-01 0:00
M,USD,MXN,2010-07-25,12.756,1,1,SF60653,2026-07-01 0:00
M,USD,MXN,2010-07-26,12.756,1,1,SF60653,2026-07-01 0:00
M,USD,MXN,2010-07-27,12.7749,1,1,SF60653,2026-07-01 0:00
M,USD,MXN,2010-07-28,12.6975,1,1,SF60653,2026-07-01 0:00
M,USD,MXN,2010-07-29,12.6469,1,1,SF60653,2026-07-01 0:00
M,USD,MXN,2010-07-30,12.6798,1,1,SF60653,2026-07-01 0:00
M,USD,MXN,2010-07-31,12.7038,1,1,SF60653,2026-07-01 0:00
M,USD,MXN,2010-08-01,12.7038,1,1,SF60653,2026-07-01 0:00
M,USD,MXN,2010-08-02,12.7038,1,1,SF60653,2026-07-01 0:00
M,USD,MXN,2010-08-03,12.6455,1,1,SF60653,2026-07-01 0:00
M,USD,MXN,2010-08-04,12.5728,1,1,SF60653,2026-07-01 0:00
M,USD,MXN,2010-08-05,12.6048,1,1,SF60653,2026-07-01 0:00
M,USD,MXN,2010-08-06,12.5535,1,1,SF60653,2026-07-01 0:00
M,USD,MXN,2010-08-07,12.5367,1,1,SF60653,2026-07-01 0:00
M,USD,MXN,2010-08-08,12.5367,1,1,SF60653,2026-07-01 0:00
M,USD,MXN,2010-08-09,12.5367,1,1,SF60653,2026-07-01 0:00
M,USD,MXN,2010-08-10,12.655,1,1,SF60653,2026-07-01 0:00
M,USD,MXN,2010-08-11,12.6461,1,1,SF60653,2026-07-01 0:00
M,USD,MXN,2010-08-12,12.6927,1,1,SF60653,2026-07-01 0:00
M,USD,MXN,2010-08-13,12.7432,1,1,SF60653,2026-07-01 0:00
M,USD,MXN,2010-08-14,12.7258,1,1,SF60653,2026-07-01 0:00
M,USD,MXN,2010-08-15,12.7258,1,1,SF60653,2026-07-01 0:00
M,USD,MXN,2010-08-16,12.7258,1,1,SF60653,2026-07-01 0:00
M,USD,MXN,2010-08-17,12.7256,1,1,SF60653,2026-07-01 0:00
M,USD,MXN,2010-08-18,12.6458,1,1,SF60653,2026-07-01 0:00
M,USD,MXN,2010-08-19,12.5944,1,1,SF60653,2026-07-01 0:00
M,USD,MXN,2010-08-20,12.6073,1,1,SF60653,2026-07-01 0:00
M,USD,MXN,2010-08-21,12.7226,1,1,SF60653,2026-07-01 0:00
M,USD,MXN,2010-08-22,12.7226,1,1,SF60653,2026-07-01 0:00
M,USD,MXN,2010-08-23,12.7226,1,1,SF60653,2026-07-01 0:00
M,USD,MXN,2010-08-24,12.7683,1,1,SF60653,2026-07-01 0:00
M,USD,MXN,2010-08-25,12.8492,1,1,SF60653,2026-07-01 0:00
M,USD,MXN,2010-08-26,12.936,1,1,SF60653,2026-07-01 0:00
M,USD,MXN,2010-08-27,13.0453,1,1,SF60653,2026-07-01 0:00
M,USD,MXN,2010-08-28,12.984,1,1,SF60653,2026-07-01 0:00
M,USD,MXN,2010-08-29,12.984,1,1,SF60653,2026-07-01 0:00
M,USD,MXN,2010-08-30,12.984,1,1,SF60653,2026-07-01 0:00
M,USD,MXN,2010-08-31,13.0148,1,1,SF60653,2026-07-01 0:00
M,USD,MXN,2010-09-01,13.1367,1,1,SF60653,2026-07-01 0:00
M,USD,MXN,2010-09-02,13.1676,1,1,SF60653,2026-07-01 0:00
M,USD,MXN,2010-09-03,13.0538,1,1,SF60653,2026-07-01 0:00
M,USD,MXN,2010-09-04,13.055,1,1,SF60653,2026-07-01 0:00
M,USD,MXN,2010-09-05,13.055,1,1,SF60653,2026-07-01 0:00
M,USD,MXN,2010-09-06,13.055,1,1,SF60653,2026-07-01 0:00
M,USD,MXN,2010-09-07,12.9526,1,1,SF60653,2026-07-01 0:00
M,USD,MXN,2010-09-08,12.9395,1,1,SF60653,2026-07-01 0:00
M,USD,MXN,2010-09-09,13.0566,1,1,SF60653,2026-07-01 0:00
M,USD,MXN,2010-09-10,13.0034,1,1,SF60653,2026-07-01 0:00
M,USD,MXN,2010-09-11,12.9853,1,1,SF60653,2026-07-01 0:00
M,USD,MXN,2010-09-12,12.9853,1,1,SF60653,2026-07-01 0:00
M,USD,MXN,2010-09-13,12.9853,1,1,SF60653,2026-07-01 0:00
M,USD,MXN,2010-09-14,12.9616,1,1,SF60653,2026-07-01 0:00
M,USD,MXN,2010-09-15,12.8729,1,1,SF60653,2026-07-01 0:00
M,USD,MXN,2010-09-16,12.8355,1,1,SF60653,2026-07-01 0:00
M,USD,MXN,2010-09-17,12.8355,1,1,SF60653,2026-07-01 0:00
M,USD,MXN,2010-09-18,12.8355,1,1,SF60653,2026-07-01 0:00
M,USD,MXN,2010-09-19,12.8355,1,1,SF60653,2026-07-01 0:00
M,USD,MXN,2010-09-20,12.8355,1,1,SF60653,2026-07-01 0:00
M,USD,MXN,2010-09-21,12.7793,1,1,SF60653,2026-07-01 0:00
M,USD,MXN,2010-09-22,12.7623,1,1,SF60653,2026-07-01 0:00
M,USD,MXN,2010-09-23,12.7594,1,1,SF60653,2026-07-01 0:00
M,USD,MXN,2010-09-24,12.6886,1,1,SF60653,2026-07-01 0:00
M,USD,MXN,2010-09-25,12.6422,1,1,SF60653,2026-07-01 0:00
M,USD,MXN,2010-09-26,12.6422,1,1,SF60653,2026-07-01 0:00
M,USD,MXN,2010-09-27,12.6422,1,1,SF60653,2026-07-01 0:00
M,USD,MXN,2010-09-28,12.5491,1,1,SF60653,2026-07-01 0:00
M,USD,MXN,2010-09-29,12.5168,1,1,SF60653,2026-07-01 0:00
M,USD,MXN,2010-09-30,12.5011,1,1,SF60653,2026-07-01 0:00
M,USD,MXN,2010-10-01,12.4801,1,1,SF60653,2026-07-01 0:00
M,USD,MXN,2010-10-02,12.5998,1,1,SF60653,2026-07-01 0:00
M,USD,MXN,2010-10-03,12.5998,1,1,SF60653,2026-07-01 0:00
M,USD,MXN,2010-10-04,12.5998,1,1,SF60653,2026-07-01 0:00
M,USD,MXN,2010-10-05,12.5511,1,1,SF60653,2026-07-01 0:00
M,USD,MXN,2010-10-06,12.5875,1,1,SF60653,2026-07-01 0:00
M,USD,MXN,2010-10-07,12.5099,1,1,SF60653,2026-07-01 0:00
M,USD,MXN,2010-10-08,12.4779,1,1,SF60653,2026-07-01 0:00
M,USD,MXN,2010-10-09,12.5277,1,1,SF60653,2026-07-01 0:00
M,USD,MXN,2010-10-10,12.5277,1,1,SF60653,2026-07-01 0:00
M,USD,MXN,2010-10-11,12.5277,1,1,SF60653,2026-07-01 0:00
M,USD,MXN,2010-10-12,12.4895,1,1,SF60653,2026-07-01 0:00
M,USD,MXN,2010-10-13,12.4224,1,1,SF60653,2026-07-01 0:00
M,USD,MXN,2010-10-14,12.432,1,1,SF60653,2026-07-01 0:00
M,USD,MXN,2010-10-15,12.3683,1,1,SF60653,2026-07-01 0:00
M,USD,MXN,2010-10-16,12.4101,1,1,SF60653,2026-07-01 0:00
M,USD,MXN,2010-10-17,12.4101,1,1,SF60653,2026-07-01 0:00
M,USD,MXN,2010-10-18,12.4101,1,1,SF60653,2026-07-01 0:00
M,USD,MXN,2010-10-19,12.4276,1,1,SF60653,2026-07-01 0:00
M,USD,MXN,2010-10-20,12.4135,1,1,SF60653,2026-07-01 0:00
M,USD,MXN,2010-10-21,12.4818,1,1,SF60653,2026-07-01 0:00
M,USD,MXN,2010-10-22,12.4117,1,1,SF60653,2026-07-01 0:00
M,USD,MXN,2010-10-23,12.3613,1,1,SF60653,2026-07-01 0:00
M,USD,MXN,2010-10-24,12.3613,1,1,SF60653,2026-07-01 0:00
M,USD,MXN,2010-10-25,12.3613,1,1,SF60653,2026-07-01 0:00
M,USD,MXN,2010-10-26,12.3877,1,1,SF60653,2026-07-01 0:00
M,USD,MXN,2010-10-27,12.3205,1,1,SF60653,2026-07-01 0:00
M,USD,MXN,2010-10-28,12.3859,1,1,SF60653,2026-07-01 0:00
M,USD,MXN,2010-10-29,12.4776,1,1,SF60653,2026-07-01 0:00
M,USD,MXN,2010-10-30,12.4023,1,1,SF60653,2026-07-01 0:00
M,USD,MXN,2010-10-31,12.4023,1,1,SF60653,2026-07-01 0:00
M,USD,MXN,2010-11-01,12.4023,1,1,SF60653,2026-07-01 0:00
M,USD,MXN,2010-11-02,12.3387,1,1,SF60653,2026-07-01 0:00
M,USD,MXN,2010-11-03,12.3387,1,1,SF60653,2026-07-01 0:00
M,USD,MXN,2010-11-04,12.3452,1,1,SF60653,2026-07-01 0:00
M,USD,MXN,2010-11-05,12.3041,1,1,SF60653,2026-07-01 0:00
M,USD,MXN,2010-11-06,12.2381,1,1,SF60653,2026-07-01 0:00
M,USD,MXN,2010-11-07,12.2381,1,1,SF60653,2026-07-01 0:00
M,USD,MXN,2010-11-08,12.2381,1,1,SF60653,2026-07-01 0:00
M,USD,MXN,2010-11-09,12.2055,1,1,SF60653,2026-07-01 0:00
M,USD,MXN,2010-11-10,12.2483,1,1,SF60653,2026-07-01 0:00
M,USD,MXN,2010-11-11,12.2068,1,1,SF60653,2026-07-01 0:00
M,USD,MXN,2010-11-12,12.2714,1,1,SF60653,2026-07-01 0:00
M,USD,MXN,2010-11-13,12.2596,1,1,SF60653,2026-07-01 0:00
M,USD,MXN,2010-11-14,12.2596,1,1,SF60653,2026-07-01 0:00
M,USD,MXN,2010-11-15,12.2596,1,1,SF60653,2026-07-01 0:00
M,USD,MXN,2010-11-16,12.2596,1,1,SF60653,2026-07-01 0:00
M,USD,MXN,2010-11-17,12.2626,1,1,SF60653,2026-07-01 0:00
M,USD,MXN,2010-11-18,12.4353,1,1,SF60653,2026-07-01 0:00
M,USD,MXN,2010-11-19,12.3783,1,1,SF60653,2026-07-01 0:00
M,USD,MXN,2010-11-20,12.2924,1,1,SF60653,2026-07-01 0:00
M,USD,MXN,2010-11-21,12.2924,1,1,SF60653,2026-07-01 0:00
M,USD,MXN,2010-11-22,12.2924,1,1,SF60653,2026-07-01 0:00
M,USD,MXN,2010-11-23,12.2996,1,1,SF60653,2026-07-01 0:00
M,USD,MXN,2010-11-24,12.309,1,1,SF60653,2026-07-01 0:00
M,USD,MXN,2010-11-25,12.4577,1,1,SF60653,2026-07-01 0:00
M,USD,MXN,2010-11-26,12.3912,1,1,SF60653,2026-07-01 0:00
M,USD,MXN,2010-11-27,12.3669,1,1,SF60653,2026-07-01 0:00
M,USD,MXN,2010-11-28,12.3669,1,1,SF60653,2026-07-01 0:00
M,USD,MXN,2010-11-29,12.3669,1,1,SF60653,2026-07-01 0:00
M,USD,MXN,2010-11-30,12.489,1,1,SF60653,2026-07-01 0:00
M,USD,MXN,2010-12-01,12.5538,1,1,SF60653,2026-07-01 0:00
M,USD,MXN,2010-12-02,12.4664,1,1,SF60653,2026-07-01 0:00
M,USD,MXN,2010-12-03,12.3967,1,1,SF60653,2026-07-01 0:00
M,USD,MXN,2010-12-04,12.3546,1,1,SF60653,2026-07-01 0:00
M,USD,MXN,2010-12-05,12.3546,1,1,SF60653,2026-07-01 0:00
M,USD,MXN,2010-12-06,12.3546,1,1,SF60653,2026-07-01 0:00
M,USD,MXN,2010-12-07,12.3597,1,1,SF60653,2026-07-01 0:00
M,USD,MXN,2010-12-08,12.3884,1,1,SF60653,2026-07-01 0:00
M,USD,MXN,2010-12-09,12.4123,1,1,SF60653,2026-07-01 0:00
M,USD,MXN,2010-12-10,12.4484,1,1,SF60653,2026-07-01 0:00
M,USD,MXN,2010-12-11,12.4586,1,1,SF60653,2026-07-01 0:00
M,USD,MXN,2010-12-12,12.4586,1,1,SF60653,2026-07-01 0:00
M,USD,MXN,2010-12-13,12.4586,1,1,SF60653,2026-07-01 0:00
M,USD,MXN,2010-12-14,12.4617,1,1,SF60653,2026-07-01 0:00
M,USD,MXN,2010-12-15,12.3869,1,1,SF60653,2026-07-01 0:00
M,USD,MXN,2010-12-16,12.3703,1,1,SF60653,2026-07-01 0:00
M,USD,MXN,2010-12-17,12.3963,1,1,SF60653,2026-07-01 0:00
M,USD,MXN,2010-12-18,12.4505,1,1,SF60653,2026-07-01 0:00
M,USD,MXN,2010-12-19,12.4505,1,1,SF60653,2026-07-01 0:00
M,USD,MXN,2010-12-20,12.4505,1,1,SF60653,2026-07-01 0:00
M,USD,MXN,2010-12-21,12.4345,1,1,SF60653,2026-07-01 0:00
M,USD,MXN,2010-12-22,12.417,1,1,SF60653,2026-07-01 0:00
M,USD,MXN,2010-12-23,12.372,1,1,SF60653,2026-07-01 0:00
M,USD,MXN,2010-12-24,12.3379,1,1,SF60653,2026-07-01 0:00
M,USD,MXN,2010-12-25,12.3332,1,1,SF60653,2026-07-01 0:00
M,USD,MXN,2010-12-26,12.3332,1,1,SF60653,2026-07-01 0:00
M,USD,MXN,2010-12-27,12.3332,1,1,SF60653,2026-07-01 0:00
M,USD,MXN,2010-12-28,12.3459,1,1,SF60653,2026-07-01 0:00
M,USD,MXN,2010-12-29,12.3653,1,1,SF60653,2026-07-01 0:00
M,USD,MXN,2010-12-30,12.3567,1,1,SF60653,2026-07-01 0:00
M,USD,MXN,2010-12-31,12.3571,1,1,SF60653,2026-07-01 0:00
M,USD,MXN,2011-01-01,12.3817,1,1,SF60653,2026-07-01 0:00
M,USD,MXN,2011-01-02,12.3817,1,1,SF60653,2026-07-01 0:00
M,USD,MXN,2011-01-03,12.3817,1,1,SF60653,2026-07-01 0:00
M,USD,MXN,2011-01-04,12.3496,1,1,SF60653,2026-07-01 0:00
M,USD,MXN,2011-01-05,12.2574,1,1,SF60653,2026-07-01 0:00
M,USD,MXN,2011-01-06,12.2619,1,1,SF60653,2026-07-01 0:00
M,USD,MXN,2011-01-07,12.2064,1,1,SF60653,2026-07-01 0:00
M,USD,MXN,2011-01-08,12.2256,1,1,SF60653,2026-07-01 0:00
M,USD,MXN,2011-01-09,12.2256,1,1,SF60653,2026-07-01 0:00
M,USD,MXN,2011-01-10,12.2256,1,1,SF60653,2026-07-01 0:00
M,USD,MXN,2011-01-11,12.2369,1,1,SF60653,2026-07-01 0:00
M,USD,MXN,2011-01-12,12.2542,1,1,SF60653,2026-07-01 0:00
M,USD,MXN,2011-01-13,12.1907,1,1,SF60653,2026-07-01 0:00
M,USD,MXN,2011-01-14,12.0757,1,1,SF60653,2026-07-01 0:00
M,USD,MXN,2011-01-15,12.1028,1,1,SF60653,2026-07-01 0:00
M,USD,MXN,2011-01-16,12.1028,1,1,SF60653,2026-07-01 0:00
M,USD,MXN,2011-01-17,12.1028,1,1,SF60653,2026-07-01 0:00
M,USD,MXN,2011-01-18,12.0871,1,1,SF60653,2026-07-01 0:00
M,USD,MXN,2011-01-19,12.0299,1,1,SF60653,2026-07-01 0:00
M,USD,MXN,2011-01-20,12.0261,1,1,SF60653,2026-07-01 0:00
M,USD,MXN,2011-01-21,12.0744,1,1,SF60653,2026-07-01 0:00
M,USD,MXN,2011-01-22,12.0903,1,1,SF60653,2026-07-01 0:00
M,USD,MXN,2011-01-23,12.0903,1,1,SF60653,2026-07-01 0:00
M,USD,MXN,2011-01-24,12.0903,1,1,SF60653,2026-07-01 0:00
M,USD,MXN,2011-01-25,12.0482,1,1,SF60653,2026-07-01 0:00
M,USD,MXN,2011-01-26,12.0516,1,1,SF60653,2026-07-01 0:00
M,USD,MXN,2011-01-27,12.0856,1,1,SF60653,2026-07-01 0:00
M,USD,MXN,2011-01-28,12.0408,1,1,SF60653,2026-07-01 0:00
M,USD,MXN,2011-01-29,12.0239,1,1,SF60653,2026-07-01 0:00
M,USD,MXN,2011-01-30,12.0239,1,1,SF60653,2026-07-01 0:00
M,USD,MXN,2011-01-31,12.0239,1,1,SF60653,2026-07-01 0:00
M,USD,MXN,2011-02-01,12.1214,1,1,SF60653,2026-07-01 0:00
M,USD,MXN,2011-02-02,12.1519,1,1,SF60653,2026-07-01 0:00
M,USD,MXN,2011-02-03,12.017,1,1,SF60653,2026-07-01 0:00
M,USD,MXN,2011-02-04,12.019,1,1,SF60653,2026-07-01 0:00
M,USD,MXN,2011-02-05,12.0499,1,1,SF60653,2026-07-01 0:00
M,USD,MXN,2011-02-06,12.0499,1,1,SF60653,2026-07-01 0:00
M,USD,MXN,2011-02-07,12.0499,1,1,SF60653,2026-07-01 0:00
M,USD,MXN,2011-02-08,12.0499,1,1,SF60653,2026-07-01 0:00
M,USD,MXN,2011-02-09,11.9946,1,1,SF60653,2026-07-01 0:00
M,USD,MXN,2011-02-10,11.9937,1,1,SF60653,2026-07-01 0:00
M,USD,MXN,2011-02-11,12.0432,1,1,SF60653,2026-07-01 0:00
M,USD,MXN,2011-02-12,12.0937,1,1,SF60653,2026-07-01 0:00
M,USD,MXN,2011-02-13,12.0937,1,1,SF60653,2026-07-01 0:00
M,USD,MXN,2011-02-14,12.0937,1,1,SF60653,2026-07-01 0:00
M,USD,MXN,2011-02-15,12.0635,1,1,SF60653,2026-07-01 0:00
M,USD,MXN,2011-02-16,12.0461,1,1,SF60653,2026-07-01 0:00
M,USD,MXN,2011-02-17,12.114,1,1,SF60653,2026-07-01 0:00
M,USD,MXN,2011-02-18,12.0957,1,1,SF60653,2026-07-01 0:00
M,USD,MXN,2011-02-19,12.0483,1,1,SF60653,2026-07-01 0:00
M,USD,MXN,2011-02-20,12.0483,1,1,SF60653,2026-07-01 0:00
M,USD,MXN,2011-02-21,12.0483,1,1,SF60653,2026-07-01 0:00
M,USD,MXN,2011-02-22,12.0172,1,1,SF60653,2026-07-01 0:00
M,USD,MXN,2011-02-23,12.0558,1,1,SF60653,2026-07-01 0:00
M,USD,MXN,2011-02-24,12.0917,1,1,SF60653,2026-07-01 0:00
M,USD,MXN,2011-02-25,12.19,1,1,SF60653,2026-07-01 0:00
M,USD,MXN,2011-02-26,12.173,1,1,SF60653,2026-07-01 0:00
M,USD,MXN,2011-02-27,12.173,1,1,SF60653,2026-07-01 0:00
M,USD,MXN,2011-02-28,12.173,1,1,SF60653,2026-07-01 0:00
M,USD,MXN,2011-03-01,12.1235,1,1,SF60653,2026-07-01 0:00
M,USD,MXN,2011-03-02,12.1062,1,1,SF60653,2026-07-01 0:00
M,USD,MXN,2011-03-03,12.0929,1,1,SF60653,2026-07-01 0:00
M,USD,MXN,2011-03-04,12.0981,1,1,SF60653,2026-07-01 0:00
M,USD,MXN,2011-03-05,12.0368,1,1,SF60653,2026-07-01 0:00
M,USD,MXN,2011-03-06,12.0368,1,1,SF60653,2026-07-01 0:00
M,USD,MXN,2011-03-07,12.0368,1,1,SF60653,2026-07-01 0:00
M,USD,MXN,2011-03-08,12.0064,1,1,SF60653,2026-07-01 0:00
M,USD,MXN,2011-03-09,12.017,1,1,SF60653,2026-07-01 0:00
M,USD,MXN,2011-03-10,12.0254,1,1,SF60653,2026-07-01 0:00
M,USD,MXN,2011-03-11,11.968,1,1,SF60653,2026-07-01 0:00
M,USD,MXN,2011-03-12,11.9755,1,1,SF60653,2026-07-01 0:00
M,USD,MXN,2011-03-13,11.9755,1,1,SF60653,2026-07-01 0:00
M,USD,MXN,2011-03-14,11.9755,1,1,SF60653,2026-07-01 0:00
M,USD,MXN,2011-03-15,11.9441,1,1,SF60653,2026-07-01 0:00
M,USD,MXN,2011-03-16,11.9235,1,1,SF60653,2026-07-01 0:00
M,USD,MXN,2011-03-17,12.0171,1,1,SF60653,2026-07-01 0:00
M,USD,MXN,2011-03-18,12.071,1,1,SF60653,2026-07-01 0:00
M,USD,MXN,2011-03-19,12.0925,1,1,SF60653,2026-07-01 0:00
M,USD,MXN,2011-03-20,12.0925,1,1,SF60653,2026-07-01 0:00
M,USD,MXN,2011-03-21,12.0925,1,1,SF60653,2026-07-01 0:00
M,USD,MXN,2011-03-22,12.0925,1,1,SF60653,2026-07-01 0:00
M,USD,MXN,2011-03-23,12.0615,1,1,SF60653,2026-07-01 0:00
M,USD,MXN,2011-03-24,11.9885,1,1,SF60653,2026-07-01 0:00
M,USD,MXN,2011-03-25,12.0004,1,1,SF60653,2026-07-01 0:00
M,USD,MXN,2011-03-26,11.9555,1,1,SF60653,2026-07-01 0:00
M,USD,MXN,2011-03-27,11.9555,1,1,SF60653,2026-07-01 0:00
M,USD,MXN,2011-03-28,11.9555,1,1,SF60653,2026-07-01 0:00
M,USD,MXN,2011-03-29,11.9505,1,1,SF60653,2026-07-01 0:00
M,USD,MXN,2011-03-30,11.959,1,1,SF60653,2026-07-01 0:00
M,USD,MXN,2011-03-31,11.9678,1,1,SF60653,2026-07-01 0:00
M,USD,MXN,2011-04-01,11.9219,1,1,SF60653,2026-07-01 0:00
M,USD,MXN,2011-04-02,11.9084,1,1,SF60653,2026-07-01 0:00
M,USD,MXN,2011-04-03,11.9084,1,1,SF60653,2026-07-01 0:00
M,USD,MXN,2011-04-04,11.9084,1,1,SF60653,2026-07-01 0:00
M,USD,MXN,2011-04-05,11.8412,1,1,SF60653,2026-07-01 0:00
M,USD,MXN,2011-04-06,11.8533,1,1,SF60653,2026-07-01 0:00
M,USD,MXN,2011-04-07,11.8322,1,1,SF60653,2026-07-01 0:00
M,USD,MXN,2011-04-08,11.7836,1,1,SF60653,2026-07-01 0:00
M,USD,MXN,2011-04-09,11.7931,1,1,SF60653,2026-07-01 0:00
M,USD,MXN,2011-04-10,11.7931,1,1,SF60653,2026-07-01 0:00
M,USD,MXN,2011-04-11,11.7931,1,1,SF60653,2026-07-01 0:00
M,USD,MXN,2011-04-12,11.7421,1,1,SF60653,2026-07-01 0:00
M,USD,MXN,2011-04-13,11.7447,1,1,SF60653,2026-07-01 0:00
M,USD,MXN,2011-04-14,11.8266,1,1,SF60653,2026-07-01 0:00
M,USD,MXN,2011-04-15,11.7907,1,1,SF60653,2026-07-01 0:00
M,USD,MXN,2011-04-16,11.7679,1,1,SF60653,2026-07-01 0:00
M,USD,MXN,2011-04-17,11.7679,1,1,SF60653,2026-07-01 0:00
M,USD,MXN,2011-04-18,11.7679,1,1,SF60653,2026-07-01 0:00
M,USD,MXN,2011-04-19,11.709,1,1,SF60653,2026-07-01 0:00
M,USD,MXN,2011-04-20,11.7783,1,1,SF60653,2026-07-01 0:00
M,USD,MXN,2011-04-21,11.6925,1,1,SF60653,2026-07-01 0:00
M,USD,MXN,2011-04-22,11.6925,1,1,SF60653,2026-07-01 0:00
M,USD,MXN,2011-04-23,11.6925,1,1,SF60653,2026-07-01 0:00
M,USD,MXN,2011-04-24,11.6925,1,1,SF60653,2026-07-01 0:00
M,USD,MXN,2011-04-25,11.6925,1,1,SF60653,2026-07-01 0:00
M,USD,MXN,2011-04-26,11.6252,1,1,SF60653,2026-07-01 0:00
M,USD,MXN,2011-04-27,11.6294,1,1,SF60653,2026-07-01 0:00
M,USD,MXN,2011-04-28,11.5824,1,1,SF60653,2026-07-01 0:00
M,USD,MXN,2011-04-29,11.5868,1,1,SF60653,2026-07-01 0:00
M,USD,MXN,2011-04-30,11.5428,1,1,SF60653,2026-07-01 0:00
M,USD,MXN,2011-05-01,11.5428,1,1,SF60653,2026-07-01 0:00
M,USD,MXN,2011-05-02,11.5428,1,1,SF60653,2026-07-01 0:00
M,USD,MXN,2011-05-03,11.5278,1,1,SF60653,2026-07-01 0:00
M,USD,MXN,2011-05-04,11.5023,1,1,SF60653,2026-07-01 0:00
M,USD,MXN,2011-05-05,11.5665,1,1,SF60653,2026-07-01 0:00
M,USD,MXN,2011-05-06,11.6214,1,1,SF60653,2026-07-01 0:00
M,USD,MXN,2011-05-07,11.6934,1,1,SF60653,2026-07-01 0:00
M,USD,MXN,2011-05-08,11.6934,1,1,SF60653,2026-07-01 0:00
M,USD,MXN,2011-05-09,11.6934,1,1,SF60653,2026-07-01 0:00
M,USD,MXN,2011-05-10,11.609,1,1,SF60653,2026-07-01 0:00
M,USD,MXN,2011-05-11,11.641,1,1,SF60653,2026-07-01 0:00
M,USD,MXN,2011-05-12,11.6009,1,1,SF60653,2026-07-01 0:00
M,USD,MXN,2011-05-13,11.6075,1,1,SF60653,2026-07-01 0:00
M,USD,MXN,2011-05-14,11.6656,1,1,SF60653,2026-07-01 0:00
M,USD,MXN,2011-05-15,11.6656,1,1,SF60653,2026-07-01 0:00
M,USD,MXN,2011-05-16,11.6656,1,1,SF60653,2026-07-01 0:00
M,USD,MXN,2011-05-17,11.7219,1,1,SF60653,2026-07-01 0:00
M,USD,MXN,2011-05-18,11.7094,1,1,SF60653,2026-07-01 0:00
M,USD,MXN,2011-05-19,11.766,1,1,SF60653,2026-07-01 0:00
M,USD,MXN,2011-05-20,11.7234,1,1,SF60653,2026-07-01 0:00
M,USD,MXN,2011-05-21,11.6588,1,1,SF60653,2026-07-01 0:00
M,USD,MXN,2011-05-22,11.6588,1,1,SF60653,2026-07-01 0:00
M,USD,MXN,2011-05-23,11.6588,1,1,SF60653,2026-07-01 0:00
M,USD,MXN,2011-05-24,11.6467,1,1,SF60653,2026-07-01 0:00
M,USD,MXN,2011-05-25,11.7292,1,1,SF60653,2026-07-01 0:00
M,USD,MXN,2011-05-26,11.7032,1,1,SF60653,2026-07-01 0:00
M,USD,MXN,2011-05-27,11.6948,1,1,SF60653,2026-07-01 0:00
M,USD,MXN,2011-05-28,11.6956,1,1,SF60653,2026-07-01 0:00
M,USD,MXN,2011-05-29,11.6956,1,1,SF60653,2026-07-01 0:00
M,USD,MXN,2011-05-30,11.6956,1,1,SF60653,2026-07-01 0:00
M,USD,MXN,2011-05-31,11.6256,1,1,SF60653,2026-07-01 0:00
M,USD,MXN,2011-06-01,11.6123,1,1,SF60653,2026-07-01 0:00
M,USD,MXN,2011-06-02,11.578,1,1,SF60653,2026-07-01 0:00
M,USD,MXN,2011-06-03,11.6277,1,1,SF60653,2026-07-01 0:00
M,USD,MXN,2011-06-04,11.6739,1,1,SF60653,2026-07-01 0:00
M,USD,MXN,2011-06-05,11.6739,1,1,SF60653,2026-07-01 0:00
M,USD,MXN,2011-06-06,11.6739,1,1,SF60653,2026-07-01 0:00
M,USD,MXN,2011-06-07,11.6689,1,1,SF60653,2026-07-01 0:00
M,USD,MXN,2011-06-08,11.6983,1,1,SF60653,2026-07-01 0:00
M,USD,MXN,2011-06-09,11.7196,1,1,SF60653,2026-07-01 0:00
M,USD,MXN,2011-06-10,11.8001,1,1,SF60653,2026-07-01 0:00
M,USD,MXN,2011-06-11,11.7965,1,1,SF60653,2026-07-01 0:00
M,USD,MXN,2011-06-12,11.7965,1,1,SF60653,2026-07-01 0:00
M,USD,MXN,2011-06-13,11.7965,1,1,SF60653,2026-07-01 0:00
M,USD,MXN,2011-06-14,11.8686,1,1,SF60653,2026-07-01 0:00
M,USD,MXN,2011-06-15,11.868,1,1,SF60653,2026-07-01 0:00
M,USD,MXN,2011-06-16,11.7982,1,1,SF60653,2026-07-01 0:00
M,USD,MXN,2011-06-17,11.8751,1,1,SF60653,2026-07-01 0:00
M,USD,MXN,2011-06-18,11.9591,1,1,SF60653,2026-07-01 0:00
M,USD,MXN,2011-06-19,11.9591,1,1,SF60653,2026-07-01 0:00
M,USD,MXN,2011-06-20,11.9591,1,1,SF60653,2026-07-01 0:00
M,USD,MXN,2011-06-21,11.9006,1,1,SF60653,2026-07-01 0:00
M,USD,MXN,2011-06-22,11.8916,1,1,SF60653,2026-07-01 0:00
M,USD,MXN,2011-06-23,11.813,1,1,SF60653,2026-07-01 0:00
M,USD,MXN,2011-06-24,11.7789,1,1,SF60653,2026-07-01 0:00
M,USD,MXN,2011-06-25,11.8816,1,1,SF60653,2026-07-01 0:00
M,USD,MXN,2011-06-26,11.8816,1,1,SF60653,2026-07-01 0:00
M,USD,MXN,2011-06-27,11.8816,1,1,SF60653,2026-07-01 0:00
M,USD,MXN,2011-06-28,11.8822,1,1,SF60653,2026-07-01 0:00
M,USD,MXN,2011-06-29,11.8938,1,1,SF60653,2026-07-01 0:00
M,USD,MXN,2011-06-30,11.8389,1,1,SF60653,2026-07-01 0:00
M,USD,MXN,2011-07-01,11.7748,1,1,SF60653,2026-07-01 0:00
M,USD,MXN,2011-07-02,11.723,1,1,SF60653,2026-07-01 0:00
M,USD,MXN,2011-07-03,11.723,1,1,SF60653,2026-07-01 0:00
M,USD,MXN,2011-07-04,11.723,1,1,SF60653,2026-07-01 0:00
M,USD,MXN,2011-07-05,11.6368,1,1,SF60653,2026-07-01 0:00
M,USD,MXN,2011-07-06,11.5925,1,1,SF60653,2026-07-01 0:00
M,USD,MXN,2011-07-07,11.6194,1,1,SF60653,2026-07-01 0:00
M,USD,MXN,2011-07-08,11.6544,1,1,SF60653,2026-07-01 0:00
M,USD,MXN,2011-07-09,11.5738,1,1,SF60653,2026-07-01 0:00
M,USD,MXN,2011-07-10,11.5738,1,1,SF60653,2026-07-01 0:00
M,USD,MXN,2011-07-11,11.5738,1,1,SF60653,2026-07-01 0:00
M,USD,MXN,2011-07-12,11.6337,1,1,SF60653,2026-07-01 0:00
M,USD,MXN,2011-07-13,11.7274,1,1,SF60653,2026-07-01 0:00
M,USD,MXN,2011-07-14,11.7867,1,1,SF60653,2026-07-01 0:00
M,USD,MXN,2011-07-15,11.717,1,1,SF60653,2026-07-01 0:00
M,USD,MXN,2011-07-16,11.701,1,1,SF60653,2026-07-01 0:00
M,USD,MXN,2011-07-17,11.701,1,1,SF60653,2026-07-01 0:00
M,USD,MXN,2011-07-18,11.701,1,1,SF60653,2026-07-01 0:00
M,USD,MXN,2011-07-19,11.7178,1,1,SF60653,2026-07-01 0:00
M,USD,MXN,2011-07-20,11.7877,1,1,SF60653,2026-07-01 0:00
M,USD,MXN,2011-07-21,11.6964,1,1,SF60653,2026-07-01 0:00
M,USD,MXN,2011-07-22,11.6638,1,1,SF60653,2026-07-01 0:00
M,USD,MXN,2011-07-23,11.6174,1,1,SF60653,2026-07-01 0:00
M,USD,MXN,2011-07-24,11.6174,1,1,SF60653,2026-07-01 0:00
M,USD,MXN,2011-07-25,11.6174,1,1,SF60653,2026-07-01 0:00
M,USD,MXN,2011-07-26,11.6393,1,1,SF60653,2026-07-01 0:00
M,USD,MXN,2011-07-27,11.6641,1,1,SF60653,2026-07-01 0:00
M,USD,MXN,2011-07-28,11.6172,1,1,SF60653,2026-07-01 0:00
M,USD,MXN,2011-07-29,11.6527,1,1,SF60653,2026-07-01 0:00
M,USD,MXN,2011-07-30,11.6821,1,1,SF60653,2026-07-01 0:00
M,USD,MXN,2011-07-31,11.6821,1,1,SF60653,2026-07-01 0:00
M,USD,MXN,2011-08-01,11.6821,1,1,SF60653,2026-07-01 0:00
M,USD,MXN,2011-08-02,11.7425,1,1,SF60653,2026-07-01 0:00
M,USD,MXN,2011-08-03,11.7514,1,1,SF60653,2026-07-01 0:00
M,USD,MXN,2011-08-04,11.7657,1,1,SF60653,2026-07-01 0:00
M,USD,MXN,2011-08-05,11.8473,1,1,SF60653,2026-07-01 0:00
M,USD,MXN,2011-08-06,11.9523,1,1,SF60653,2026-07-01 0:00
M,USD,MXN,2011-08-07,11.9523,1,1,SF60653,2026-07-01 0:00
M,USD,MXN,2011-08-08,11.9523,1,1,SF60653,2026-07-01 0:00
M,USD,MXN,2011-08-09,11.9794,1,1,SF60653,2026-07-01 0:00
M,USD,MXN,2011-08-10,12.1845,1,1,SF60653,2026-07-01 0:00
M,USD,MXN,2011-08-11,12.371,1,1,SF60653,2026-07-01 0:00
M,USD,MXN,2011-08-12,12.3221,1,1,SF60653,2026-07-01 0:00
M,USD,MXN,2011-08-13,12.3899,1,1,SF60653,2026-07-01 0:00
M,USD,MXN,2011-08-14,12.3899,1,1,SF60653,2026-07-01 0:00
M,USD,MXN,2011-08-15,12.3899,1,1,SF60653,2026-07-01 0:00
M,USD,MXN,2011-08-16,12.2992,1,1,SF60653,2026-07-01 0:00
M,USD,MXN,2011-08-17,12.2424,1,1,SF60653,2026-07-01 0:00
M,USD,MXN,2011-08-18,12.2631,1,1,SF60653,2026-07-01 0:00
M,USD,MXN,2011-08-19,12.1651,1,1,SF60653,2026-07-01 0:00
M,USD,MXN,2011-08-20,12.3685,1,1,SF60653,2026-07-01 0:00
M,USD,MXN,2011-08-21,12.3685,1,1,SF60653,2026-07-01 0:00
M,USD,MXN,2011-08-22,12.3685,1,1,SF60653,2026-07-01 0:00
M,USD,MXN,2011-08-23,12.2386,1,1,SF60653,2026-07-01 0:00
M,USD,MXN,2011-08-24,12.2948,1,1,SF60653,2026-07-01 0:00
M,USD,MXN,2011-08-25,12.3357,1,1,SF60653,2026-07-01 0:00
M,USD,MXN,2011-08-26,12.3952,1,1,SF60653,2026-07-01 0:00
M,USD,MXN,2011-08-27,12.4259,1,1,SF60653,2026-07-01 0:00
M,USD,MXN,2011-08-28,12.4259,1,1,SF60653,2026-07-01 0:00
M,USD,MXN,2011-08-29,12.4259,1,1,SF60653,2026-07-01 0:00
M,USD,MXN,2011-08-30,12.4953,1,1,SF60653,2026-07-01 0:00
M,USD,MXN,2011-08-31,12.4148,1,1,SF60653,2026-07-01 0:00
M,USD,MXN,2011-09-01,12.4838,1,1,SF60653,2026-07-01 0:00
M,USD,MXN,2011-09-02,12.348,1,1,SF60653,2026-07-01 0:00
M,USD,MXN,2011-09-03,12.2616,1,1,SF60653,2026-07-01 0:00
M,USD,MXN,2011-09-04,12.2616,1,1,SF60653,2026-07-01 0:00
M,USD,MXN,2011-09-05,12.2616,1,1,SF60653,2026-07-01 0:00
M,USD,MXN,2011-09-06,12.3735,1,1,SF60653,2026-07-01 0:00
M,USD,MXN,2011-09-07,12.5353,1,1,SF60653,2026-07-01 0:00
M,USD,MXN,2011-09-08,12.5102,1,1,SF60653,2026-07-01 0:00
M,USD,MXN,2011-09-09,12.4661,1,1,SF60653,2026-07-01 0:00
M,USD,MXN,2011-09-10,12.4956,1,1,SF60653,2026-07-01 0:00
M,USD,MXN,2011-09-11,12.4956,1,1,SF60653,2026-07-01 0:00
M,USD,MXN,2011-09-12,12.4956,1,1,SF60653,2026-07-01 0:00
M,USD,MXN,2011-09-13,12.6324,1,1,SF60653,2026-07-01 0:00
M,USD,MXN,2011-09-14,12.7687,1,1,SF60653,2026-07-01 0:00
M,USD,MXN,2011-09-15,12.8994,1,1,SF60653,2026-07-01 0:00
M,USD,MXN,2011-09-16,12.9646,1,1,SF60653,2026-07-01 0:00
M,USD,MXN,2011-09-17,12.9646,1,1,SF60653,2026-07-01 0:00
M,USD,MXN,2011-09-18,12.9646,1,1,SF60653,2026-07-01 0:00
M,USD,MXN,2011-09-19,12.9646,1,1,SF60653,2026-07-01 0:00
M,USD,MXN,2011-09-20,12.9127,1,1,SF60653,2026-07-01 0:00
M,USD,MXN,2011-09-21,13.186,1,1,SF60653,2026-07-01 0:00
M,USD,MXN,2011-09-22,13.1669,1,1,SF60653,2026-07-01 0:00
M,USD,MXN,2011-09-23,13.4045,1,1,SF60653,2026-07-01 0:00
M,USD,MXN,2011-09-24,13.8917,1,1,SF60653,2026-07-01 0:00
M,USD,MXN,2011-09-25,13.8917,1,1,SF60653,2026-07-01 0:00
M,USD,MXN,2011-09-26,13.8917,1,1,SF60653,2026-07-01 0:00
M,USD,MXN,2011-09-27,13.7788,1,1,SF60653,2026-07-01 0:00
M,USD,MXN,2011-09-28,13.6677,1,1,SF60653,2026-07-01 0:00
M,USD,MXN,2011-09-29,13.3414,1,1,SF60653,2026-07-01 0:00
M,USD,MXN,2011-09-30,13.4217,1,1,SF60653,2026-07-01 0:00
M,USD,MXN,2011-10-01,13.4567,1,1,SF60653,2026-07-01 0:00
M,USD,MXN,2011-10-02,13.4567,1,1,SF60653,2026-07-01 0:00
M,USD,MXN,2011-10-03,13.4567,1,1,SF60653,2026-07-01 0:00
M,USD,MXN,2011-10-04,13.7994,1,1,SF60653,2026-07-01 0:00
M,USD,MXN,2011-10-05,13.8967,1,1,SF60653,2026-07-01 0:00
M,USD,MXN,2011-10-06,13.9714,1,1,SF60653,2026-07-01 0:00
M,USD,MXN,2011-10-07,13.6675,1,1,SF60653,2026-07-01 0:00
M,USD,MXN,2011-10-08,13.5341,1,1,SF60653,2026-07-01 0:00
M,USD,MXN,2011-10-09,13.5341,1,1,SF60653,2026-07-01 0:00
M,USD,MXN,2011-10-10,13.5341,1,1,SF60653,2026-07-01 0:00
M,USD,MXN,2011-10-11,13.3143,1,1,SF60653,2026-07-01 0:00
M,USD,MXN,2011-10-12,13.2751,1,1,SF60653,2026-07-01 0:00
M,USD,MXN,2011-10-13,13.3266,1,1,SF60653,2026-07-01 0:00
M,USD,MXN,2011-10-14,13.2213,1,1,SF60653,2026-07-01 0:00
M,USD,MXN,2011-10-15,13.3647,1,1,SF60653,2026-07-01 0:00
M,USD,MXN,2011-10-16,13.3647,1,1,SF60653,2026-07-01 0:00
M,USD,MXN,2011-10-17,13.3647,1,1,SF60653,2026-07-01 0:00
M,USD,MXN,2011-10-18,13.2711,1,1,SF60653,2026-07-01 0:00
M,USD,MXN,2011-10-19,13.2952,1,1,SF60653,2026-07-01 0:00
M,USD,MXN,2011-10-20,13.4445,1,1,SF60653,2026-07-01 0:00
M,USD,MXN,2011-10-21,13.3733,1,1,SF60653,2026-07-01 0:00
M,USD,MXN,2011-10-22,13.6628,1,1,SF60653,2026-07-01 0:00
M,USD,MXN,2011-10-23,13.6628,1,1,SF60653,2026-07-01 0:00
M,USD,MXN,2011-10-24,13.6628,1,1,SF60653,2026-07-01 0:00
M,USD,MXN,2011-10-25,13.5996,1,1,SF60653,2026-07-01 0:00
M,USD,MXN,2011-10-26,13.4889,1,1,SF60653,2026-07-01 0:00
M,USD,MXN,2011-10-27,13.4459,1,1,SF60653,2026-07-01 0:00
M,USD,MXN,2011-10-28,13.4914,1,1,SF60653,2026-07-01 0:00
M,USD,MXN,2011-10-29,13.1973,1,1,SF60653,2026-07-01 0:00
M,USD,MXN,2011-10-30,13.1973,1,1,SF60653,2026-07-01 0:00
M,USD,MXN,2011-10-31,13.1973,1,1,SF60653,2026-07-01 0:00
M,USD,MXN,2011-11-01,13.1132,1,1,SF60653,2026-07-01 0:00
M,USD,MXN,2011-11-02,13.1802,1,1,SF60653,2026-07-01 0:00
M,USD,MXN,2011-11-03,13.1802,1,1,SF60653,2026-07-01 0:00
M,USD,MXN,2011-11-04,13.6282,1,1,SF60653,2026-07-01 0:00
M,USD,MXN,2011-11-05,13.4128,1,1,SF60653,2026-07-01 0:00
M,USD,MXN,2011-11-06,13.4128,1,1,SF60653,2026-07-01 0:00
M,USD,MXN,2011-11-07,13.4128,1,1,SF60653,2026-07-01 0:00
M,USD,MXN,2011-11-08,13.4698,1,1,SF60653,2026-07-01 0:00
M,USD,MXN,2011-11-09,13.4504,1,1,SF60653,2026-07-01 0:00
M,USD,MXN,2011-11-10,13.3852,1,1,SF60653,2026-07-01 0:00
M,USD,MXN,2011-11-11,13.5252,1,1,SF60653,2026-07-01 0:00
M,USD,MXN,2011-11-12,13.5622,1,1,SF60653,2026-07-01 0:00
M,USD,MXN,2011-11-13,13.5622,1,1,SF60653,2026-07-01 0:00
M,USD,MXN,2011-11-14,13.5622,1,1,SF60653,2026-07-01 0:00
M,USD,MXN,2011-11-15,13.4165,1,1,SF60653,2026-07-01 0:00
M,USD,MXN,2011-11-16,13.5122,1,1,SF60653,2026-07-01 0:00
M,USD,MXN,2011-11-17,13.5672,1,1,SF60653,2026-07-01 0:00
M,USD,MXN,2011-11-18,13.5847,1,1,SF60653,2026-07-01 0:00
M,USD,MXN,2011-11-19,13.6375,1,1,SF60653,2026-07-01 0:00
M,USD,MXN,2011-11-20,13.6375,1,1,SF60653,2026-07-01 0:00
M,USD,MXN,2011-11-21,13.6375,1,1,SF60653,2026-07-01 0:00
M,USD,MXN,2011-11-22,13.6375,1,1,SF60653,2026-07-01 0:00
M,USD,MXN,2011-11-23,13.7033,1,1,SF60653,2026-07-01 0:00
M,USD,MXN,2011-11-24,13.9812,1,1,SF60653,2026-07-01 0:00
M,USD,MXN,2011-11-25,14.1291,1,1,SF60653,2026-07-01 0:00
M,USD,MXN,2011-11-26,14.1778,1,1,SF60653,2026-07-01 0:00
M,USD,MXN,2011-11-27,14.1778,1,1,SF60653,2026-07-01 0:00
M,USD,MXN,2011-11-28,14.1778,1,1,SF60653,2026-07-01 0:00
M,USD,MXN,2011-11-29,14.2443,1,1,SF60653,2026-07-01 0:00
M,USD,MXN,2011-11-30,14.0344,1,1,SF60653,2026-07-01 0:00
M,USD,MXN,2011-12-01,13.9538,1,1,SF60653,2026-07-01 0:00
M,USD,MXN,2011-12-02,13.61,1,1,SF60653,2026-07-01 0:00
M,USD,MXN,2011-12-03,13.5894,1,1,SF60653,2026-07-01 0:00
M,USD,MXN,2011-12-04,13.5894,1,1,SF60653,2026-07-01 0:00
M,USD,MXN,2011-12-05,13.5894,1,1,SF60653,2026-07-01 0:00
M,USD,MXN,2011-12-06,13.5488,1,1,SF60653,2026-07-01 0:00
M,USD,MXN,2011-12-07,13.4786,1,1,SF60653,2026-07-01 0:00
M,USD,MXN,2011-12-08,13.497,1,1,SF60653,2026-07-01 0:00
M,USD,MXN,2011-12-09,13.5118,1,1,SF60653,2026-07-01 0:00
M,USD,MXN,2011-12-10,13.6569,1,1,SF60653,2026-07-01 0:00
M,USD,MXN,2011-12-11,13.6569,1,1,SF60653,2026-07-01 0:00
M,USD,MXN,2011-12-12,13.6569,1,1,SF60653,2026-07-01 0:00
M,USD,MXN,2011-12-13,13.6569,1,1,SF60653,2026-07-01 0:00
M,USD,MXN,2011-12-14,13.6406,1,1,SF60653,2026-07-01 0:00
M,USD,MXN,2011-12-15,13.7714,1,1,SF60653,2026-07-01 0:00
M,USD,MXN,2011-12-16,13.9412,1,1,SF60653,2026-07-01 0:00
M,USD,MXN,2011-12-17,13.823,1,1,SF60653,2026-07-01 0:00
M,USD,MXN,2011-12-18,13.823,1,1,SF60653,2026-07-01 0:00
M,USD,MXN,2011-12-19,13.823,1,1,SF60653,2026-07-01 0:00
M,USD,MXN,2011-12-20,13.845,1,1,SF60653,2026-07-01 0:00
M,USD,MXN,2011-12-21,13.8542,1,1,SF60653,2026-07-01 0:00
M,USD,MXN,2011-12-22,13.772,1,1,SF60653,2026-07-01 0:00
M,USD,MXN,2011-12-23,13.8526,1,1,SF60653,2026-07-01 0:00
M,USD,MXN,2011-12-24,13.8169,1,1,SF60653,2026-07-01 0:00
M,USD,MXN,2011-12-25,13.8169,1,1,SF60653,2026-07-01 0:00
M,USD,MXN,2011-12-26,13.8169,1,1,SF60653,2026-07-01 0:00
M,USD,MXN,2011-12-27,13.8163,1,1,SF60653,2026-07-01 0:00
M,USD,MXN,2011-12-28,13.8483,1,1,SF60653,2026-07-01 0:00
M,USD,MXN,2011-12-29,13.9658,1,1,SF60653,2026-07-01 0:00
M,USD,MXN,2011-12-30,13.9904,1,1,SF60653,2026-07-01 0:00
M,USD,MXN,2011-12-31,13.9787,1,1,SF60653,2026-07-01 0:00
M,USD,MXN,2012-01-01,13.9787,1,1,SF60653,2026-07-01 0:00
M,USD,MXN,2012-01-02,13.9787,1,1,SF60653,2026-07-01 0:00
M,USD,MXN,2012-01-03,13.9476,1,1,SF60653,2026-07-01 0:00
M,USD,MXN,2012-01-04,13.9342,1,1,SF60653,2026-07-01 0:00
M,USD,MXN,2012-01-05,13.6882,1,1,SF60653,2026-07-01 0:00
M,USD,MXN,2012-01-06,13.7144,1,1,SF60653,2026-07-01 0:00
M,USD,MXN,2012-01-07,13.7409,1,1,SF60653,2026-07-01 0:00
M,USD,MXN,2012-01-08,13.7409,1,1,SF60653,2026-07-01 0:00
M,USD,MXN,2012-01-09,13.7409,1,1,SF60653,2026-07-01 0:00
M,USD,MXN,2012-01-10,13.7228,1,1,SF60653,2026-07-01 0:00
M,USD,MXN,2012-01-11,13.7437,1,1,SF60653,2026-07-01 0:00
M,USD,MXN,2012-01-12,13.6204,1,1,SF60653,2026-07-01 0:00
M,USD,MXN,2012-01-13,13.6592,1,1,SF60653,2026-07-01 0:00
M,USD,MXN,2012-01-14,13.5982,1,1,SF60653,2026-07-01 0:00
M,USD,MXN,2012-01-15,13.5982,1,1,SF60653,2026-07-01 0:00
M,USD,MXN,2012-01-16,13.5982,1,1,SF60653,2026-07-01 0:00
M,USD,MXN,2012-01-17,13.6263,1,1,SF60653,2026-07-01 0:00
M,USD,MXN,2012-01-18,13.5401,1,1,SF60653,2026-07-01 0:00
M,USD,MXN,2012-01-19,13.4621,1,1,SF60653,2026-07-01 0:00
M,USD,MXN,2012-01-20,13.3267,1,1,SF60653,2026-07-01 0:00
M,USD,MXN,2012-01-21,13.2516,1,1,SF60653,2026-07-01 0:00
M,USD,MXN,2012-01-22,13.2516,1,1,SF60653,2026-07-01 0:00
M,USD,MXN,2012-01-23,13.2516,1,1,SF60653,2026-07-01 0:00
M,USD,MXN,2012-01-24,13.224,1,1,SF60653,2026-07-01 0:00
M,USD,MXN,2012-01-25,13.1383,1,1,SF60653,2026-07-01 0:00
M,USD,MXN,2012-01-26,13.1712,1,1,SF60653,2026-07-01 0:00
M,USD,MXN,2012-01-27,13.1319,1,1,SF60653,2026-07-01 0:00
M,USD,MXN,2012-01-28,12.9325,1,1,SF60653,2026-07-01 0:00
M,USD,MXN,2012-01-29,12.9325,1,1,SF60653,2026-07-01 0:00
M,USD,MXN,2012-01-30,12.9325,1,1,SF60653,2026-07-01 0:00
M,USD,MXN,2012-01-31,12.9504,1,1,SF60653,2026-07-01 0:00
M,USD,MXN,2012-02-01,13.0063,1,1,SF60653,2026-07-01 0:00
M,USD,MXN,2012-02-02,13.0077,1,1,SF60653,2026-07-01 0:00
M,USD,MXN,2012-02-03,12.89,1,1,SF60653,2026-07-01 0:00
M,USD,MXN,2012-02-04,12.8038,1,1,SF60653,2026-07-01 0:00
M,USD,MXN,2012-02-05,12.8038,1,1,SF60653,2026-07-01 0:00
M,USD,MXN,2012-02-06,12.8038,1,1,SF60653,2026-07-01 0:00
M,USD,MXN,2012-02-07,12.8038,1,1,SF60653,2026-07-01 0:00
M,USD,MXN,2012-02-08,12.712,1,1,SF60653,2026-07-01 0:00
M,USD,MXN,2012-02-09,12.6472,1,1,SF60653,2026-07-01 0:00
M,USD,MXN,2012-02-10,12.6833,1,1,SF60653,2026-07-01 0:00
M,USD,MXN,2012-02-11,12.72,1,1,SF60653,2026-07-01 0:00
M,USD,MXN,2012-02-12,12.72,1,1,SF60653,2026-07-01 0:00
M,USD,MXN,2012-02-13,12.72,1,1,SF60653,2026-07-01 0:00
M,USD,MXN,2012-02-14,12.7857,1,1,SF60653,2026-07-01 0:00
M,USD,MXN,2012-02-15,12.7392,1,1,SF60653,2026-07-01 0:00
M,USD,MXN,2012-02-16,12.7753,1,1,SF60653,2026-07-01 0:00
M,USD,MXN,2012-02-17,12.7658,1,1,SF60653,2026-07-01 0:00
M,USD,MXN,2012-02-18,12.8822,1,1,SF60653,2026-07-01 0:00
M,USD,MXN,2012-02-19,12.8822,1,1,SF60653,2026-07-01 0:00
M,USD,MXN,2012-02-20,12.8822,1,1,SF60653,2026-07-01 0:00
M,USD,MXN,2012-02-21,12.7856,1,1,SF60653,2026-07-01 0:00
M,USD,MXN,2012-02-22,12.6793,1,1,SF60653,2026-07-01 0:00
M,USD,MXN,2012-02-23,12.7408,1,1,SF60653,2026-07-01 0:00
M,USD,MXN,2012-02-24,12.8296,1,1,SF60653,2026-07-01 0:00
M,USD,MXN,2012-02-25,12.8294,1,1,SF60653,2026-07-01 0:00
M,USD,MXN,2012-02-26,12.8294,1,1,SF60653,2026-07-01 0:00
M,USD,MXN,2012-02-27,12.8294,1,1,SF60653,2026-07-01 0:00
M,USD,MXN,2012-02-28,12.8675,1,1,SF60653,2026-07-01 0:00
M,USD,MXN,2012-02-29,12.8779,1,1,SF60653,2026-07-01 0:00
M,USD,MXN,2012-03-01,12.8575,1,1,SF60653,2026-07-01 0:00
M,USD,MXN,2012-03-02,12.7891,1,1,SF60653,2026-07-01 0:00
M,USD,MXN,2012-03-03,12.7764,1,1,SF60653,2026-07-01 0:00
M,USD,MXN,2012-03-04,12.7764,1,1,SF60653,2026-07-01 0:00
M,USD,MXN,2012-03-05,12.7764,1,1,SF60653,2026-07-01 0:00
M,USD,MXN,2012-03-06,12.7723,1,1,SF60653,2026-07-01 0:00
M,USD,MXN,2012-03-07,12.8339,1,1,SF60653,2026-07-01 0:00
M,USD,MXN,2012-03-08,12.9777,1,1,SF60653,2026-07-01 0:00
M,USD,MXN,2012-03-09,12.9469,1,1,SF60653,2026-07-01 0:00
M,USD,MXN,2012-03-10,12.784,1,1,SF60653,2026-07-01 0:00
M,USD,MXN,2012-03-11,12.784,1,1,SF60653,2026-07-01 0:00
M,USD,MXN,2012-03-12,12.784,1,1,SF60653,2026-07-01 0:00
M,USD,MXN,2012-03-13,12.6299,1,1,SF60653,2026-07-01 0:00
M,USD,MXN,2012-03-14,12.715,1,1,SF60653,2026-07-01 0:00
M,USD,MXN,2012-03-15,12.6336,1,1,SF60653,2026-07-01 0:00
M,USD,MXN,2012-03-16,12.6719,1,1,SF60653,2026-07-01 0:00
M,USD,MXN,2012-03-17,12.6591,1,1,SF60653,2026-07-01 0:00
M,USD,MXN,2012-03-18,12.6591,1,1,SF60653,2026-07-01 0:00
M,USD,MXN,2012-03-19,12.6591,1,1,SF60653,2026-07-01 0:00
M,USD,MXN,2012-03-20,12.6591,1,1,SF60653,2026-07-01 0:00
M,USD,MXN,2012-03-21,12.6645,1,1,SF60653,2026-07-01 0:00
M,USD,MXN,2012-03-22,12.6935,1,1,SF60653,2026-07-01 0:00
M,USD,MXN,2012-03-23,12.6833,1,1,SF60653,2026-07-01 0:00
M,USD,MXN,2012-03-24,12.833,1,1,SF60653,2026-07-01 0:00
M,USD,MXN,2012-03-25,12.833,1,1,SF60653,2026-07-01 0:00
M,USD,MXN,2012-03-26,12.833,1,1,SF60653,2026-07-01 0:00
M,USD,MXN,2012-03-27,12.8035,1,1,SF60653,2026-07-01 0:00
M,USD,MXN,2012-03-28,12.6795,1,1,SF60653,2026-07-01 0:00
M,USD,MXN,2012-03-29,12.6706,1,1,SF60653,2026-07-01 0:00
M,USD,MXN,2012-03-30,12.8039,1,1,SF60653,2026-07-01 0:00
M,USD,MXN,2012-03-31,12.8489,1,1,SF60653,2026-07-01 0:00
M,USD,MXN,2012-04-01,12.8489,1,1,SF60653,2026-07-01 0:00
M,USD,MXN,2012-04-02,12.8489,1,1,SF60653,2026-07-01 0:00
M,USD,MXN,2012-04-03,12.8093,1,1,SF60653,2026-07-01 0:00
M,USD,MXN,2012-04-04,12.7691,1,1,SF60653,2026-07-01 0:00
M,USD,MXN,2012-04-05,12.7317,1,1,SF60653,2026-07-01 0:00
M,USD,MXN,2012-04-06,12.7317,1,1,SF60653,2026-07-01 0:00
M,USD,MXN,2012-04-07,12.7317,1,1,SF60653,2026-07-01 0:00
M,USD,MXN,2012-04-08,12.7317,1,1,SF60653,2026-07-01 0:00
M,USD,MXN,2012-04-09,12.7317,1,1,SF60653,2026-07-01 0:00
M,USD,MXN,2012-04-10,12.8155,1,1,SF60653,2026-07-01 0:00
M,USD,MXN,2012-04-11,12.9902,1,1,SF60653,2026-07-01 0:00
M,USD,MXN,2012-04-12,13.1568,1,1,SF60653,2026-07-01 0:00
M,USD,MXN,2012-04-13,13.1324,1,1,SF60653,2026-07-01 0:00
M,USD,MXN,2012-04-14,13.0736,1,1,SF60653,2026-07-01 0:00
M,USD,MXN,2012-04-15,13.0736,1,1,SF60653,2026-07-01 0:00
M,USD,MXN,2012-04-16,13.0736,1,1,SF60653,2026-07-01 0:00
M,USD,MXN,2012-04-17,13.1458,1,1,SF60653,2026-07-01 0:00
M,USD,MXN,2012-04-18,13.2168,1,1,SF60653,2026-07-01 0:00
M,USD,MXN,2012-04-19,13.0816,1,1,SF60653,2026-07-01 0:00
M,USD,MXN,2012-04-20,13.1322,1,1,SF60653,2026-07-01 0:00
M,USD,MXN,2012-04-21,13.2288,1,1,SF60653,2026-07-01 0:00
M,USD,MXN,2012-04-22,13.2288,1,1,SF60653,2026-07-01 0:00
M,USD,MXN,2012-04-23,13.2288,1,1,SF60653,2026-07-01 0:00
M,USD,MXN,2012-04-24,13.1171,1,1,SF60653,2026-07-01 0:00
M,USD,MXN,2012-04-25,13.2087,1,1,SF60653,2026-07-01 0:00
M,USD,MXN,2012-04-26,13.1392,1,1,SF60653,2026-07-01 0:00
M,USD,MXN,2012-04-27,13.1667,1,1,SF60653,2026-07-01 0:00
M,USD,MXN,2012-04-28,13.2093,1,1,SF60653,2026-07-01 0:00
M,USD,MXN,2012-04-29,13.2093,1,1,SF60653,2026-07-01 0:00
M,USD,MXN,2012-04-30,13.2093,1,1,SF60653,2026-07-01 0:00
M,USD,MXN,2012-05-01,13.0141,1,1,SF60653,2026-07-01 0:00
M,USD,MXN,2012-05-02,13.0141,1,1,SF60653,2026-07-01 0:00
M,USD,MXN,2012-05-03,12.9942,1,1,SF60653,2026-07-01 0:00
M,USD,MXN,2012-05-04,12.9629,1,1,SF60653,2026-07-01 0:00
M,USD,MXN,2012-05-05,12.9725,1,1,SF60653,2026-07-01 0:00
M,USD,MXN,2012-05-06,12.9725,1,1,SF60653,2026-07-01 0:00
M,USD,MXN,2012-05-07,12.9725,1,1,SF60653,2026-07-01 0:00
M,USD,MXN,2012-05-08,13.1344,1,1,SF60653,2026-07-01 0:00
M,USD,MXN,2012-05-09,13.1659,1,1,SF60653,2026-07-01 0:00
M,USD,MXN,2012-05-10,13.3374,1,1,SF60653,2026-07-01 0:00
M,USD,MXN,2012-05-11,13.515,1,1,SF60653,2026-07-01 0:00
M,USD,MXN,2012-05-12,13.447,1,1,SF60653,2026-07-01 0:00
M,USD,MXN,2012-05-13,13.447,1,1,SF60653,2026-07-01 0:00
M,USD,MXN,2012-05-14,13.447,1,1,SF60653,2026-07-01 0:00
M,USD,MXN,2012-05-15,13.4929,1,1,SF60653,2026-07-01 0:00
M,USD,MXN,2012-05-16,13.6739,1,1,SF60653,2026-07-01 0:00
M,USD,MXN,2012-05-17,13.7302,1,1,SF60653,2026-07-01 0:00
M,USD,MXN,2012-05-18,13.7747,1,1,SF60653,2026-07-01 0:00
M,USD,MXN,2012-05-19,13.7994,1,1,SF60653,2026-07-01 0:00
M,USD,MXN,2012-05-20,13.7994,1,1,SF60653,2026-07-01 0:00
M,USD,MXN,2012-05-21,13.7994,1,1,SF60653,2026-07-01 0:00
M,USD,MXN,2012-05-22,13.7809,1,1,SF60653,2026-07-01 0:00
M,USD,MXN,2012-05-23,13.7935,1,1,SF60653,2026-07-01 0:00
M,USD,MXN,2012-05-24,13.7203,1,1,SF60653,2026-07-01 0:00
M,USD,MXN,2012-05-25,14.0335,1,1,SF60653,2026-07-01 0:00
M,USD,MXN,2012-05-26,14.004,1,1,SF60653,2026-07-01 0:00
M,USD,MXN,2012-05-27,14.004,1,1,SF60653,2026-07-01 0:00
M,USD,MXN,2012-05-28,14.004,1,1,SF60653,2026-07-01 0:00
M,USD,MXN,2012-05-29,14.0156,1,1,SF60653,2026-07-01 0:00
M,USD,MXN,2012-05-30,13.9439,1,1,SF60653,2026-07-01 0:00
M,USD,MXN,2012-05-31,13.9169,1,1,SF60653,2026-07-01 0:00
M,USD,MXN,2012-06-01,14.0749,1,1,SF60653,2026-07-01 0:00
M,USD,MXN,2012-06-02,14.3047,1,1,SF60653,2026-07-01 0:00
M,USD,MXN,2012-06-03,14.3047,1,1,SF60653,2026-07-01 0:00
M,USD,MXN,2012-06-04,14.3047,1,1,SF60653,2026-07-01 0:00
M,USD,MXN,2012-06-05,14.3949,1,1,SF60653,2026-07-01 0:00
M,USD,MXN,2012-06-06,14.2443,1,1,SF60653,2026-07-01 0:00
M,USD,MXN,2012-06-07,14.2319,1,1,SF60653,2026-07-01 0:00
M,USD,MXN,2012-06-08,14.1116,1,1,SF60653,2026-07-01 0:00
M,USD,MXN,2012-06-09,13.9355,1,1,SF60653,2026-07-01 0:00
M,USD,MXN,2012-06-10,13.9355,1,1,SF60653,2026-07-01 0:00
M,USD,MXN,2012-06-11,13.9355,1,1,SF60653,2026-07-01 0:00
M,USD,MXN,2012-06-12,14.0351,1,1,SF60653,2026-07-01 0:00
M,USD,MXN,2012-06-13,13.9625,1,1,SF60653,2026-07-01 0:00
M,USD,MXN,2012-06-14,14.006,1,1,SF60653,2026-07-01 0:00
M,USD,MXN,2012-06-15,13.97,1,1,SF60653,2026-07-01 0:00
M,USD,MXN,2012-06-16,13.9974,1,1,SF60653,2026-07-01 0:00
M,USD,MXN,2012-06-17,13.9974,1,1,SF60653,2026-07-01 0:00
M,USD,MXN,2012-06-18,13.9974,1,1,SF60653,2026-07-01 0:00
M,USD,MXN,2012-06-19,13.9115,1,1,SF60653,2026-07-01 0:00
M,USD,MXN,2012-06-20,13.9154,1,1,SF60653,2026-07-01 0:00
M,USD,MXN,2012-06-21,13.7033,1,1,SF60653,2026-07-01 0:00
M,USD,MXN,2012-06-22,13.7257,1,1,SF60653,2026-07-01 0:00
M,USD,MXN,2012-06-23,13.7668,1,1,SF60653,2026-07-01 0:00
M,USD,MXN,2012-06-24,13.7668,1,1,SF60653,2026-07-01 0:00
M,USD,MXN,2012-06-25,13.7668,1,1,SF60653,2026-07-01 0:00
M,USD,MXN,2012-06-26,13.849,1,1,SF60653,2026-07-01 0:00
M,USD,MXN,2012-06-27,13.9542,1,1,SF60653,2026-07-01 0:00
M,USD,MXN,2012-06-28,13.8616,1,1,SF60653,2026-07-01 0:00
M,USD,MXN,2012-06-29,13.6652,1,1,SF60653,2026-07-01 0:00
M,USD,MXN,2012-06-30,13.653,1,1,SF60653,2026-07-01 0:00
M,USD,MXN,2012-07-01,13.653,1,1,SF60653,2026-07-01 0:00
M,USD,MXN,2012-07-02,13.653,1,1,SF60653,2026-07-01 0:00
M,USD,MXN,2012-07-03,13.4084,1,1,SF60653,2026-07-01 0:00
M,USD,MXN,2012-07-04,13.397,1,1,SF60653,2026-07-01 0:00
M,USD,MXN,2012-07-05,13.3174,1,1,SF60653,2026-07-01 0:00
M,USD,MXN,2012-07-06,13.3617,1,1,SF60653,2026-07-01 0:00
M,USD,MXN,2012-07-07,13.3508,1,1,SF60653,2026-07-01 0:00
M,USD,MXN,2012-07-08,13.3508,1,1,SF60653,2026-07-01 0:00
M,USD,MXN,2012-07-09,13.3508,1,1,SF60653,2026-07-01 0:00
M,USD,MXN,2012-07-10,13.4925,1,1,SF60653,2026-07-01 0:00
M,USD,MXN,2012-07-11,13.4533,1,1,SF60653,2026-07-01 0:00
M,USD,MXN,2012-07-12,13.2924,1,1,SF60653,2026-07-01 0:00
M,USD,MXN,2012-07-13,13.3241,1,1,SF60653,2026-07-01 0:00
M,USD,MXN,2012-07-14,13.4795,1,1,SF60653,2026-07-01 0:00
M,USD,MXN,2012-07-15,13.4795,1,1,SF60653,2026-07-01 0:00
M,USD,MXN,2012-07-16,13.4795,1,1,SF60653,2026-07-01 0:00
M,USD,MXN,2012-07-17,13.3449,1,1,SF60653,2026-07-01 0:00
M,USD,MXN,2012-07-18,13.2832,1,1,SF60653,2026-07-01 0:00
M,USD,MXN,2012-07-19,13.2226,1,1,SF60653,2026-07-01 0:00
M,USD,MXN,2012-07-20,13.1201,1,1,SF60653,2026-07-01 0:00
M,USD,MXN,2012-07-21,13.1921,1,1,SF60653,2026-07-01 0:00
M,USD,MXN,2012-07-22,13.1921,1,1,SF60653,2026-07-01 0:00
M,USD,MXN,2012-07-23,13.1921,1,1,SF60653,2026-07-01 0:00
M,USD,MXN,2012-07-24,13.2928,1,1,SF60653,2026-07-01 0:00
M,USD,MXN,2012-07-25,13.5218,1,1,SF60653,2026-07-01 0:00
M,USD,MXN,2012-07-26,13.6796,1,1,SF60653,2026-07-01 0:00
M,USD,MXN,2012-07-27,13.6541,1,1,SF60653,2026-07-01 0:00
M,USD,MXN,2012-07-28,13.4425,1,1,SF60653,2026-07-01 0:00
M,USD,MXN,2012-07-29,13.4425,1,1,SF60653,2026-07-01 0:00
M,USD,MXN,2012-07-30,13.4425,1,1,SF60653,2026-07-01 0:00
M,USD,MXN,2012-07-31,13.2837,1,1,SF60653,2026-07-01 0:00
M,USD,MXN,2012-08-01,13.2644,1,1,SF60653,2026-07-01 0:00
M,USD,MXN,2012-08-02,13.2833,1,1,SF60653,2026-07-01 0:00
M,USD,MXN,2012-08-03,13.2867,1,1,SF60653,2026-07-01 0:00
M,USD,MXN,2012-08-04,13.3927,1,1,SF60653,2026-07-01 0:00
M,USD,MXN,2012-08-05,13.3927,1,1,SF60653,2026-07-01 0:00
M,USD,MXN,2012-08-06,13.3927,1,1,SF60653,2026-07-01 0:00
M,USD,MXN,2012-08-07,13.1357,1,1,SF60653,2026-07-01 0:00
M,USD,MXN,2012-08-08,13.0708,1,1,SF60653,2026-07-01 0:00
M,USD,MXN,2012-08-09,13.1849,1,1,SF60653,2026-07-01 0:00
M,USD,MXN,2012-08-10,13.1891,1,1,SF60653,2026-07-01 0:00
M,USD,MXN,2012-08-11,13.1188,1,1,SF60653,2026-07-01 0:00
M,USD,MXN,2012-08-12,13.1188,1,1,SF60653,2026-07-01 0:00
M,USD,MXN,2012-08-13,13.1188,1,1,SF60653,2026-07-01 0:00
M,USD,MXN,2012-08-14,13.1094,1,1,SF60653,2026-07-01 0:00
M,USD,MXN,2012-08-15,13.1474,1,1,SF60653,2026-07-01 0:00
M,USD,MXN,2012-08-16,13.1311,1,1,SF60653,2026-07-01 0:00
M,USD,MXN,2012-08-17,13.1639,1,1,SF60653,2026-07-01 0:00
M,USD,MXN,2012-08-18,13.143,1,1,SF60653,2026-07-01 0:00
M,USD,MXN,2012-08-19,13.143,1,1,SF60653,2026-07-01 0:00
M,USD,MXN,2012-08-20,13.143,1,1,SF60653,2026-07-01 0:00
M,USD,MXN,2012-08-21,13.1745,1,1,SF60653,2026-07-01 0:00
M,USD,MXN,2012-08-22,13.1261,1,1,SF60653,2026-07-01 0:00
M,USD,MXN,2012-08-23,13.0854,1,1,SF60653,2026-07-01 0:00
M,USD,MXN,2012-08-24,13.1762,1,1,SF60653,2026-07-01 0:00
M,USD,MXN,2012-08-25,13.1284,1,1,SF60653,2026-07-01 0:00
M,USD,MXN,2012-08-26,13.1284,1,1,SF60653,2026-07-01 0:00
M,USD,MXN,2012-08-27,13.1284,1,1,SF60653,2026-07-01 0:00
M,USD,MXN,2012-08-28,13.176,1,1,SF60653,2026-07-01 0:00
M,USD,MXN,2012-08-29,13.1703,1,1,SF60653,2026-07-01 0:00
M,USD,MXN,2012-08-30,13.1847,1,1,SF60653,2026-07-01 0:00
M,USD,MXN,2012-08-31,13.2746,1,1,SF60653,2026-07-01 0:00
M,USD,MXN,2012-09-01,13.4172,1,1,SF60653,2026-07-01 0:00
M,USD,MXN,2012-09-02,13.4172,1,1,SF60653,2026-07-01 0:00
M,USD,MXN,2012-09-03,13.4172,1,1,SF60653,2026-07-01 0:00
M,USD,MXN,2012-09-04,13.2571,1,1,SF60653,2026-07-01 0:00
M,USD,MXN,2012-09-05,13.191,1,1,SF60653,2026-07-01 0:00
M,USD,MXN,2012-09-06,13.1793,1,1,SF60653,2026-07-01 0:00
M,USD,MXN,2012-09-07,13.1221,1,1,SF60653,2026-07-01 0:00
M,USD,MXN,2012-09-08,13.0483,1,1,SF60653,2026-07-01 0:00
M,USD,MXN,2012-09-09,13.0483,1,1,SF60653,2026-07-01 0:00
M,USD,MXN,2012-09-10,13.0483,1,1,SF60653,2026-07-01 0:00
M,USD,MXN,2012-09-11,12.9976,1,1,SF60653,2026-07-01 0:00
M,USD,MXN,2012-09-12,12.9921,1,1,SF60653,2026-07-01 0:00
M,USD,MXN,2012-09-13,12.9992,1,1,SF60653,2026-07-01 0:00
M,USD,MXN,2012-09-14,13.0305,1,1,SF60653,2026-07-01 0:00
M,USD,MXN,2012-09-15,12.9749,1,1,SF60653,2026-07-01 0:00
M,USD,MXN,2012-09-16,12.9749,1,1,SF60653,2026-07-01 0:00
M,USD,MXN,2012-09-17,12.9749,1,1,SF60653,2026-07-01 0:00
M,USD,MXN,2012-09-18,12.7458,1,1,SF60653,2026-07-01 0:00
M,USD,MXN,2012-09-19,12.7492,1,1,SF60653,2026-07-01 0:00
M,USD,MXN,2012-09-20,12.8192,1,1,SF60653,2026-07-01 0:00
M,USD,MXN,2012-09-21,12.8235,1,1,SF60653,2026-07-01 0:00
M,USD,MXN,2012-09-22,12.9042,1,1,SF60653,2026-07-01 0:00
M,USD,MXN,2012-09-23,12.9042,1,1,SF60653,2026-07-01 0:00
M,USD,MXN,2012-09-24,12.9042,1,1,SF60653,2026-07-01 0:00
M,USD,MXN,2012-09-25,12.8376,1,1,SF60653,2026-07-01 0:00
M,USD,MXN,2012-09-26,12.9123,1,1,SF60653,2026-07-01 0:00
M,USD,MXN,2012-09-27,12.8233,1,1,SF60653,2026-07-01 0:00
M,USD,MXN,2012-09-28,12.917,1,1,SF60653,2026-07-01 0:00
M,USD,MXN,2012-09-29,12.8521,1,1,SF60653,2026-07-01 0:00
M,USD,MXN,2012-09-30,12.8521,1,1,SF60653,2026-07-01 0:00
M,USD,MXN,2012-10-01,12.8521,1,1,SF60653,2026-07-01 0:00
M,USD,MXN,2012-10-02,12.8695,1,1,SF60653,2026-07-01 0:00
M,USD,MXN,2012-10-03,12.8178,1,1,SF60653,2026-07-01 0:00
M,USD,MXN,2012-10-04,12.8375,1,1,SF60653,2026-07-01 0:00
M,USD,MXN,2012-10-05,12.8528,1,1,SF60653,2026-07-01 0:00
M,USD,MXN,2012-10-06,12.7589,1,1,SF60653,2026-07-01 0:00
M,USD,MXN,2012-10-07,12.7589,1,1,SF60653,2026-07-01 0:00
M,USD,MXN,2012-10-08,12.7589,1,1,SF60653,2026-07-01 0:00
M,USD,MXN,2012-10-09,12.6987,1,1,SF60653,2026-07-01 0:00
M,USD,MXN,2012-10-10,12.8426,1,1,SF60653,2026-07-01 0:00
M,USD,MXN,2012-10-11,12.868,1,1,SF60653,2026-07-01 0:00
M,USD,MXN,2012-10-12,12.9119,1,1,SF60653,2026-07-01 0:00
M,USD,MXN,2012-10-13,12.8792,1,1,SF60653,2026-07-01 0:00
M,USD,MXN,2012-10-14,12.8792,1,1,SF60653,2026-07-01 0:00
M,USD,MXN,2012-10-15,12.8792,1,1,SF60653,2026-07-01 0:00
M,USD,MXN,2012-10-16,12.8901,1,1,SF60653,2026-07-01 0:00
M,USD,MXN,2012-10-17,12.8188,1,1,SF60653,2026-07-01 0:00
M,USD,MXN,2012-10-18,12.8077,1,1,SF60653,2026-07-01 0:00
M,USD,MXN,2012-10-19,12.7981,1,1,SF60653,2026-07-01 0:00
M,USD,MXN,2012-10-20,12.8299,1,1,SF60653,2026-07-01 0:00
M,USD,MXN,2012-10-21,12.8299,1,1,SF60653,2026-07-01 0:00
M,USD,MXN,2012-10-22,12.8299,1,1,SF60653,2026-07-01 0:00
M,USD,MXN,2012-10-23,12.8551,1,1,SF60653,2026-07-01 0:00
M,USD,MXN,2012-10-24,12.8571,1,1,SF60653,2026-07-01 0:00
M,USD,MXN,2012-10-25,12.9759,1,1,SF60653,2026-07-01 0:00
M,USD,MXN,2012-10-26,12.9839,1,1,SF60653,2026-07-01 0:00
M,USD,MXN,2012-10-27,12.9669,1,1,SF60653,2026-07-01 0:00
M,USD,MXN,2012-10-28,12.9669,1,1,SF60653,2026-07-01 0:00
M,USD,MXN,2012-10-29,12.9669,1,1,SF60653,2026-07-01 0:00
M,USD,MXN,2012-10-30,13.0112,1,1,SF60653,2026-07-01 0:00
M,USD,MXN,2012-10-31,13.09,1,1,SF60653,2026-07-01 0:00
M,USD,MXN,2012-11-01,13.0498,1,1,SF60653,2026-07-01 0:00
M,USD,MXN,2012-11-02,13.0911,1,1,SF60653,2026-07-01 0:00
M,USD,MXN,2012-11-03,13.0911,1,1,SF60653,2026-07-01 0:00
M,USD,MXN,2012-11-04,13.0911,1,1,SF60653,2026-07-01 0:00
M,USD,MXN,2012-11-05,13.0911,1,1,SF60653,2026-07-01 0:00
M,USD,MXN,2012-11-06,13.0387,1,1,SF60653,2026-07-01 0:00
M,USD,MXN,2012-11-07,13.0449,1,1,SF60653,2026-07-01 0:00
M,USD,MXN,2012-11-08,12.9769,1,1,SF60653,2026-07-01 0:00
M,USD,MXN,2012-11-09,13.0432,1,1,SF60653,2026-07-01 0:00
M,USD,MXN,2012-11-10,13.1168,1,1,SF60653,2026-07-01 0:00
M,USD,MXN,2012-11-11,13.1168,1,1,SF60653,2026-07-01 0:00
M,USD,MXN,2012-11-12,13.1168,1,1,SF60653,2026-07-01 0:00
M,USD,MXN,2012-11-13,13.1789,1,1,SF60653,2026-07-01 0:00
M,USD,MXN,2012-11-14,13.1975,1,1,SF60653,2026-07-01 0:00
M,USD,MXN,2012-11-15,13.2284,1,1,SF60653,2026-07-01 0:00
M,USD,MXN,2012-11-16,13.2353,1,1,SF60653,2026-07-01 0:00
M,USD,MXN,2012-11-17,13.2522,1,1,SF60653,2026-07-01 0:00
M,USD,MXN,2012-11-18,13.2522,1,1,SF60653,2026-07-01 0:00
M,USD,MXN,2012-11-19,13.2522,1,1,SF60653,2026-07-01 0:00
M,USD,MXN,2012-11-20,13.2522,1,1,SF60653,2026-07-01 0:00
M,USD,MXN,2012-11-21,13.2063,1,1,SF60653,2026-07-01 0:00
M,USD,MXN,2012-11-22,13.0245,1,1,SF60653,2026-07-01 0:00
M,USD,MXN,2012-11-23,13.0395,1,1,SF60653,2026-07-01 0:00
M,USD,MXN,2012-11-24,13.0188,1,1,SF60653,2026-07-01 0:00
M,USD,MXN,2012-11-25,13.0188,1,1,SF60653,2026-07-01 0:00
M,USD,MXN,2012-11-26,13.0188,1,1,SF60653,2026-07-01 0:00
M,USD,MXN,2012-11-27,12.9799,1,1,SF60653,2026-07-01 0:00
M,USD,MXN,2012-11-28,12.9984,1,1,SF60653,2026-07-01 0:00
M,USD,MXN,2012-11-29,12.9861,1,1,SF60653,2026-07-01 0:00
M,USD,MXN,2012-11-30,13.0372,1,1,SF60653,2026-07-01 0:00
M,USD,MXN,2012-12-01,12.9617,1,1,SF60653,2026-07-01 0:00
M,USD,MXN,2012-12-02,12.9617,1,1,SF60653,2026-07-01 0:00
M,USD,MXN,2012-12-03,12.9617,1,1,SF60653,2026-07-01 0:00
M,USD,MXN,2012-12-04,12.9268,1,1,SF60653,2026-07-01 0:00
M,USD,MXN,2012-12-05,12.9335,1,1,SF60653,2026-07-01 0:00
M,USD,MXN,2012-12-06,12.96,1,1,SF60653,2026-07-01 0:00
M,USD,MXN,2012-12-07,12.9284,1,1,SF60653,2026-07-01 0:00
M,USD,MXN,2012-12-08,12.9102,1,1,SF60653,2026-07-01 0:00
M,USD,MXN,2012-12-09,12.9102,1,1,SF60653,2026-07-01 0:00
M,USD,MXN,2012-12-10,12.9102,1,1,SF60653,2026-07-01 0:00
M,USD,MXN,2012-12-11,12.8469,1,1,SF60653,2026-07-01 0:00
M,USD,MXN,2012-12-12,12.7964,1,1,SF60653,2026-07-01 0:00
M,USD,MXN,2012-12-13,12.7964,1,1,SF60653,2026-07-01 0:00
M,USD,MXN,2012-12-14,12.7584,1,1,SF60653,2026-07-01 0:00
M,USD,MXN,2012-12-15,12.7869,1,1,SF60653,2026-07-01 0:00
M,USD,MXN,2012-12-16,12.7869,1,1,SF60653,2026-07-01 0:00
M,USD,MXN,2012-12-17,12.7869,1,1,SF60653,2026-07-01 0:00
M,USD,MXN,2012-12-18,12.7768,1,1,SF60653,2026-07-01 0:00
M,USD,MXN,2012-12-19,12.7624,1,1,SF60653,2026-07-01 0:00
M,USD,MXN,2012-12-20,12.7236,1,1,SF60653,2026-07-01 0:00
M,USD,MXN,2012-12-21,12.7327,1,1,SF60653,2026-07-01 0:00
M,USD,MXN,2012-12-22,12.7777,1,1,SF60653,2026-07-01 0:00
M,USD,MXN,2012-12-23,12.7777,1,1,SF60653,2026-07-01 0:00
M,USD,MXN,2012-12-24,12.7777,1,1,SF60653,2026-07-01 0:00
M,USD,MXN,2012-12-25,12.8991,1,1,SF60653,2026-07-01 0:00
M,USD,MXN,2012-12-26,12.8991,1,1,SF60653,2026-07-01 0:00
M,USD,MXN,2012-12-27,12.9764,1,1,SF60653,2026-07-01 0:00
M,USD,MXN,2012-12-28,13.0058,1,1,SF60653,2026-07-01 0:00
M,USD,MXN,2012-12-29,13.0101,1,1,SF60653,2026-07-01 0:00
M,USD,MXN,2012-12-30,13.0101,1,1,SF60653,2026-07-01 0:00
M,USD,MXN,2012-12-31,13.0101,1,1,SF60653,2026-07-01 0:00
M,USD,MXN,2013-01-01,12.988,1,1,SF60653,2026-07-01 0:00
M,USD,MXN,2013-01-02,12.988,1,1,SF60653,2026-07-01 0:00
M,USD,MXN,2013-01-03,12.9658,1,1,SF60653,2026-07-01 0:00
M,USD,MXN,2013-01-04,12.7488,1,1,SF60653,2026-07-01 0:00
M,USD,MXN,2013-01-05,12.743,1,1,SF60653,2026-07-01 0:00
M,USD,MXN,2013-01-06,12.743,1,1,SF60653,2026-07-01 0:00
M,USD,MXN,2013-01-07,12.743,1,1,SF60653,2026-07-01 0:00
M,USD,MXN,2013-01-08,12.7597,1,1,SF60653,2026-07-01 0:00
M,USD,MXN,2013-01-09,12.7679,1,1,SF60653,2026-07-01 0:00
M,USD,MXN,2013-01-10,12.8015,1,1,SF60653,2026-07-01 0:00
M,USD,MXN,2013-01-11,12.7503,1,1,SF60653,2026-07-01 0:00
M,USD,MXN,2013-01-12,12.6555,1,1,SF60653,2026-07-01 0:00
M,USD,MXN,2013-01-13,12.6555,1,1,SF60653,2026-07-01 0:00
M,USD,MXN,2013-01-14,12.6555,1,1,SF60653,2026-07-01 0:00
M,USD,MXN,2013-01-15,12.6478,1,1,SF60653,2026-07-01 0:00
M,USD,MXN,2013-01-16,12.6533,1,1,SF60653,2026-07-01 0:00
M,USD,MXN,2013-01-17,12.6526,1,1,SF60653,2026-07-01 0:00
M,USD,MXN,2013-01-18,12.6305,1,1,SF60653,2026-07-01 0:00
M,USD,MXN,2013-01-19,12.5868,1,1,SF60653,2026-07-01 0:00
M,USD,MXN,2013-01-20,12.5868,1,1,SF60653,2026-07-01 0:00
M,USD,MXN,2013-01-21,12.5868,1,1,SF60653,2026-07-01 0:00
M,USD,MXN,2013-01-22,12.6555,1,1,SF60653,2026-07-01 0:00
M,USD,MXN,2013-01-23,12.7098,1,1,SF60653,2026-07-01 0:00
M,USD,MXN,2013-01-24,12.6817,1,1,SF60653,2026-07-01 0:00
M,USD,MXN,2013-01-25,12.6616,1,1,SF60653,2026-07-01 0:00
M,USD,MXN,2013-01-26,12.6286,1,1,SF60653,2026-07-01 0:00
M,USD,MXN,2013-01-27,12.6286,1,1,SF60653,2026-07-01 0:00
M,USD,MXN,2013-01-28,12.6286,1,1,SF60653,2026-07-01 0:00
M,USD,MXN,2013-01-29,12.6993,1,1,SF60653,2026-07-01 0:00
M,USD,MXN,2013-01-30,12.7802,1,1,SF60653,2026-07-01 0:00
M,USD,MXN,2013-01-31,12.7134,1,1,SF60653,2026-07-01 0:00
M,USD,MXN,2013-02-01,12.7408,1,1,SF60653,2026-07-01 0:00
M,USD,MXN,2013-02-02,12.7094,1,1,SF60653,2026-07-01 0:00
M,USD,MXN,2013-02-03,12.7094,1,1,SF60653,2026-07-01 0:00
M,USD,MXN,2013-02-04,12.7094,1,1,SF60653,2026-07-01 0:00
M,USD,MXN,2013-02-05,12.7094,1,1,SF60653,2026-07-01 0:00
M,USD,MXN,2013-02-06,12.6377,1,1,SF60653,2026-07-01 0:00
M,USD,MXN,2013-02-07,12.6294,1,1,SF60653,2026-07-01 0:00
M,USD,MXN,2013-02-08,12.6664,1,1,SF60653,2026-07-01 0:00
M,USD,MXN,2013-02-09,12.7105,1,1,SF60653,2026-07-01 0:00
M,USD,MXN,2013-02-10,12.7105,1,1,SF60653,2026-07-01 0:00
M,USD,MXN,2013-02-11,12.7105,1,1,SF60653,2026-07-01 0:00
M,USD,MXN,2013-02-12,12.7307,1,1,SF60653,2026-07-01 0:00
M,USD,MXN,2013-02-13,12.7706,1,1,SF60653,2026-07-01 0:00
M,USD,MXN,2013-02-14,12.7364,1,1,SF60653,2026-07-01 0:00
M,USD,MXN,2013-02-15,12.7116,1,1,SF60653,2026-07-01 0:00
M,USD,MXN,2013-02-16,12.6982,1,1,SF60653,2026-07-01 0:00
M,USD,MXN,2013-02-17,12.6982,1,1,SF60653,2026-07-01 0:00
M,USD,MXN,2013-02-18,12.6982,1,1,SF60653,2026-07-01 0:00
M,USD,MXN,2013-02-19,12.6866,1,1,SF60653,2026-07-01 0:00
M,USD,MXN,2013-02-20,12.6959,1,1,SF60653,2026-07-01 0:00
M,USD,MXN,2013-02-21,12.6873,1,1,SF60653,2026-07-01 0:00
M,USD,MXN,2013-02-22,12.6694,1,1,SF60653,2026-07-01 0:00
M,USD,MXN,2013-02-23,12.7699,1,1,SF60653,2026-07-01 0:00
M,USD,MXN,2013-02-24,12.7699,1,1,SF60653,2026-07-01 0:00
M,USD,MXN,2013-02-25,12.7699,1,1,SF60653,2026-07-01 0:00
M,USD,MXN,2013-02-26,12.7517,1,1,SF60653,2026-07-01 0:00
M,USD,MXN,2013-02-27,12.7028,1,1,SF60653,2026-07-01 0:00
M,USD,MXN,2013-02-28,12.868,1,1,SF60653,2026-07-01 0:00
M,USD,MXN,2013-03-01,12.8322,1,1,SF60653,2026-07-01 0:00
M,USD,MXN,2013-03-02,12.7795,1,1,SF60653,2026-07-01 0:00
M,USD,MXN,2013-03-03,12.7795,1,1,SF60653,2026-07-01 0:00
M,USD,MXN,2013-03-04,12.7795,1,1,SF60653,2026-07-01 0:00
M,USD,MXN,2013-03-05,12.8012,1,1,SF60653,2026-07-01 0:00
M,USD,MXN,2013-03-06,12.7814,1,1,SF60653,2026-07-01 0:00
M,USD,MXN,2013-03-07,12.7355,1,1,SF60653,2026-07-01 0:00
M,USD,MXN,2013-03-08,12.7345,1,1,SF60653,2026-07-01 0:00
M,USD,MXN,2013-03-09,12.7839,1,1,SF60653,2026-07-01 0:00
M,USD,MXN,2013-03-10,12.7839,1,1,SF60653,2026-07-01 0:00
M,USD,MXN,2013-03-11,12.7839,1,1,SF60653,2026-07-01 0:00
M,USD,MXN,2013-03-12,12.6684,1,1,SF60653,2026-07-01 0:00
M,USD,MXN,2013-03-13,12.5308,1,1,SF60653,2026-07-01 0:00
M,USD,MXN,2013-03-14,12.4641,1,1,SF60653,2026-07-01 0:00
M,USD,MXN,2013-03-15,12.3967,1,1,SF60653,2026-07-01 0:00
M,USD,MXN,2013-03-16,12.4545,1,1,SF60653,2026-07-01 0:00
M,USD,MXN,2013-03-17,12.4545,1,1,SF60653,2026-07-01 0:00
M,USD,MXN,2013-03-18,12.4545,1,1,SF60653,2026-07-01 0:00
M,USD,MXN,2013-03-19,12.4545,1,1,SF60653,2026-07-01 0:00
M,USD,MXN,2013-03-20,12.439,1,1,SF60653,2026-07-01 0:00
M,USD,MXN,2013-03-21,12.4339,1,1,SF60653,2026-07-01 0:00
M,USD,MXN,2013-03-22,12.3909,1,1,SF60653,2026-07-01 0:00
M,USD,MXN,2013-03-23,12.3841,1,1,SF60653,2026-07-01 0:00
M,USD,MXN,2013-03-24,12.3841,1,1,SF60653,2026-07-01 0:00
M,USD,MXN,2013-03-25,12.3841,1,1,SF60653,2026-07-01 0:00
M,USD,MXN,2013-03-26,12.3724,1,1,SF60653,2026-07-01 0:00
M,USD,MXN,2013-03-27,12.3579,1,1,SF60653,2026-07-01 0:00
M,USD,MXN,2013-03-28,12.3546,1,1,SF60653,2026-07-01 0:00
M,USD,MXN,2013-03-29,12.3546,1,1,SF60653,2026-07-01 0:00
M,USD,MXN,2013-03-30,12.3546,1,1,SF60653,2026-07-01 0:00
M,USD,MXN,2013-03-31,12.3546,1,1,SF60653,2026-07-01 0:00
M,USD,MXN,2013-04-01,12.3546,1,1,SF60653,2026-07-01 0:00
M,USD,MXN,2013-04-02,12.3612,1,1,SF60653,2026-07-01 0:00
M,USD,MXN,2013-04-03,12.3438,1,1,SF60653,2026-07-01 0:00
M,USD,MXN,2013-04-04,12.2728,1,1,SF60653,2026-07-01 0:00
M,USD,MXN,2013-04-05,12.3266,1,1,SF60653,2026-07-01 0:00
M,USD,MXN,2013-04-06,12.3197,1,1,SF60653,2026-07-01 0:00
M,USD,MXN,2013-04-07,12.3197,1,1,SF60653,2026-07-01 0:00
M,USD,MXN,2013-04-08,12.3197,1,1,SF60653,2026-07-01 0:00
M,USD,MXN,2013-04-09,12.2383,1,1,SF60653,2026-07-01 0:00
M,USD,MXN,2013-04-10,12.1588,1,1,SF60653,2026-07-01 0:00
M,USD,MXN,2013-04-11,12.1304,1,1,SF60653,2026-07-01 0:00
M,USD,MXN,2013-04-12,12.114,1,1,SF60653,2026-07-01 0:00
M,USD,MXN,2013-04-13,12.0691,1,1,SF60653,2026-07-01 0:00
M,USD,MXN,2013-04-14,12.0691,1,1,SF60653,2026-07-01 0:00
M,USD,MXN,2013-04-15,12.0691,1,1,SF60653,2026-07-01 0:00
M,USD,MXN,2013-04-16,12.0824,1,1,SF60653,2026-07-01 0:00
M,USD,MXN,2013-04-17,12.1729,1,1,SF60653,2026-07-01 0:00
M,USD,MXN,2013-04-18,12.1668,1,1,SF60653,2026-07-01 0:00
M,USD,MXN,2013-04-19,12.237,1,1,SF60653,2026-07-01 0:00
M,USD,MXN,2013-04-20,12.2479,1,1,SF60653,2026-07-01 0:00
M,USD,MXN,2013-04-21,12.2479,1,1,SF60653,2026-07-01 0:00
M,USD,MXN,2013-04-22,12.2479,1,1,SF60653,2026-07-01 0:00
M,USD,MXN,2013-04-23,12.2254,1,1,SF60653,2026-07-01 0:00
M,USD,MXN,2013-04-24,12.3227,1,1,SF60653,2026-07-01 0:00
M,USD,MXN,2013-04-25,12.2492,1,1,SF60653,2026-07-01 0:00
M,USD,MXN,2013-04-26,12.2768,1,1,SF60653,2026-07-01 0:00
M,USD,MXN,2013-04-27,12.1231,1,1,SF60653,2026-07-01 0:00
M,USD,MXN,2013-04-28,12.1231,1,1,SF60653,2026-07-01 0:00
M,USD,MXN,2013-04-29,12.1231,1,1,SF60653,2026-07-01 0:00
M,USD,MXN,2013-04-30,12.155,1,1,SF60653,2026-07-01 0:00
M,USD,MXN,2013-05-01,12.1326,1,1,SF60653,2026-07-01 0:00
M,USD,MXN,2013-05-02,12.1326,1,1,SF60653,2026-07-01 0:00
M,USD,MXN,2013-05-03,12.1456,1,1,SF60653,2026-07-01 0:00
M,USD,MXN,2013-05-04,12.1756,1,1,SF60653,2026-07-01 0:00
M,USD,MXN,2013-05-05,12.1756,1,1,SF60653,2026-07-01 0:00
M,USD,MXN,2013-05-06,12.1756,1,1,SF60653,2026-07-01 0:00
M,USD,MXN,2013-05-07,12.0851,1,1,SF60653,2026-07-01 0:00
M,USD,MXN,2013-05-08,12.1074,1,1,SF60653,2026-07-01 0:00
M,USD,MXN,2013-05-09,12.0733,1,1,SF60653,2026-07-01 0:00
M,USD,MXN,2013-05-10,12.0393,1,1,SF60653,2026-07-01 0:00
M,USD,MXN,2013-05-11,11.9807,1,1,SF60653,2026-07-01 0:00
M,USD,MXN,2013-05-12,11.9807,1,1,SF60653,2026-07-01 0:00
M,USD,MXN,2013-05-13,11.9807,1,1,SF60653,2026-07-01 0:00
M,USD,MXN,2013-05-14,12.1094,1,1,SF60653,2026-07-01 0:00
M,USD,MXN,2013-05-15,12.1448,1,1,SF60653,2026-07-01 0:00
M,USD,MXN,2013-05-16,12.1485,1,1,SF60653,2026-07-01 0:00
M,USD,MXN,2013-05-17,12.2313,1,1,SF60653,2026-07-01 0:00
M,USD,MXN,2013-05-18,12.2378,1,1,SF60653,2026-07-01 0:00
M,USD,MXN,2013-05-19,12.2378,1,1,SF60653,2026-07-01 0:00
M,USD,MXN,2013-05-20,12.2378,1,1,SF60653,2026-07-01 0:00
M,USD,MXN,2013-05-21,12.3177,1,1,SF60653,2026-07-01 0:00
M,USD,MXN,2013-05-22,12.3258,1,1,SF60653,2026-07-01 0:00
M,USD,MXN,2013-05-23,12.3414,1,1,SF60653,2026-07-01 0:00
M,USD,MXN,2013-05-24,12.3113,1,1,SF60653,2026-07-01 0:00
M,USD,MXN,2013-05-25,12.4764,1,1,SF60653,2026-07-01 0:00
M,USD,MXN,2013-05-26,12.4764,1,1,SF60653,2026-07-01 0:00
M,USD,MXN,2013-05-27,12.4764,1,1,SF60653,2026-07-01 0:00
M,USD,MXN,2013-05-28,12.5219,1,1,SF60653,2026-07-01 0:00
M,USD,MXN,2013-05-29,12.4831,1,1,SF60653,2026-07-01 0:00
M,USD,MXN,2013-05-30,12.5275,1,1,SF60653,2026-07-01 0:00
M,USD,MXN,2013-05-31,12.6328,1,1,SF60653,2026-07-01 0:00
M,USD,MXN,2013-06-01,12.7781,1,1,SF60653,2026-07-01 0:00
M,USD,MXN,2013-06-02,12.7781,1,1,SF60653,2026-07-01 0:00
M,USD,MXN,2013-06-03,12.7781,1,1,SF60653,2026-07-01 0:00
M,USD,MXN,2013-06-04,12.8035,1,1,SF60653,2026-07-01 0:00
M,USD,MXN,2013-06-05,12.7882,1,1,SF60653,2026-07-01 0:00
M,USD,MXN,2013-06-06,12.7317,1,1,SF60653,2026-07-01 0:00
M,USD,MXN,2013-06-07,12.8167,1,1,SF60653,2026-07-01 0:00
M,USD,MXN,2013-06-08,12.9079,1,1,SF60653,2026-07-01 0:00
M,USD,MXN,2013-06-09,12.9079,1,1,SF60653,2026-07-01 0:00
M,USD,MXN,2013-06-10,12.9079,1,1,SF60653,2026-07-01 0:00
M,USD,MXN,2013-06-11,12.7173,1,1,SF60653,2026-07-01 0:00
M,USD,MXN,2013-06-12,12.8572,1,1,SF60653,2026-07-01 0:00
M,USD,MXN,2013-06-13,12.8846,1,1,SF60653,2026-07-01 0:00
M,USD,MXN,2013-06-14,12.8442,1,1,SF60653,2026-07-01 0:00
M,USD,MXN,2013-06-15,12.7812,1,1,SF60653,2026-07-01 0:00
M,USD,MXN,2013-06-16,12.7812,1,1,SF60653,2026-07-01 0:00
M,USD,MXN,2013-06-17,12.7812,1,1,SF60653,2026-07-01 0:00
M,USD,MXN,2013-06-18,12.6916,1,1,SF60653,2026-07-01 0:00
M,USD,MXN,2013-06-19,12.737,1,1,SF60653,2026-07-01 0:00
M,USD,MXN,2013-06-20,12.88,1,1,SF60653,2026-07-01 0:00
M,USD,MXN,2013-06-21,12.8695,1,1,SF60653,2026-07-01 0:00
M,USD,MXN,2013-06-22,13.4015,1,1,SF60653,2026-07-01 0:00
M,USD,MXN,2013-06-23,13.4015,1,1,SF60653,2026-07-01 0:00
M,USD,MXN,2013-06-24,13.4015,1,1,SF60653,2026-07-01 0:00
M,USD,MXN,2013-06-25,13.4041,1,1,SF60653,2026-07-01 0:00
M,USD,MXN,2013-06-26,13.3966,1,1,SF60653,2026-07-01 0:00
M,USD,MXN,2013-06-27,13.2424,1,1,SF60653,2026-07-01 0:00
M,USD,MXN,2013-06-28,13.1884,1,1,SF60653,2026-07-01 0:00
M,USD,MXN,2013-06-29,13.0235,1,1,SF60653,2026-07-01 0:00
M,USD,MXN,2013-06-30,13.0235,1,1,SF60653,2026-07-01 0:00
M,USD,MXN,2013-07-01,13.0235,1,1,SF60653,2026-07-01 0:00
M,USD,MXN,2013-07-02,13.0279,1,1,SF60653,2026-07-01 0:00
M,USD,MXN,2013-07-03,12.9131,1,1,SF60653,2026-07-01 0:00
M,USD,MXN,2013-07-04,12.985,1,1,SF60653,2026-07-01 0:00
M,USD,MXN,2013-07-05,13.0377,1,1,SF60653,2026-07-01 0:00
M,USD,MXN,2013-07-06,12.8902,1,1,SF60653,2026-07-01 0:00
M,USD,MXN,2013-07-07,12.8902,1,1,SF60653,2026-07-01 0:00
M,USD,MXN,2013-07-08,12.8902,1,1,SF60653,2026-07-01 0:00
M,USD,MXN,2013-07-09,13.0567,1,1,SF60653,2026-07-01 0:00
M,USD,MXN,2013-07-10,12.9267,1,1,SF60653,2026-07-01 0:00
M,USD,MXN,2013-07-11,12.8654,1,1,SF60653,2026-07-01 0:00
M,USD,MXN,2013-07-12,12.9494,1,1,SF60653,2026-07-01 0:00
M,USD,MXN,2013-07-13,12.8599,1,1,SF60653,2026-07-01 0:00
M,USD,MXN,2013-07-14,12.8599,1,1,SF60653,2026-07-01 0:00
M,USD,MXN,2013-07-15,12.8599,1,1,SF60653,2026-07-01 0:00
M,USD,MXN,2013-07-16,12.8234,1,1,SF60653,2026-07-01 0:00
M,USD,MXN,2013-07-17,12.7387,1,1,SF60653,2026-07-01 0:00
M,USD,MXN,2013-07-18,12.6299,1,1,SF60653,2026-07-01 0:00
M,USD,MXN,2013-07-19,12.5455,1,1,SF60653,2026-07-01 0:00
M,USD,MXN,2013-07-20,12.4976,1,1,SF60653,2026-07-01 0:00
M,USD,MXN,2013-07-21,12.4976,1,1,SF60653,2026-07-01 0:00
M,USD,MXN,2013-07-22,12.4976,1,1,SF60653,2026-07-01 0:00
M,USD,MXN,2013-07-23,12.5499,1,1,SF60653,2026-07-01 0:00
M,USD,MXN,2013-07-24,12.5054,1,1,SF60653,2026-07-01 0:00
M,USD,MXN,2013-07-25,12.5093,1,1,SF60653,2026-07-01 0:00
M,USD,MXN,2013-07-26,12.633,1,1,SF60653,2026-07-01 0:00
M,USD,MXN,2013-07-27,12.6468,1,1,SF60653,2026-07-01 0:00
M,USD,MXN,2013-07-28,12.6468,1,1,SF60653,2026-07-01 0:00
M,USD,MXN,2013-07-29,12.6468,1,1,SF60653,2026-07-01 0:00
M,USD,MXN,2013-07-30,12.7091,1,1,SF60653,2026-07-01 0:00
M,USD,MXN,2013-07-31,12.7321,1,1,SF60653,2026-07-01 0:00
M,USD,MXN,2013-08-01,12.7635,1,1,SF60653,2026-07-01 0:00
M,USD,MXN,2013-08-02,12.8464,1,1,SF60653,2026-07-01 0:00
M,USD,MXN,2013-08-03,12.8068,1,1,SF60653,2026-07-01 0:00
M,USD,MXN,2013-08-04,12.8068,1,1,SF60653,2026-07-01 0:00
M,USD,MXN,2013-08-05,12.8068,1,1,SF60653,2026-07-01 0:00
M,USD,MXN,2013-08-06,12.6904,1,1,SF60653,2026-07-01 0:00
M,USD,MXN,2013-08-07,12.6759,1,1,SF60653,2026-07-01 0:00
M,USD,MXN,2013-08-08,12.6445,1,1,SF60653,2026-07-01 0:00
M,USD,MXN,2013-08-09,12.6989,1,1,SF60653,2026-07-01 0:00
M,USD,MXN,2013-08-10,12.646,1,1,SF60653,2026-07-01 0:00
M,USD,MXN,2013-08-11,12.646,1,1,SF60653,2026-07-01 0:00
M,USD,MXN,2013-08-12,12.646,1,1,SF60653,2026-07-01 0:00
M,USD,MXN,2013-08-13,12.5889,1,1,SF60653,2026-07-01 0:00
M,USD,MXN,2013-08-14,12.5666,1,1,SF60653,2026-07-01 0:00
M,USD,MXN,2013-08-15,12.7545,1,1,SF60653,2026-07-01 0:00
M,USD,MXN,2013-08-16,12.7255,1,1,SF60653,2026-07-01 0:00
M,USD,MXN,2013-08-17,12.8625,1,1,SF60653,2026-07-01 0:00
M,USD,MXN,2013-08-18,12.8625,1,1,SF60653,2026-07-01 0:00
M,USD,MXN,2013-08-19,12.8625,1,1,SF60653,2026-07-01 0:00
M,USD,MXN,2013-08-20,12.8722,1,1,SF60653,2026-07-01 0:00
M,USD,MXN,2013-08-21,13.0124,1,1,SF60653,2026-07-01 0:00
M,USD,MXN,2013-08-22,13.0064,1,1,SF60653,2026-07-01 0:00
M,USD,MXN,2013-08-23,13.1424,1,1,SF60653,2026-07-01 0:00
M,USD,MXN,2013-08-24,13.1486,1,1,SF60653,2026-07-01 0:00
M,USD,MXN,2013-08-25,13.1486,1,1,SF60653,2026-07-01 0:00
M,USD,MXN,2013-08-26,13.1486,1,1,SF60653,2026-07-01 0:00
M,USD,MXN,2013-08-27,12.9979,1,1,SF60653,2026-07-01 0:00
M,USD,MXN,2013-08-28,13.109,1,1,SF60653,2026-07-01 0:00
M,USD,MXN,2013-08-29,13.3366,1,1,SF60653,2026-07-01 0:00
M,USD,MXN,2013-08-30,13.2539,1,1,SF60653,2026-07-01 0:00
M,USD,MXN,2013-08-31,13.3104,1,1,SF60653,2026-07-01 0:00
M,USD,MXN,2013-09-01,13.3104,1,1,SF60653,2026-07-01 0:00
M,USD,MXN,2013-09-02,13.3104,1,1,SF60653,2026-07-01 0:00
M,USD,MXN,2013-09-03,13.3415,1,1,SF60653,2026-07-01 0:00
M,USD,MXN,2013-09-04,13.307,1,1,SF60653,2026-07-01 0:00
M,USD,MXN,2013-09-05,13.4394,1,1,SF60653,2026-07-01 0:00
M,USD,MXN,2013-09-06,13.3065,1,1,SF60653,2026-07-01 0:00
M,USD,MXN,2013-09-07,13.4079,1,1,SF60653,2026-07-01 0:00
M,USD,MXN,2013-09-08,13.4079,1,1,SF60653,2026-07-01 0:00
M,USD,MXN,2013-09-09,13.4079,1,1,SF60653,2026-07-01 0:00
M,USD,MXN,2013-09-10,13.2413,1,1,SF60653,2026-07-01 0:00
M,USD,MXN,2013-09-11,13.1471,1,1,SF60653,2026-07-01 0:00
M,USD,MXN,2013-09-12,13.1119,1,1,SF60653,2026-07-01 0:00
M,USD,MXN,2013-09-13,13.0938,1,1,SF60653,2026-07-01 0:00
M,USD,MXN,2013-09-14,13.0854,1,1,SF60653,2026-07-01 0:00
M,USD,MXN,2013-09-15,13.0854,1,1,SF60653,2026-07-01 0:00
M,USD,MXN,2013-09-16,13.0854,1,1,SF60653,2026-07-01 0:00
M,USD,MXN,2013-09-17,13.0854,1,1,SF60653,2026-07-01 0:00
M,USD,MXN,2013-09-18,13.054,1,1,SF60653,2026-07-01 0:00
M,USD,MXN,2013-09-19,12.9241,1,1,SF60653,2026-07-01 0:00
M,USD,MXN,2013-09-20,12.9687,1,1,SF60653,2026-07-01 0:00
M,USD,MXN,2013-09-21,12.7179,1,1,SF60653,2026-07-01 0:00
M,USD,MXN,2013-09-22,12.7179,1,1,SF60653,2026-07-01 0:00
M,USD,MXN,2013-09-23,12.7179,1,1,SF60653,2026-07-01 0:00
M,USD,MXN,2013-09-24,12.7685,1,1,SF60653,2026-07-01 0:00
M,USD,MXN,2013-09-25,12.7846,1,1,SF60653,2026-07-01 0:00
M,USD,MXN,2013-09-26,12.8754,1,1,SF60653,2026-07-01 0:00
M,USD,MXN,2013-09-27,12.953,1,1,SF60653,2026-07-01 0:00
M,USD,MXN,2013-09-28,13.0119,1,1,SF60653,2026-07-01 0:00
M,USD,MXN,2013-09-29,13.0119,1,1,SF60653,2026-07-01 0:00
M,USD,MXN,2013-09-30,13.0119,1,1,SF60653,2026-07-01 0:00
M,USD,MXN,2013-10-01,13.145,1,1,SF60653,2026-07-01 0:00
M,USD,MXN,2013-10-02,13.1747,1,1,SF60653,2026-07-01 0:00
M,USD,MXN,2013-10-03,13.1294,1,1,SF60653,2026-07-01 0:00
M,USD,MXN,2013-10-04,13.1593,1,1,SF60653,2026-07-01 0:00
M,USD,MXN,2013-10-05,13.2663,1,1,SF60653,2026-07-01 0:00
M,USD,MXN,2013-10-06,13.2663,1,1,SF60653,2026-07-01 0:00
M,USD,MXN,2013-10-07,13.2663,1,1,SF60653,2026-07-01 0:00
M,USD,MXN,2013-10-08,13.0976,1,1,SF60653,2026-07-01 0:00
M,USD,MXN,2013-10-09,13.0959,1,1,SF60653,2026-07-01 0:00
M,USD,MXN,2013-10-10,13.1417,1,1,SF60653,2026-07-01 0:00
M,USD,MXN,2013-10-11,13.2126,1,1,SF60653,2026-07-01 0:00
M,USD,MXN,2013-10-12,13.0913,1,1,SF60653,2026-07-01 0:00
M,USD,MXN,2013-10-13,13.0913,1,1,SF60653,2026-07-01 0:00
M,USD,MXN,2013-10-14,13.0913,1,1,SF60653,2026-07-01 0:00
M,USD,MXN,2013-10-15,13.0514,1,1,SF60653,2026-07-01 0:00
M,USD,MXN,2013-10-16,13.0492,1,1,SF60653,2026-07-01 0:00
M,USD,MXN,2013-10-17,12.9725,1,1,SF60653,2026-07-01 0:00
M,USD,MXN,2013-10-18,12.8816,1,1,SF60653,2026-07-01 0:00
M,USD,MXN,2013-10-19,12.7717,1,1,SF60653,2026-07-01 0:00
M,USD,MXN,2013-10-20,12.7717,1,1,SF60653,2026-07-01 0:00
M,USD,MXN,2013-10-21,12.7717,1,1,SF60653,2026-07-01 0:00
M,USD,MXN,2013-10-22,12.7988,1,1,SF60653,2026-07-01 0:00
M,USD,MXN,2013-10-23,12.9314,1,1,SF60653,2026-07-01 0:00
M,USD,MXN,2013-10-24,12.8713,1,1,SF60653,2026-07-01 0:00
M,USD,MXN,2013-10-25,12.9433,1,1,SF60653,2026-07-01 0:00
M,USD,MXN,2013-10-26,12.9916,1,1,SF60653,2026-07-01 0:00
M,USD,MXN,2013-10-27,12.9916,1,1,SF60653,2026-07-01 0:00
M,USD,MXN,2013-10-28,12.9916,1,1,SF60653,2026-07-01 0:00
M,USD,MXN,2013-10-29,12.8693,1,1,SF60653,2026-07-01 0:00
M,USD,MXN,2013-10-30,12.8948,1,1,SF60653,2026-07-01 0:00
M,USD,MXN,2013-10-31,12.8903,1,1,SF60653,2026-07-01 0:00
M,USD,MXN,2013-11-01,12.864,1,1,SF60653,2026-07-01 0:00
M,USD,MXN,2013-11-02,13.0067,1,1,SF60653,2026-07-01 0:00
M,USD,MXN,2013-11-03,13.0067,1,1,SF60653,2026-07-01 0:00
M,USD,MXN,2013-11-04,13.0067,1,1,SF60653,2026-07-01 0:00
M,USD,MXN,2013-11-05,13.0789,1,1,SF60653,2026-07-01 0:00
M,USD,MXN,2013-11-06,12.9869,1,1,SF60653,2026-07-01 0:00
M,USD,MXN,2013-11-07,13.1341,1,1,SF60653,2026-07-01 0:00
M,USD,MXN,2013-11-08,13.1388,1,1,SF60653,2026-07-01 0:00
M,USD,MXN,2013-11-09,13.1912,1,1,SF60653,2026-07-01 0:00
M,USD,MXN,2013-11-10,13.1912,1,1,SF60653,2026-07-01 0:00
M,USD,MXN,2013-11-11,13.1912,1,1,SF60653,2026-07-01 0:00
M,USD,MXN,2013-11-12,13.2412,1,1,SF60653,2026-07-01 0:00
M,USD,MXN,2013-11-13,13.2314,1,1,SF60653,2026-07-01 0:00
M,USD,MXN,2013-11-14,13.1879,1,1,SF60653,2026-07-01 0:00
M,USD,MXN,2013-11-15,13.103,1,1,SF60653,2026-07-01 0:00
M,USD,MXN,2013-11-16,13.0173,1,1,SF60653,2026-07-01 0:00
M,USD,MXN,2013-11-17,13.0173,1,1,SF60653,2026-07-01 0:00
M,USD,MXN,2013-11-18,13.0173,1,1,SF60653,2026-07-01 0:00
M,USD,MXN,2013-11-19,13.0173,1,1,SF60653,2026-07-01 0:00
M,USD,MXN,2013-11-20,12.9524,1,1,SF60653,2026-07-01 0:00
M,USD,MXN,2013-11-21,12.8869,1,1,SF60653,2026-07-01 0:00
M,USD,MXN,2013-11-22,12.9697,1,1,SF60653,2026-07-01 0:00
M,USD,MXN,2013-11-23,13.0617,1,1,SF60653,2026-07-01 0:00
M,USD,MXN,2013-11-24,13.0617,1,1,SF60653,2026-07-01 0:00
M,USD,MXN,2013-11-25,13.0617,1,1,SF60653,2026-07-01 0:00
M,USD,MXN,2013-11-26,13.0223,1,1,SF60653,2026-07-01 0:00
M,USD,MXN,2013-11-27,13.0267,1,1,SF60653,2026-07-01 0:00
M,USD,MXN,2013-11-28,13.0745,1,1,SF60653,2026-07-01 0:00
M,USD,MXN,2013-11-29,13.0925,1,1,SF60653,2026-07-01 0:00
M,USD,MXN,2013-11-30,13.0836,1,1,SF60653,2026-07-01 0:00
M,USD,MXN,2013-12-01,13.0836,1,1,SF60653,2026-07-01 0:00
M,USD,MXN,2013-12-02,13.0836,1,1,SF60653,2026-07-01 0:00
M,USD,MXN,2013-12-03,13.1101,1,1,SF60653,2026-07-01 0:00
M,USD,MXN,2013-12-04,13.2041,1,1,SF60653,2026-07-01 0:00
M,USD,MXN,2013-12-05,13.2372,1,1,SF60653,2026-07-01 0:00
M,USD,MXN,2013-12-06,13.0826,1,1,SF60653,2026-07-01 0:00
M,USD,MXN,2013-12-07,13.0057,1,1,SF60653,2026-07-01 0:00
M,USD,MXN,2013-12-08,13.0057,1,1,SF60653,2026-07-01 0:00
M,USD,MXN,2013-12-09,13.0057,1,1,SF60653,2026-07-01 0:00
M,USD,MXN,2013-12-10,12.9299,1,1,SF60653,2026-07-01 0:00
M,USD,MXN,2013-12-11,12.8612,1,1,SF60653,2026-07-01 0:00
M,USD,MXN,2013-12-12,12.8574,1,1,SF60653,2026-07-01 0:00
M,USD,MXN,2013-12-13,12.8574,1,1,SF60653,2026-07-01 0:00
M,USD,MXN,2013-12-14,12.9342,1,1,SF60653,2026-07-01 0:00
M,USD,MXN,2013-12-15,12.9342,1,1,SF60653,2026-07-01 0:00
M,USD,MXN,2013-12-16,12.9342,1,1,SF60653,2026-07-01 0:00
M,USD,MXN,2013-12-17,12.9515,1,1,SF60653,2026-07-01 0:00
M,USD,MXN,2013-12-18,12.9439,1,1,SF60653,2026-07-01 0:00
M,USD,MXN,2013-12-19,12.9575,1,1,SF60653,2026-07-01 0:00
M,USD,MXN,2013-12-20,12.9937,1,1,SF60653,2026-07-01 0:00
M,USD,MXN,2013-12-21,12.973,1,1,SF60653,2026-07-01 0:00
M,USD,MXN,2013-12-22,12.973,1,1,SF60653,2026-07-01 0:00
M,USD,MXN,2013-12-23,12.973,1,1,SF60653,2026-07-01 0:00
M,USD,MXN,2013-12-24,12.9574,1,1,SF60653,2026-07-01 0:00
M,USD,MXN,2013-12-25,12.961,1,1,SF60653,2026-07-01 0:00
M,USD,MXN,2013-12-26,12.961,1,1,SF60653,2026-07-01 0:00
M,USD,MXN,2013-12-27,13.02,1,1,SF60653,2026-07-01 0:00
M,USD,MXN,2013-12-28,13.0547,1,1,SF60653,2026-07-01 0:00
M,USD,MXN,2013-12-29,13.0547,1,1,SF60653,2026-07-01 0:00
M,USD,MXN,2013-12-30,13.0547,1,1,SF60653,2026-07-01 0:00
M,USD,MXN,2013-12-31,13.0765,1,1,SF60653,2026-07-01 0:00
M,USD,MXN,2014-01-01,13.0652,1,1,SF60653,2026-07-01 0:00
M,USD,MXN,2014-01-02,13.0652,1,1,SF60653,2026-07-01 0:00
M,USD,MXN,2014-01-03,13.0843,1,1,SF60653,2026-07-01 0:00
M,USD,MXN,2014-01-04,13.1011,1,1,SF60653,2026-07-01 0:00
M,USD,MXN,2014-01-05,13.1011,1,1,SF60653,2026-07-01 0:00
M,USD,MXN,2014-01-06,13.1011,1,1,SF60653,2026-07-01 0:00
M,USD,MXN,2014-01-07,13.0911,1,1,SF60653,2026-07-01 0:00
M,USD,MXN,2014-01-08,13.0905,1,1,SF60653,2026-07-01 0:00
M,USD,MXN,2014-01-09,13.0337,1,1,SF60653,2026-07-01 0:00
M,USD,MXN,2014-01-10,13.0846,1,1,SF60653,2026-07-01 0:00
M,USD,MXN,2014-01-11,13.1403,1,1,SF60653,2026-07-01 0:00
M,USD,MXN,2014-01-12,13.1403,1,1,SF60653,2026-07-01 0:00
M,USD,MXN,2014-01-13,13.1403,1,1,SF60653,2026-07-01 0:00
M,USD,MXN,2014-01-14,13.0065,1,1,SF60653,2026-07-01 0:00
M,USD,MXN,2014-01-15,12.9889,1,1,SF60653,2026-07-01 0:00
M,USD,MXN,2014-01-16,13.0956,1,1,SF60653,2026-07-01 0:00
M,USD,MXN,2014-01-17,13.1689,1,1,SF60653,2026-07-01 0:00
M,USD,MXN,2014-01-18,13.2907,1,1,SF60653,2026-07-01 0:00
M,USD,MXN,2014-01-19,13.2907,1,1,SF60653,2026-07-01 0:00
M,USD,MXN,2014-01-20,13.2907,1,1,SF60653,2026-07-01 0:00
M,USD,MXN,2014-01-21,13.2737,1,1,SF60653,2026-07-01 0:00
M,USD,MXN,2014-01-22,13.242,1,1,SF60653,2026-07-01 0:00
M,USD,MXN,2014-01-23,13.2984,1,1,SF60653,2026-07-01 0:00
M,USD,MXN,2014-01-24,13.3194,1,1,SF60653,2026-07-01 0:00
M,USD,MXN,2014-01-25,13.3722,1,1,SF60653,2026-07-01 0:00
M,USD,MXN,2014-01-26,13.3722,1,1,SF60653,2026-07-01 0:00
M,USD,MXN,2014-01-27,13.3722,1,1,SF60653,2026-07-01 0:00
M,USD,MXN,2014-01-28,13.493,1,1,SF60653,2026-07-01 0:00
M,USD,MXN,2014-01-29,13.4408,1,1,SF60653,2026-07-01 0:00
M,USD,MXN,2014-01-30,13.3104,1,1,SF60653,2026-07-01 0:00
M,USD,MXN,2014-01-31,13.3671,1,1,SF60653,2026-07-01 0:00
M,USD,MXN,2014-02-01,13.3207,1,1,SF60653,2026-07-01 0:00
M,USD,MXN,2014-02-02,13.3207,1,1,SF60653,2026-07-01 0:00
M,USD,MXN,2014-02-03,13.3207,1,1,SF60653,2026-07-01 0:00
M,USD,MXN,2014-02-04,13.3207,1,1,SF60653,2026-07-01 0:00
M,USD,MXN,2014-02-05,13.3769,1,1,SF60653,2026-07-01 0:00
M,USD,MXN,2014-02-06,13.3928,1,1,SF60653,2026-07-01 0:00
M,USD,MXN,2014-02-07,13.3705,1,1,SF60653,2026-07-01 0:00
M,USD,MXN,2014-02-08,13.2211,1,1,SF60653,2026-07-01 0:00
M,USD,MXN,2014-02-09,13.2211,1,1,SF60653,2026-07-01 0:00
M,USD,MXN,2014-02-10,13.2211,1,1,SF60653,2026-07-01 0:00
M,USD,MXN,2014-02-11,13.3285,1,1,SF60653,2026-07-01 0:00
M,USD,MXN,2014-02-12,13.3134,1,1,SF60653,2026-07-01 0:00
M,USD,MXN,2014-02-13,13.2916,1,1,SF60653,2026-07-01 0:00
M,USD,MXN,2014-02-14,13.3056,1,1,SF60653,2026-07-01 0:00
M,USD,MXN,2014-02-15,13.332,1,1,SF60653,2026-07-01 0:00
M,USD,MXN,2014-02-16,13.332,1,1,SF60653,2026-07-01 0:00
M,USD,MXN,2014-02-17,13.332,1,1,SF60653,2026-07-01 0:00
M,USD,MXN,2014-02-18,13.2477,1,1,SF60653,2026-07-01 0:00
M,USD,MXN,2014-02-19,13.1949,1,1,SF60653,2026-07-01 0:00
M,USD,MXN,2014-02-20,13.2261,1,1,SF60653,2026-07-01 0:00
M,USD,MXN,2014-02-21,13.2714,1,1,SF60653,2026-07-01 0:00
M,USD,MXN,2014-02-22,13.2913,1,1,SF60653,2026-07-01 0:00
M,USD,MXN,2014-02-23,13.2913,1,1,SF60653,2026-07-01 0:00
M,USD,MXN,2014-02-24,13.2913,1,1,SF60653,2026-07-01 0:00
M,USD,MXN,2014-02-25,13.2704,1,1,SF60653,2026-07-01 0:00
M,USD,MXN,2014-02-26,13.209,1,1,SF60653,2026-07-01 0:00
M,USD,MXN,2014-02-27,13.2248,1,1,SF60653,2026-07-01 0:00
M,USD,MXN,2014-02-28,13.2992,1,1,SF60653,2026-07-01 0:00
M,USD,MXN,2014-03-01,13.3066,1,1,SF60653,2026-07-01 0:00
M,USD,MXN,2014-03-02,13.3066,1,1,SF60653,2026-07-01 0:00
M,USD,MXN,2014-03-03,13.3066,1,1,SF60653,2026-07-01 0:00
M,USD,MXN,2014-03-04,13.2379,1,1,SF60653,2026-07-01 0:00
M,USD,MXN,2014-03-05,13.3201,1,1,SF60653,2026-07-01 0:00
M,USD,MXN,2014-03-06,13.2752,1,1,SF60653,2026-07-01 0:00
M,USD,MXN,2014-03-07,13.2519,1,1,SF60653,2026-07-01 0:00
M,USD,MXN,2014-03-08,13.1476,1,1,SF60653,2026-07-01 0:00
M,USD,MXN,2014-03-09,13.1476,1,1,SF60653,2026-07-01 0:00
M,USD,MXN,2014-03-10,13.1476,1,1,SF60653,2026-07-01 0:00
M,USD,MXN,2014-03-11,13.1795,1,1,SF60653,2026-07-01 0:00
M,USD,MXN,2014-03-12,13.2248,1,1,SF60653,2026-07-01 0:00
M,USD,MXN,2014-03-13,13.243,1,1,SF60653,2026-07-01 0:00
M,USD,MXN,2014-03-14,13.2659,1,1,SF60653,2026-07-01 0:00
M,USD,MXN,2014-03-15,13.2456,1,1,SF60653,2026-07-01 0:00
M,USD,MXN,2014-03-16,13.2456,1,1,SF60653,2026-07-01 0:00
M,USD,MXN,2014-03-17,13.2456,1,1,SF60653,2026-07-01 0:00
M,USD,MXN,2014-03-18,13.2456,1,1,SF60653,2026-07-01 0:00
M,USD,MXN,2014-03-19,13.234,1,1,SF60653,2026-07-01 0:00
M,USD,MXN,2014-03-20,13.1675,1,1,SF60653,2026-07-01 0:00
M,USD,MXN,2014-03-21,13.1695,1,1,SF60653,2026-07-01 0:00
M,USD,MXN,2014-03-22,13.2703,1,1,SF60653,2026-07-01 0:00
M,USD,MXN,2014-03-23,13.2703,1,1,SF60653,2026-07-01 0:00
M,USD,MXN,2014-03-24,13.2703,1,1,SF60653,2026-07-01 0:00
M,USD,MXN,2014-03-25,13.22,1,1,SF60653,2026-07-01 0:00
M,USD,MXN,2014-03-26,13.2019,1,1,SF60653,2026-07-01 0:00
M,USD,MXN,2014-03-27,13.1349,1,1,SF60653,2026-07-01 0:00
M,USD,MXN,2014-03-28,13.1273,1,1,SF60653,2026-07-01 0:00
M,USD,MXN,2014-03-29,13.0837,1,1,SF60653,2026-07-01 0:00
M,USD,MXN,2014-03-30,13.0837,1,1,SF60653,2026-07-01 0:00
M,USD,MXN,2014-03-31,13.0837,1,1,SF60653,2026-07-01 0:00
M,USD,MXN,2014-04-01,13.0841,1,1,SF60653,2026-07-01 0:00
M,USD,MXN,2014-04-02,13.0549,1,1,SF60653,2026-07-01 0:00
M,USD,MXN,2014-04-03,13.0313,1,1,SF60653,2026-07-01 0:00
M,USD,MXN,2014-04-04,13.0991,1,1,SF60653,2026-07-01 0:00
M,USD,MXN,2014-04-05,13.1324,1,1,SF60653,2026-07-01 0:00
M,USD,MXN,2014-04-06,13.1324,1,1,SF60653,2026-07-01 0:00
M,USD,MXN,2014-04-07,13.1324,1,1,SF60653,2026-07-01 0:00
M,USD,MXN,2014-04-08,13.0345,1,1,SF60653,2026-07-01 0:00
M,USD,MXN,2014-04-09,13.0179,1,1,SF60653,2026-07-01 0:00
M,USD,MXN,2014-04-10,12.9642,1,1,SF60653,2026-07-01 0:00
M,USD,MXN,2014-04-11,13.0604,1,1,SF60653,2026-07-01 0:00
M,USD,MXN,2014-04-12,13.0453,1,1,SF60653,2026-07-01 0:00
M,USD,MXN,2014-04-13,13.0453,1,1,SF60653,2026-07-01 0:00
M,USD,MXN,2014-04-14,13.0453,1,1,SF60653,2026-07-01 0:00
M,USD,MXN,2014-04-15,13.0788,1,1,SF60653,2026-07-01 0:00
M,USD,MXN,2014-04-16,13.0493,1,1,SF60653,2026-07-01 0:00
M,USD,MXN,2014-04-17,13.0986,1,1,SF60653,2026-07-01 0:00
M,USD,MXN,2014-04-18,13.0986,1,1,SF60653,2026-07-01 0:00
M,USD,MXN,2014-04-19,13.0986,1,1,SF60653,2026-07-01 0:00
M,USD,MXN,2014-04-20,13.0986,1,1,SF60653,2026-07-01 0:00
M,USD,MXN,2014-04-21,13.0986,1,1,SF60653,2026-07-01 0:00
M,USD,MXN,2014-04-22,13.0603,1,1,SF60653,2026-07-01 0:00
M,USD,MXN,2014-04-23,13.0413,1,1,SF60653,2026-07-01 0:00
M,USD,MXN,2014-04-24,13.0448,1,1,SF60653,2026-07-01 0:00
M,USD,MXN,2014-04-25,13.0908,1,1,SF60653,2026-07-01 0:00
M,USD,MXN,2014-04-26,13.101,1,1,SF60653,2026-07-01 0:00
M,USD,MXN,2014-04-27,13.101,1,1,SF60653,2026-07-01 0:00
M,USD,MXN,2014-04-28,13.101,1,1,SF60653,2026-07-01 0:00
M,USD,MXN,2014-04-29,13.1371,1,1,SF60653,2026-07-01 0:00
M,USD,MXN,2014-04-30,13.1356,1,1,SF60653,2026-07-01 0:00
M,USD,MXN,2014-05-01,13.1039,1,1,SF60653,2026-07-01 0:00
M,USD,MXN,2014-05-02,13.1039,1,1,SF60653,2026-07-01 0:00
M,USD,MXN,2014-05-03,13.0901,1,1,SF60653,2026-07-01 0:00
M,USD,MXN,2014-05-04,13.0901,1,1,SF60653,2026-07-01 0:00
M,USD,MXN,2014-05-05,13.0901,1,1,SF60653,2026-07-01 0:00
M,USD,MXN,2014-05-06,12.9981,1,1,SF60653,2026-07-01 0:00
M,USD,MXN,2014-05-07,13.0102,1,1,SF60653,2026-07-01 0:00
M,USD,MXN,2014-05-08,13.0129,1,1,SF60653,2026-07-01 0:00
M,USD,MXN,2014-05-09,12.9876,1,1,SF60653,2026-07-01 0:00
M,USD,MXN,2014-05-10,12.9477,1,1,SF60653,2026-07-01 0:00
M,USD,MXN,2014-05-11,12.9477,1,1,SF60653,2026-07-01 0:00
M,USD,MXN,2014-05-12,12.9477,1,1,SF60653,2026-07-01 0:00
M,USD,MXN,2014-05-13,12.9843,1,1,SF60653,2026-07-01 0:00
M,USD,MXN,2014-05-14,12.9534,1,1,SF60653,2026-07-01 0:00
M,USD,MXN,2014-05-15,12.9234,1,1,SF60653,2026-07-01 0:00
M,USD,MXN,2014-05-16,12.8993,1,1,SF60653,2026-07-01 0:00
M,USD,MXN,2014-05-17,12.9755,1,1,SF60653,2026-07-01 0:00
M,USD,MXN,2014-05-18,12.9755,1,1,SF60653,2026-07-01 0:00
M,USD,MXN,2014-05-19,12.9755,1,1,SF60653,2026-07-01 0:00
M,USD,MXN,2014-05-20,12.9193,1,1,SF60653,2026-07-01 0:00
M,USD,MXN,2014-05-21,12.8944,1,1,SF60653,2026-07-01 0:00
M,USD,MXN,2014-05-22,12.9425,1,1,SF60653,2026-07-01 0:00
M,USD,MXN,2014-05-23,12.9132,1,1,SF60653,2026-07-01 0:00
M,USD,MXN,2014-05-24,12.8801,1,1,SF60653,2026-07-01 0:00
M,USD,MXN,2014-05-25,12.8801,1,1,SF60653,2026-07-01 0:00
M,USD,MXN,2014-05-26,12.8801,1,1,SF60653,2026-07-01 0:00
M,USD,MXN,2014-05-27,12.8656,1,1,SF60653,2026-07-01 0:00
M,USD,MXN,2014-05-28,12.8616,1,1,SF60653,2026-07-01 0:00
M,USD,MXN,2014-05-29,12.8772,1,1,SF60653,2026-07-01 0:00
M,USD,MXN,2014-05-30,12.866,1,1,SF60653,2026-07-01 0:00
M,USD,MXN,2014-05-31,12.8462,1,1,SF60653,2026-07-01 0:00
M,USD,MXN,2014-06-01,12.8462,1,1,SF60653,2026-07-01 0:00
M,USD,MXN,2014-06-02,12.8462,1,1,SF60653,2026-07-01 0:00
M,USD,MXN,2014-06-03,12.8609,1,1,SF60653,2026-07-01 0:00
M,USD,MXN,2014-06-04,12.9108,1,1,SF60653,2026-07-01 0:00
M,USD,MXN,2014-06-05,12.9447,1,1,SF60653,2026-07-01 0:00
M,USD,MXN,2014-06-06,12.9527,1,1,SF60653,2026-07-01 0:00
M,USD,MXN,2014-06-07,12.8868,1,1,SF60653,2026-07-01 0:00
M,USD,MXN,2014-06-08,12.8868,1,1,SF60653,2026-07-01 0:00
M,USD,MXN,2014-06-09,12.8868,1,1,SF60653,2026-07-01 0:00
M,USD,MXN,2014-06-10,12.8981,1,1,SF60653,2026-07-01 0:00
M,USD,MXN,2014-06-11,12.9912,1,1,SF60653,2026-07-01 0:00
M,USD,MXN,2014-06-12,13.0486,1,1,SF60653,2026-07-01 0:00
M,USD,MXN,2014-06-13,13.0306,1,1,SF60653,2026-07-01 0:00
M,USD,MXN,2014-06-14,12.9815,1,1,SF60653,2026-07-01 0:00
M,USD,MXN,2014-06-15,12.9815,1,1,SF60653,2026-07-01 0:00
M,USD,MXN,2014-06-16,12.9815,1,1,SF60653,2026-07-01 0:00
M,USD,MXN,2014-06-17,13.0164,1,1,SF60653,2026-07-01 0:00
M,USD,MXN,2014-06-18,13.0323,1,1,SF60653,2026-07-01 0:00
M,USD,MXN,2014-06-19,13.1007,1,1,SF60653,2026-07-01 0:00
M,USD,MXN,2014-06-20,13.0672,1,1,SF60653,2026-07-01 0:00
M,USD,MXN,2014-06-21,12.9885,1,1,SF60653,2026-07-01 0:00
M,USD,MXN,2014-06-22,12.9885,1,1,SF60653,2026-07-01 0:00
M,USD,MXN,2014-06-23,12.9885,1,1,SF60653,2026-07-01 0:00
M,USD,MXN,2014-06-24,13.0124,1,1,SF60653,2026-07-01 0:00
M,USD,MXN,2014-06-25,13.0056,1,1,SF60653,2026-07-01 0:00
M,USD,MXN,2014-06-26,13.0218,1,1,SF60653,2026-07-01 0:00
M,USD,MXN,2014-06-27,13.0174,1,1,SF60653,2026-07-01 0:00
M,USD,MXN,2014-06-28,13.0323,1,1,SF60653,2026-07-01 0:00
M,USD,MXN,2014-06-29,13.0323,1,1,SF60653,2026-07-01 0:00
M,USD,MXN,2014-06-30,13.0323,1,1,SF60653,2026-07-01 0:00
M,USD,MXN,2014-07-01,13.0002,1,1,SF60653,2026-07-01 0:00
M,USD,MXN,2014-07-02,12.9712,1,1,SF60653,2026-07-01 0:00
M,USD,MXN,2014-07-03,12.9605,1,1,SF60653,2026-07-01 0:00
M,USD,MXN,2014-07-04,12.9673,1,1,SF60653,2026-07-01 0:00
M,USD,MXN,2014-07-05,12.9829,1,1,SF60653,2026-07-01 0:00
M,USD,MXN,2014-07-06,12.9829,1,1,SF60653,2026-07-01 0:00
M,USD,MXN,2014-07-07,12.9829,1,1,SF60653,2026-07-01 0:00
M,USD,MXN,2014-07-08,12.9768,1,1,SF60653,2026-07-01 0:00
M,USD,MXN,2014-07-09,12.9949,1,1,SF60653,2026-07-01 0:00
M,USD,MXN,2014-07-10,13.0006,1,1,SF60653,2026-07-01 0:00
M,USD,MXN,2014-07-11,12.978,1,1,SF60653,2026-07-01 0:00
M,USD,MXN,2014-07-12,13.0015,1,1,SF60653,2026-07-01 0:00
M,USD,MXN,2014-07-13,13.0015,1,1,SF60653,2026-07-01 0:00
M,USD,MXN,2014-07-14,13.0015,1,1,SF60653,2026-07-01 0:00
M,USD,MXN,2014-07-15,12.985,1,1,SF60653,2026-07-01 0:00
M,USD,MXN,2014-07-16,12.9755,1,1,SF60653,2026-07-01 0:00
M,USD,MXN,2014-07-17,12.9611,1,1,SF60653,2026-07-01 0:00
M,USD,MXN,2014-07-18,12.939,1,1,SF60653,2026-07-01 0:00
M,USD,MXN,2014-07-19,12.9454,1,1,SF60653,2026-07-01 0:00
M,USD,MXN,2014-07-20,12.9454,1,1,SF60653,2026-07-01 0:00
M,USD,MXN,2014-07-21,12.9454,1,1,SF60653,2026-07-01 0:00
M,USD,MXN,2014-07-22,12.9588,1,1,SF60653,2026-07-01 0:00
M,USD,MXN,2014-07-23,12.9751,1,1,SF60653,2026-07-01 0:00
M,USD,MXN,2014-07-24,12.9393,1,1,SF60653,2026-07-01 0:00
M,USD,MXN,2014-07-25,12.9286,1,1,SF60653,2026-07-01 0:00
M,USD,MXN,2014-07-26,12.9572,1,1,SF60653,2026-07-01 0:00
M,USD,MXN,2014-07-27,12.9572,1,1,SF60653,2026-07-01 0:00
M,USD,MXN,2014-07-28,12.9572,1,1,SF60653,2026-07-01 0:00
M,USD,MXN,2014-07-29,12.9445,1,1,SF60653,2026-07-01 0:00
M,USD,MXN,2014-07-30,12.9878,1,1,SF60653,2026-07-01 0:00
M,USD,MXN,2014-07-31,13.0578,1,1,SF60653,2026-07-01 0:00
M,USD,MXN,2014-08-01,13.1357,1,1,SF60653,2026-07-01 0:00
M,USD,MXN,2014-08-02,13.2269,1,1,SF60653,2026-07-01 0:00
M,USD,MXN,2014-08-03,13.2269,1,1,SF60653,2026-07-01 0:00
M,USD,MXN,2014-08-04,13.2269,1,1,SF60653,2026-07-01 0:00
M,USD,MXN,2014-08-05,13.1932,1,1,SF60653,2026-07-01 0:00
M,USD,MXN,2014-08-06,13.1962,1,1,SF60653,2026-07-01 0:00
M,USD,MXN,2014-08-07,13.2716,1,1,SF60653,2026-07-01 0:00
M,USD,MXN,2014-08-08,13.258,1,1,SF60653,2026-07-01 0:00
M,USD,MXN,2014-08-09,13.2551,1,1,SF60653,2026-07-01 0:00
M,USD,MXN,2014-08-10,13.2551,1,1,SF60653,2026-07-01 0:00
M,USD,MXN,2014-08-11,13.2551,1,1,SF60653,2026-07-01 0:00
M,USD,MXN,2014-08-12,13.236,1,1,SF60653,2026-07-01 0:00
M,USD,MXN,2014-08-13,13.1998,1,1,SF60653,2026-07-01 0:00
M,USD,MXN,2014-08-14,13.159,1,1,SF60653,2026-07-01 0:00
M,USD,MXN,2014-08-15,13.1113,1,1,SF60653,2026-07-01 0:00
M,USD,MXN,2014-08-16,13.0717,1,1,SF60653,2026-07-01 0:00
M,USD,MXN,2014-08-17,13.0717,1,1,SF60653,2026-07-01 0:00
M,USD,MXN,2014-08-18,13.0717,1,1,SF60653,2026-07-01 0:00
M,USD,MXN,2014-08-19,13.0748,1,1,SF60653,2026-07-01 0:00
M,USD,MXN,2014-08-20,13.0505,1,1,SF60653,2026-07-01 0:00
M,USD,MXN,2014-08-21,13.0532,1,1,SF60653,2026-07-01 0:00
M,USD,MXN,2014-08-22,13.0814,1,1,SF60653,2026-07-01 0:00
M,USD,MXN,2014-08-23,13.0963,1,1,SF60653,2026-07-01 0:00
M,USD,MXN,2014-08-24,13.0963,1,1,SF60653,2026-07-01 0:00
M,USD,MXN,2014-08-25,13.0963,1,1,SF60653,2026-07-01 0:00
M,USD,MXN,2014-08-26,13.1328,1,1,SF60653,2026-07-01 0:00
M,USD,MXN,2014-08-27,13.1383,1,1,SF60653,2026-07-01 0:00
M,USD,MXN,2014-08-28,13.1059,1,1,SF60653,2026-07-01 0:00
M,USD,MXN,2014-08-29,13.0811,1,1,SF60653,2026-07-01 0:00
M,USD,MXN,2014-08-30,13.1109,1,1,SF60653,2026-07-01 0:00
M,USD,MXN,2014-08-31,13.1109,1,1,SF60653,2026-07-01 0:00
M,USD,MXN,2014-09-01,13.1109,1,1,SF60653,2026-07-01 0:00
M,USD,MXN,2014-09-02,13.0763,1,1,SF60653,2026-07-01 0:00
M,USD,MXN,2014-09-03,13.0833,1,1,SF60653,2026-07-01 0:00
M,USD,MXN,2014-09-04,13.1299,1,1,SF60653,2026-07-01 0:00
M,USD,MXN,2014-09-05,13.0892,1,1,SF60653,2026-07-01 0:00
M,USD,MXN,2014-09-06,13.0959,1,1,SF60653,2026-07-01 0:00
M,USD,MXN,2014-09-07,13.0959,1,1,SF60653,2026-07-01 0:00
M,USD,MXN,2014-09-08,13.0959,1,1,SF60653,2026-07-01 0:00
M,USD,MXN,2014-09-09,13.0788,1,1,SF60653,2026-07-01 0:00
M,USD,MXN,2014-09-10,13.0813,1,1,SF60653,2026-07-01 0:00
M,USD,MXN,2014-09-11,13.2162,1,1,SF60653,2026-07-01 0:00
M,USD,MXN,2014-09-12,13.2144,1,1,SF60653,2026-07-01 0:00
M,USD,MXN,2014-09-13,13.2144,1,1,SF60653,2026-07-01 0:00
M,USD,MXN,2014-09-14,13.2144,1,1,SF60653,2026-07-01 0:00
M,USD,MXN,2014-09-15,13.2144,1,1,SF60653,2026-07-01 0:00
M,USD,MXN,2014-09-16,13.2644,1,1,SF60653,2026-07-01 0:00
M,USD,MXN,2014-09-17,13.2644,1,1,SF60653,2026-07-01 0:00
M,USD,MXN,2014-09-18,13.2223,1,1,SF60653,2026-07-01 0:00
M,USD,MXN,2014-09-19,13.1762,1,1,SF60653,2026-07-01 0:00
M,USD,MXN,2014-09-20,13.2402,1,1,SF60653,2026-07-01 0:00
M,USD,MXN,2014-09-21,13.2402,1,1,SF60653,2026-07-01 0:00
M,USD,MXN,2014-09-22,13.2402,1,1,SF60653,2026-07-01 0:00
M,USD,MXN,2014-09-23,13.2369,1,1,SF60653,2026-07-01 0:00
M,USD,MXN,2014-09-24,13.2566,1,1,SF60653,2026-07-01 0:00
M,USD,MXN,2014-09-25,13.2768,1,1,SF60653,2026-07-01 0:00
M,USD,MXN,2014-09-26,13.3015,1,1,SF60653,2026-07-01 0:00
M,USD,MXN,2014-09-27,13.3848,1,1,SF60653,2026-07-01 0:00
M,USD,MXN,2014-09-28,13.3848,1,1,SF60653,2026-07-01 0:00
M,USD,MXN,2014-09-29,13.3848,1,1,SF60653,2026-07-01 0:00
M,USD,MXN,2014-09-30,13.4541,1,1,SF60653,2026-07-01 0:00
M,USD,MXN,2014-10-01,13.4891,1,1,SF60653,2026-07-01 0:00
M,USD,MXN,2014-10-02,13.433,1,1,SF60653,2026-07-01 0:00
M,USD,MXN,2014-10-03,13.4455,1,1,SF60653,2026-07-01 0:00
M,USD,MXN,2014-10-04,13.4026,1,1,SF60653,2026-07-01 0:00
M,USD,MXN,2014-10-05,13.4026,1,1,SF60653,2026-07-01 0:00
M,USD,MXN,2014-10-06,13.4026,1,1,SF60653,2026-07-01 0:00
M,USD,MXN,2014-10-07,13.4835,1,1,SF60653,2026-07-01 0:00
M,USD,MXN,2014-10-08,13.4089,1,1,SF60653,2026-07-01 0:00
M,USD,MXN,2014-10-09,13.4332,1,1,SF60653,2026-07-01 0:00
M,USD,MXN,2014-10-10,13.4786,1,1,SF60653,2026-07-01 0:00
M,USD,MXN,2014-10-11,13.3789,1,1,SF60653,2026-07-01 0:00
M,USD,MXN,2014-10-12,13.3789,1,1,SF60653,2026-07-01 0:00
M,USD,MXN,2014-10-13,13.3789,1,1,SF60653,2026-07-01 0:00
M,USD,MXN,2014-10-14,13.4331,1,1,SF60653,2026-07-01 0:00
M,USD,MXN,2014-10-15,13.4203,1,1,SF60653,2026-07-01 0:00
M,USD,MXN,2014-10-16,13.4094,1,1,SF60653,2026-07-01 0:00
M,USD,MXN,2014-10-17,13.5423,1,1,SF60653,2026-07-01 0:00
M,USD,MXN,2014-10-18,13.5616,1,1,SF60653,2026-07-01 0:00
M,USD,MXN,2014-10-19,13.5616,1,1,SF60653,2026-07-01 0:00
M,USD,MXN,2014-10-20,13.5616,1,1,SF60653,2026-07-01 0:00
M,USD,MXN,2014-10-21,13.5231,1,1,SF60653,2026-07-01 0:00
M,USD,MXN,2014-10-22,13.5357,1,1,SF60653,2026-07-01 0:00
M,USD,MXN,2014-10-23,13.4989,1,1,SF60653,2026-07-01 0:00
M,USD,MXN,2014-10-24,13.5559,1,1,SF60653,2026-07-01 0:00
M,USD,MXN,2014-10-25,13.5288,1,1,SF60653,2026-07-01 0:00
M,USD,MXN,2014-10-26,13.5288,1,1,SF60653,2026-07-01 0:00
M,USD,MXN,2014-10-27,13.5288,1,1,SF60653,2026-07-01 0:00
M,USD,MXN,2014-10-28,13.5263,1,1,SF60653,2026-07-01 0:00
M,USD,MXN,2014-10-29,13.5701,1,1,SF60653,2026-07-01 0:00
M,USD,MXN,2014-10-30,13.4843,1,1,SF60653,2026-07-01 0:00
M,USD,MXN,2014-10-31,13.4239,1,1,SF60653,2026-07-01 0:00
M,USD,MXN,2014-11-01,13.4316,1,1,SF60653,2026-07-01 0:00
M,USD,MXN,2014-11-02,13.4316,1,1,SF60653,2026-07-01 0:00
M,USD,MXN,2014-11-03,13.4316,1,1,SF60653,2026-07-01 0:00
M,USD,MXN,2014-11-04,13.4773,1,1,SF60653,2026-07-01 0:00
M,USD,MXN,2014-11-05,13.5503,1,1,SF60653,2026-07-01 0:00
M,USD,MXN,2014-11-06,13.5925,1,1,SF60653,2026-07-01 0:00
M,USD,MXN,2014-11-07,13.607,1,1,SF60653,2026-07-01 0:00
M,USD,MXN,2014-11-08,13.6173,1,1,SF60653,2026-07-01 0:00
M,USD,MXN,2014-11-09,13.6173,1,1,SF60653,2026-07-01 0:00
M,USD,MXN,2014-11-10,13.6173,1,1,SF60653,2026-07-01 0:00
M,USD,MXN,2014-11-11,13.5573,1,1,SF60653,2026-07-01 0:00
M,USD,MXN,2014-11-12,13.5528,1,1,SF60653,2026-07-01 0:00
M,USD,MXN,2014-11-13,13.5874,1,1,SF60653,2026-07-01 0:00
M,USD,MXN,2014-11-14,13.5613,1,1,SF60653,2026-07-01 0:00
M,USD,MXN,2014-11-15,13.5995,1,1,SF60653,2026-07-01 0:00
M,USD,MXN,2014-11-16,13.5995,1,1,SF60653,2026-07-01 0:00
M,USD,MXN,2014-11-17,13.5995,1,1,SF60653,2026-07-01 0:00
M,USD,MXN,2014-11-18,13.5995,1,1,SF60653,2026-07-01 0:00
M,USD,MXN,2014-11-19,13.5348,1,1,SF60653,2026-07-01 0:00
M,USD,MXN,2014-11-20,13.5445,1,1,SF60653,2026-07-01 0:00
M,USD,MXN,2014-11-21,13.6146,1,1,SF60653,2026-07-01 0:00
M,USD,MXN,2014-11-22,13.6115,1,1,SF60653,2026-07-01 0:00
M,USD,MXN,2014-11-23,13.6115,1,1,SF60653,2026-07-01 0:00
M,USD,MXN,2014-11-24,13.6115,1,1,SF60653,2026-07-01 0:00
M,USD,MXN,2014-11-25,13.6152,1,1,SF60653,2026-07-01 0:00
M,USD,MXN,2014-11-26,13.6374,1,1,SF60653,2026-07-01 0:00
M,USD,MXN,2014-11-27,13.642,1,1,SF60653,2026-07-01 0:00
M,USD,MXN,2014-11-28,13.7219,1,1,SF60653,2026-07-01 0:00
M,USD,MXN,2014-11-29,13.7667,1,1,SF60653,2026-07-01 0:00
M,USD,MXN,2014-11-30,13.7667,1,1,SF60653,2026-07-01 0:00
M,USD,MXN,2014-12-01,13.7667,1,1,SF60653,2026-07-01 0:00
M,USD,MXN,2014-12-02,13.8965,1,1,SF60653,2026-07-01 0:00
M,USD,MXN,2014-12-03,13.9262,1,1,SF60653,2026-07-01 0:00
M,USD,MXN,2014-12-04,14.076,1,1,SF60653,2026-07-01 0:00
M,USD,MXN,2014-12-05,14.0918,1,1,SF60653,2026-07-01 0:00
M,USD,MXN,2014-12-06,14.1165,1,1,SF60653,2026-07-01 0:00
M,USD,MXN,2014-12-07,14.1165,1,1,SF60653,2026-07-01 0:00
M,USD,MXN,2014-12-08,14.1165,1,1,SF60653,2026-07-01 0:00
M,USD,MXN,2014-12-09,14.3045,1,1,SF60653,2026-07-01 0:00
M,USD,MXN,2014-12-10,14.4042,1,1,SF60653,2026-07-01 0:00
M,USD,MXN,2014-12-11,14.3674,1,1,SF60653,2026-07-01 0:00
M,USD,MXN,2014-12-12,14.5181,1,1,SF60653,2026-07-01 0:00
M,USD,MXN,2014-12-13,14.5181,1,1,SF60653,2026-07-01 0:00
M,USD,MXN,2014-12-14,14.5181,1,1,SF60653,2026-07-01 0:00
M,USD,MXN,2014-12-15,14.5181,1,1,SF60653,2026-07-01 0:00
M,USD,MXN,2014-12-16,14.6648,1,1,SF60653,2026-07-01 0:00
M,USD,MXN,2014-12-17,14.7853,1,1,SF60653,2026-07-01 0:00
M,USD,MXN,2014-12-18,14.7499,1,1,SF60653,2026-07-01 0:00
M,USD,MXN,2014-12-19,14.6028,1,1,SF60653,2026-07-01 0:00
M,USD,MXN,2014-12-20,14.5562,1,1,SF60653,2026-07-01 0:00
M,USD,MXN,2014-12-21,14.5562,1,1,SF60653,2026-07-01 0:00
M,USD,MXN,2014-12-22,14.5562,1,1,SF60653,2026-07-01 0:00
M,USD,MXN,2014-12-23,14.6378,1,1,SF60653,2026-07-01 0:00
M,USD,MXN,2014-12-24,14.6359,1,1,SF60653,2026-07-01 0:00
M,USD,MXN,2014-12-25,14.7008,1,1,SF60653,2026-07-01 0:00
M,USD,MXN,2014-12-26,14.7008,1,1,SF60653,2026-07-01 0:00
M,USD,MXN,2014-12-27,14.7429,1,1,SF60653,2026-07-01 0:00
M,USD,MXN,2014-12-28,14.7429,1,1,SF60653,2026-07-01 0:00
M,USD,MXN,2014-12-29,14.7429,1,1,SF60653,2026-07-01 0:00
M,USD,MXN,2014-12-30,14.6955,1,1,SF60653,2026-07-01 0:00
M,USD,MXN,2014-12-31,14.718,1,1,SF60653,2026-07-01 0:00
M,USD,MXN,2015-01-01,14.7348,1,1,SF60653,2026-07-01 0:00
M,USD,MXN,2015-01-02,14.7348,1,1,SF60653,2026-07-01 0:00
M,USD,MXN,2015-01-03,14.7414,1,1,SF60653,2026-07-01 0:00
M,USD,MXN,2015-01-04,14.7414,1,1,SF60653,2026-07-01 0:00
M,USD,MXN,2015-01-05,14.7414,1,1,SF60653,2026-07-01 0:00
M,USD,MXN,2015-01-06,14.829,1,1,SF60653,2026-07-01 0:00
M,USD,MXN,2015-01-07,14.9469,1,1,SF60653,2026-07-01 0:00
M,USD,MXN,2015-01-08,14.8479,1,1,SF60653,2026-07-01 0:00
M,USD,MXN,2015-01-09,14.7936,1,1,SF60653,2026-07-01 0:00
M,USD,MXN,2015-01-10,14.6274,1,1,SF60653,2026-07-01 0:00
M,USD,MXN,2015-01-11,14.6274,1,1,SF60653,2026-07-01 0:00
M,USD,MXN,2015-01-12,14.6274,1,1,SF60653,2026-07-01 0:00
M,USD,MXN,2015-01-13,14.5804,1,1,SF60653,2026-07-01 0:00
M,USD,MXN,2015-01-14,14.6398,1,1,SF60653,2026-07-01 0:00
M,USD,MXN,2015-01-15,14.5559,1,1,SF60653,2026-07-01 0:00
M,USD,MXN,2015-01-16,14.5644,1,1,SF60653,2026-07-01 0:00
M,USD,MXN,2015-01-17,14.5821,1,1,SF60653,2026-07-01 0:00
M,USD,MXN,2015-01-18,14.5821,1,1,SF60653,2026-07-01 0:00
M,USD,MXN,2015-01-19,14.5821,1,1,SF60653,2026-07-01 0:00
M,USD,MXN,2015-01-20,14.6223,1,1,SF60653,2026-07-01 0:00
M,USD,MXN,2015-01-21,14.6524,1,1,SF60653,2026-07-01 0:00
M,USD,MXN,2015-01-22,14.6484,1,1,SF60653,2026-07-01 0:00
M,USD,MXN,2015-01-23,14.6983,1,1,SF60653,2026-07-01 0:00
M,USD,MXN,2015-01-24,14.612,1,1,SF60653,2026-07-01 0:00
M,USD,MXN,2015-01-25,14.612,1,1,SF60653,2026-07-01 0:00
M,USD,MXN,2015-01-26,14.612,1,1,SF60653,2026-07-01 0:00
M,USD,MXN,2015-01-27,14.6499,1,1,SF60653,2026-07-01 0:00
M,USD,MXN,2015-01-28,14.5887,1,1,SF60653,2026-07-01 0:00
M,USD,MXN,2015-01-29,14.5872,1,1,SF60653,2026-07-01 0:00
M,USD,MXN,2015-01-30,14.6878,1,1,SF60653,2026-07-01 0:00
M,USD,MXN,2015-01-31,14.8414,1,1,SF60653,2026-07-01 0:00
M,USD,MXN,2015-02-01,14.8414,1,1,SF60653,2026-07-01 0:00
M,USD,MXN,2015-02-02,14.8414,1,1,SF60653,2026-07-01 0:00
M,USD,MXN,2015-02-03,14.8414,1,1,SF60653,2026-07-01 0:00
M,USD,MXN,2015-02-04,14.9885,1,1,SF60653,2026-07-01 0:00
M,USD,MXN,2015-02-05,14.7566,1,1,SF60653,2026-07-01 0:00
M,USD,MXN,2015-02-06,14.8011,1,1,SF60653,2026-07-01 0:00
M,USD,MXN,2015-02-07,14.7548,1,1,SF60653,2026-07-01 0:00
M,USD,MXN,2015-02-08,14.7548,1,1,SF60653,2026-07-01 0:00
M,USD,MXN,2015-02-09,14.7548,1,1,SF60653,2026-07-01 0:00
M,USD,MXN,2015-02-10,14.9024,1,1,SF60653,2026-07-01 0:00
M,USD,MXN,2015-02-11,14.8014,1,1,SF60653,2026-07-01 0:00
M,USD,MXN,2015-02-12,14.9309,1,1,SF60653,2026-07-01 0:00
M,USD,MXN,2015-02-13,15.1099,1,1,SF60653,2026-07-01 0:00
M,USD,MXN,2015-02-14,14.9167,1,1,SF60653,2026-07-01 0:00
M,USD,MXN,2015-02-15,14.9167,1,1,SF60653,2026-07-01 0:00
M,USD,MXN,2015-02-16,14.9167,1,1,SF60653,2026-07-01 0:00
M,USD,MXN,2015-02-17,14.8605,1,1,SF60653,2026-07-01 0:00
M,USD,MXN,2015-02-18,14.8979,1,1,SF60653,2026-07-01 0:00
M,USD,MXN,2015-02-19,14.8971,1,1,SF60653,2026-07-01 0:00
M,USD,MXN,2015-02-20,14.9473,1,1,SF60653,2026-07-01 0:00
M,USD,MXN,2015-02-21,14.9583,1,1,SF60653,2026-07-01 0:00
M,USD,MXN,2015-02-22,14.9583,1,1,SF60653,2026-07-01 0:00
M,USD,MXN,2015-02-23,14.9583,1,1,SF60653,2026-07-01 0:00
M,USD,MXN,2015-02-24,15.0757,1,1,SF60653,2026-07-01 0:00
M,USD,MXN,2015-02-25,15.0832,1,1,SF60653,2026-07-01 0:00
M,USD,MXN,2015-02-26,14.9712,1,1,SF60653,2026-07-01 0:00
M,USD,MXN,2015-02-27,14.9228,1,1,SF60653,2026-07-01 0:00
M,USD,MXN,2015-02-28,14.9624,1,1,SF60653,2026-07-01 0:00
M,USD,MXN,2015-03-01,14.9624,1,1,SF60653,2026-07-01 0:00
M,USD,MXN,2015-03-02,14.9624,1,1,SF60653,2026-07-01 0:00
M,USD,MXN,2015-03-03,14.9553,1,1,SF60653,2026-07-01 0:00
M,USD,MXN,2015-03-04,14.9862,1,1,SF60653,2026-07-01 0:00
M,USD,MXN,2015-03-05,14.9544,1,1,SF60653,2026-07-01 0:00
M,USD,MXN,2015-03-06,15.0756,1,1,SF60653,2026-07-01 0:00
M,USD,MXN,2015-03-07,15.1686,1,1,SF60653,2026-07-01 0:00
M,USD,MXN,2015-03-08,15.1686,1,1,SF60653,2026-07-01 0:00
M,USD,MXN,2015-03-09,15.1686,1,1,SF60653,2026-07-01 0:00
M,USD,MXN,2015-03-10,15.4445,1,1,SF60653,2026-07-01 0:00
M,USD,MXN,2015-03-11,15.4544,1,1,SF60653,2026-07-01 0:00
M,USD,MXN,2015-03-12,15.5837,1,1,SF60653,2026-07-01 0:00
M,USD,MXN,2015-03-13,15.4455,1,1,SF60653,2026-07-01 0:00
M,USD,MXN,2015-03-14,15.4003,1,1,SF60653,2026-07-01 0:00
M,USD,MXN,2015-03-15,15.4003,1,1,SF60653,2026-07-01 0:00
M,USD,MXN,2015-03-16,15.4003,1,1,SF60653,2026-07-01 0:00
M,USD,MXN,2015-03-17,15.4003,1,1,SF60653,2026-07-01 0:00
M,USD,MXN,2015-03-18,15.4892,1,1,SF60653,2026-07-01 0:00
M,USD,MXN,2015-03-19,15.4271,1,1,SF60653,2026-07-01 0:00
M,USD,MXN,2015-03-20,15.4192,1,1,SF60653,2026-07-01 0:00
M,USD,MXN,2015-03-21,15.296,1,1,SF60653,2026-07-01 0:00
M,USD,MXN,2015-03-22,15.296,1,1,SF60653,2026-07-01 0:00
M,USD,MXN,2015-03-23,15.296,1,1,SF60653,2026-07-01 0:00
M,USD,MXN,2015-03-24,15.0317,1,1,SF60653,2026-07-01 0:00
M,USD,MXN,2015-03-25,14.9644,1,1,SF60653,2026-07-01 0:00
M,USD,MXN,2015-03-26,14.9347,1,1,SF60653,2026-07-01 0:00
M,USD,MXN,2015-03-27,14.9524,1,1,SF60653,2026-07-01 0:00
M,USD,MXN,2015-03-28,15.1056,1,1,SF60653,2026-07-01 0:00
M,USD,MXN,2015-03-29,15.1056,1,1,SF60653,2026-07-01 0:00
M,USD,MXN,2015-03-30,15.1056,1,1,SF60653,2026-07-01 0:00
M,USD,MXN,2015-03-31,15.1542,1,1,SF60653,2026-07-01 0:00
M,USD,MXN,2015-04-01,15.2427,1,1,SF60653,2026-07-01 0:00
M,USD,MXN,2015-04-02,15.2647,1,1,SF60653,2026-07-01 0:00
M,USD,MXN,2015-04-03,15.2647,1,1,SF60653,2026-07-01 0:00
M,USD,MXN,2015-04-04,15.2647,1,1,SF60653,2026-07-01 0:00
M,USD,MXN,2015-04-05,15.2647,1,1,SF60653,2026-07-01 0:00
M,USD,MXN,2015-04-06,15.2647,1,1,SF60653,2026-07-01 0:00
M,USD,MXN,2015-04-07,15.1206,1,1,SF60653,2026-07-01 0:00
M,USD,MXN,2015-04-08,14.8003,1,1,SF60653,2026-07-01 0:00
M,USD,MXN,2015-04-09,14.9039,1,1,SF60653,2026-07-01 0:00
M,USD,MXN,2015-04-10,14.9072,1,1,SF60653,2026-07-01 0:00
M,USD,MXN,2015-04-11,15.0554,1,1,SF60653,2026-07-01 0:00
M,USD,MXN,2015-04-12,15.0554,1,1,SF60653,2026-07-01 0:00
M,USD,MXN,2015-04-13,15.0554,1,1,SF60653,2026-07-01 0:00
M,USD,MXN,2015-04-14,15.1706,1,1,SF60653,2026-07-01 0:00
M,USD,MXN,2015-04-15,15.2947,1,1,SF60653,2026-07-01 0:00
M,USD,MXN,2015-04-16,15.2339,1,1,SF60653,2026-07-01 0:00
M,USD,MXN,2015-04-17,15.3891,1,1,SF60653,2026-07-01 0:00
M,USD,MXN,2015-04-18,15.2455,1,1,SF60653,2026-07-01 0:00
M,USD,MXN,2015-04-19,15.2455,1,1,SF60653,2026-07-01 0:00
M,USD,MXN,2015-04-20,15.2455,1,1,SF60653,2026-07-01 0:00
M,USD,MXN,2015-04-21,15.3128,1,1,SF60653,2026-07-01 0:00
M,USD,MXN,2015-04-22,15.3973,1,1,SF60653,2026-07-01 0:00
M,USD,MXN,2015-04-23,15.3837,1,1,SF60653,2026-07-01 0:00
M,USD,MXN,2015-04-24,15.4518,1,1,SF60653,2026-07-01 0:00
M,USD,MXN,2015-04-25,15.3539,1,1,SF60653,2026-07-01 0:00
M,USD,MXN,2015-04-26,15.3539,1,1,SF60653,2026-07-01 0:00
M,USD,MXN,2015-04-27,15.3539,1,1,SF60653,2026-07-01 0:00
M,USD,MXN,2015-04-28,15.3834,1,1,SF60653,2026-07-01 0:00
M,USD,MXN,2015-04-29,15.3213,1,1,SF60653,2026-07-01 0:00
M,USD,MXN,2015-04-30,15.2225,1,1,SF60653,2026-07-01 0:00
M,USD,MXN,2015-05-01,15.2043,1,1,SF60653,2026-07-01 0:00
M,USD,MXN,2015-05-02,15.2043,1,1,SF60653,2026-07-01 0:00
M,USD,MXN,2015-05-03,15.2043,1,1,SF60653,2026-07-01 0:00
M,USD,MXN,2015-05-04,15.2043,1,1,SF60653,2026-07-01 0:00
M,USD,MXN,2015-05-05,15.3714,1,1,SF60653,2026-07-01 0:00
M,USD,MXN,2015-05-06,15.494,1,1,SF60653,2026-07-01 0:00
M,USD,MXN,2015-05-07,15.3225,1,1,SF60653,2026-07-01 0:00
M,USD,MXN,2015-05-08,15.2825,1,1,SF60653,2026-07-01 0:00
M,USD,MXN,2015-05-09,15.3397,1,1,SF60653,2026-07-01 0:00
M,USD,MXN,2015-05-10,15.3397,1,1,SF60653,2026-07-01 0:00
M,USD,MXN,2015-05-11,15.3397,1,1,SF60653,2026-07-01 0:00
M,USD,MXN,2015-05-12,15.1424,1,1,SF60653,2026-07-01 0:00
M,USD,MXN,2015-05-13,15.2624,1,1,SF60653,2026-07-01 0:00
M,USD,MXN,2015-05-14,15.3211,1,1,SF60653,2026-07-01 0:00
M,USD,MXN,2015-05-15,15.2213,1,1,SF60653,2026-07-01 0:00
M,USD,MXN,2015-05-16,15.1235,1,1,SF60653,2026-07-01 0:00
M,USD,MXN,2015-05-17,15.1235,1,1,SF60653,2026-07-01 0:00
M,USD,MXN,2015-05-18,15.1235,1,1,SF60653,2026-07-01 0:00
M,USD,MXN,2015-05-19,15.0225,1,1,SF60653,2026-07-01 0:00
M,USD,MXN,2015-05-20,15.12,1,1,SF60653,2026-07-01 0:00
M,USD,MXN,2015-05-21,15.2008,1,1,SF60653,2026-07-01 0:00
M,USD,MXN,2015-05-22,15.212,1,1,SF60653,2026-07-01 0:00
M,USD,MXN,2015-05-23,15.2326,1,1,SF60653,2026-07-01 0:00
M,USD,MXN,2015-05-24,15.2326,1,1,SF60653,2026-07-01 0:00
M,USD,MXN,2015-05-25,15.2326,1,1,SF60653,2026-07-01 0:00
M,USD,MXN,2015-05-26,15.2918,1,1,SF60653,2026-07-01 0:00
M,USD,MXN,2015-05-27,15.2635,1,1,SF60653,2026-07-01 0:00
M,USD,MXN,2015-05-28,15.3235,1,1,SF60653,2026-07-01 0:00
M,USD,MXN,2015-05-29,15.3581,1,1,SF60653,2026-07-01 0:00
M,USD,MXN,2015-05-30,15.3737,1,1,SF60653,2026-07-01 0:00
M,USD,MXN,2015-05-31,15.3737,1,1,SF60653,2026-07-01 0:00
M,USD,MXN,2015-06-01,15.3737,1,1,SF60653,2026-07-01 0:00
M,USD,MXN,2015-06-02,15.3815,1,1,SF60653,2026-07-01 0:00
M,USD,MXN,2015-06-03,15.4845,1,1,SF60653,2026-07-01 0:00
M,USD,MXN,2015-06-04,15.4128,1,1,SF60653,2026-07-01 0:00
M,USD,MXN,2015-06-05,15.4833,1,1,SF60653,2026-07-01 0:00
M,USD,MXN,2015-06-06,15.5347,1,1,SF60653,2026-07-01 0:00
M,USD,MXN,2015-06-07,15.5347,1,1,SF60653,2026-07-01 0:00
M,USD,MXN,2015-06-08,15.5347,1,1,SF60653,2026-07-01 0:00
M,USD,MXN,2015-06-09,15.6958,1,1,SF60653,2026-07-01 0:00
M,USD,MXN,2015-06-10,15.6715,1,1,SF60653,2026-07-01 0:00
M,USD,MXN,2015-06-11,15.5645,1,1,SF60653,2026-07-01 0:00
M,USD,MXN,2015-06-12,15.4779,1,1,SF60653,2026-07-01 0:00
M,USD,MXN,2015-06-13,15.4409,1,1,SF60653,2026-07-01 0:00
M,USD,MXN,2015-06-14,15.4409,1,1,SF60653,2026-07-01 0:00
M,USD,MXN,2015-06-15,15.4409,1,1,SF60653,2026-07-01 0:00
M,USD,MXN,2015-06-16,15.4129,1,1,SF60653,2026-07-01 0:00
M,USD,MXN,2015-06-17,15.4327,1,1,SF60653,2026-07-01 0:00
M,USD,MXN,2015-06-18,15.4192,1,1,SF60653,2026-07-01 0:00
M,USD,MXN,2015-06-19,15.4199,1,1,SF60653,2026-07-01 0:00
M,USD,MXN,2015-06-20,15.2828,1,1,SF60653,2026-07-01 0:00
M,USD,MXN,2015-06-21,15.2828,1,1,SF60653,2026-07-01 0:00
M,USD,MXN,2015-06-22,15.2828,1,1,SF60653,2026-07-01 0:00
M,USD,MXN,2015-06-23,15.3274,1,1,SF60653,2026-07-01 0:00
M,USD,MXN,2015-06-24,15.3072,1,1,SF60653,2026-07-01 0:00
M,USD,MXN,2015-06-25,15.4088,1,1,SF60653,2026-07-01 0:00
M,USD,MXN,2015-06-26,15.4555,1,1,SF60653,2026-07-01 0:00
M,USD,MXN,2015-06-27,15.4816,1,1,SF60653,2026-07-01 0:00
M,USD,MXN,2015-06-28,15.4816,1,1,SF60653,2026-07-01 0:00
M,USD,MXN,2015-06-29,15.4816,1,1,SF60653,2026-07-01 0:00
M,USD,MXN,2015-06-30,15.5676,1,1,SF60653,2026-07-01 0:00
M,USD,MXN,2015-07-01,15.6599,1,1,SF60653,2026-07-01 0:00
M,USD,MXN,2015-07-02,15.6854,1,1,SF60653,2026-07-01 0:00
M,USD,MXN,2015-07-03,15.7829,1,1,SF60653,2026-07-01 0:00
M,USD,MXN,2015-07-04,15.6821,1,1,SF60653,2026-07-01 0:00
M,USD,MXN,2015-07-05,15.6821,1,1,SF60653,2026-07-01 0:00
M,USD,MXN,2015-07-06,15.6821,1,1,SF60653,2026-07-01 0:00
M,USD,MXN,2015-07-07,15.6918,1,1,SF60653,2026-07-01 0:00
M,USD,MXN,2015-07-08,15.753,1,1,SF60653,2026-07-01 0:00
M,USD,MXN,2015-07-09,15.8281,1,1,SF60653,2026-07-01 0:00
M,USD,MXN,2015-07-10,15.8174,1,1,SF60653,2026-07-01 0:00
M,USD,MXN,2015-07-11,15.7856,1,1,SF60653,2026-07-01 0:00
M,USD,MXN,2015-07-12,15.7856,1,1,SF60653,2026-07-01 0:00
M,USD,MXN,2015-07-13,15.7856,1,1,SF60653,2026-07-01 0:00
M,USD,MXN,2015-07-14,15.7329,1,1,SF60653,2026-07-01 0:00
M,USD,MXN,2015-07-15,15.7404,1,1,SF60653,2026-07-01 0:00
M,USD,MXN,2015-07-16,15.6728,1,1,SF60653,2026-07-01 0:00
M,USD,MXN,2015-07-17,15.747,1,1,SF60653,2026-07-01 0:00
M,USD,MXN,2015-07-18,15.8014,1,1,SF60653,2026-07-01 0:00
M,USD,MXN,2015-07-19,15.8014,1,1,SF60653,2026-07-01 0:00
M,USD,MXN,2015-07-20,15.8014,1,1,SF60653,2026-07-01 0:00
M,USD,MXN,2015-07-21,15.9121,1,1,SF60653,2026-07-01 0:00
M,USD,MXN,2015-07-22,15.9856,1,1,SF60653,2026-07-01 0:00
M,USD,MXN,2015-07-23,15.9728,1,1,SF60653,2026-07-01 0:00
M,USD,MXN,2015-07-24,16.095,1,1,SF60653,2026-07-01 0:00
M,USD,MXN,2015-07-25,16.0988,1,1,SF60653,2026-07-01 0:00
M,USD,MXN,2015-07-26,16.0988,1,1,SF60653,2026-07-01 0:00
M,USD,MXN,2015-07-27,16.0988,1,1,SF60653,2026-07-01 0:00
M,USD,MXN,2015-07-28,16.2364,1,1,SF60653,2026-07-01 0:00
M,USD,MXN,2015-07-29,16.2681,1,1,SF60653,2026-07-01 0:00
M,USD,MXN,2015-07-30,16.2638,1,1,SF60653,2026-07-01 0:00
M,USD,MXN,2015-07-31,16.214,1,1,SF60653,2026-07-01 0:00
M,USD,MXN,2015-08-01,16.4512,1,1,SF60653,2026-07-01 0:00
M,USD,MXN,2015-08-02,16.4512,1,1,SF60653,2026-07-01 0:00
M,USD,MXN,2015-08-03,16.4512,1,1,SF60653,2026-07-01 0:00
M,USD,MXN,2015-08-04,16.0772,1,1,SF60653,2026-07-01 0:00
M,USD,MXN,2015-08-05,16.1129,1,1,SF60653,2026-07-01 0:00
M,USD,MXN,2015-08-06,16.1736,1,1,SF60653,2026-07-01 0:00
M,USD,MXN,2015-08-07,16.3762,1,1,SF60653,2026-07-01 0:00
M,USD,MXN,2015-08-08,16.3533,1,1,SF60653,2026-07-01 0:00
M,USD,MXN,2015-08-09,16.3533,1,1,SF60653,2026-07-01 0:00
M,USD,MXN,2015-08-10,16.3533,1,1,SF60653,2026-07-01 0:00
M,USD,MXN,2015-08-11,16.1645,1,1,SF60653,2026-07-01 0:00
M,USD,MXN,2015-08-12,16.1652,1,1,SF60653,2026-07-01 0:00
M,USD,MXN,2015-08-13,16.3241,1,1,SF60653,2026-07-01 0:00
M,USD,MXN,2015-08-14,16.2976,1,1,SF60653,2026-07-01 0:00
M,USD,MXN,2015-08-15,16.3541,1,1,SF60653,2026-07-01 0:00
M,USD,MXN,2015-08-16,16.3541,1,1,SF60653,2026-07-01 0:00
M,USD,MXN,2015-08-17,16.3541,1,1,SF60653,2026-07-01 0:00
M,USD,MXN,2015-08-18,16.3658,1,1,SF60653,2026-07-01 0:00
M,USD,MXN,2015-08-19,16.3993,1,1,SF60653,2026-07-01 0:00
M,USD,MXN,2015-08-20,16.4317,1,1,SF60653,2026-07-01 0:00
M,USD,MXN,2015-08-21,16.4908,1,1,SF60653,2026-07-01 0:00
M,USD,MXN,2015-08-22,16.7182,1,1,SF60653,2026-07-01 0:00
M,USD,MXN,2015-08-23,16.7182,1,1,SF60653,2026-07-01 0:00
M,USD,MXN,2015-08-24,16.7182,1,1,SF60653,2026-07-01 0:00
M,USD,MXN,2015-08-25,16.9171,1,1,SF60653,2026-07-01 0:00
M,USD,MXN,2015-08-26,17.0975,1,1,SF60653,2026-07-01 0:00
M,USD,MXN,2015-08-27,16.9859,1,1,SF60653,2026-07-01 0:00
M,USD,MXN,2015-08-28,17.1065,1,1,SF60653,2026-07-01 0:00
M,USD,MXN,2015-08-29,16.8863,1,1,SF60653,2026-07-01 0:00
M,USD,MXN,2015-08-30,16.8863,1,1,SF60653,2026-07-01 0:00
M,USD,MXN,2015-08-31,16.8863,1,1,SF60653,2026-07-01 0:00
M,USD,MXN,2015-09-01,16.7684,1,1,SF60653,2026-07-01 0:00
M,USD,MXN,2015-09-02,16.7829,1,1,SF60653,2026-07-01 0:00
M,USD,MXN,2015-09-03,16.8692,1,1,SF60653,2026-07-01 0:00
M,USD,MXN,2015-09-04,16.9444,1,1,SF60653,2026-07-01 0:00
M,USD,MXN,2015-09-05,16.7918,1,1,SF60653,2026-07-01 0:00
M,USD,MXN,2015-09-06,16.7918,1,1,SF60653,2026-07-01 0:00
M,USD,MXN,2015-09-07,16.7918,1,1,SF60653,2026-07-01 0:00
M,USD,MXN,2015-09-08,16.8454,1,1,SF60653,2026-07-01 0:00
M,USD,MXN,2015-09-09,16.988,1,1,SF60653,2026-07-01 0:00
M,USD,MXN,2015-09-10,16.7979,1,1,SF60653,2026-07-01 0:00
M,USD,MXN,2015-09-11,16.7773,1,1,SF60653,2026-07-01 0:00
M,USD,MXN,2015-09-12,16.8103,1,1,SF60653,2026-07-01 0:00
M,USD,MXN,2015-09-13,16.8103,1,1,SF60653,2026-07-01 0:00
M,USD,MXN,2015-09-14,16.8103,1,1,SF60653,2026-07-01 0:00
M,USD,MXN,2015-09-15,16.8261,1,1,SF60653,2026-07-01 0:00
M,USD,MXN,2015-09-16,16.8168,1,1,SF60653,2026-07-01 0:00
M,USD,MXN,2015-09-17,16.8168,1,1,SF60653,2026-07-01 0:00
M,USD,MXN,2015-09-18,16.7716,1,1,SF60653,2026-07-01 0:00
M,USD,MXN,2015-09-19,16.568,1,1,SF60653,2026-07-01 0:00
M,USD,MXN,2015-09-20,16.568,1,1,SF60653,2026-07-01 0:00
M,USD,MXN,2015-09-21,16.568,1,1,SF60653,2026-07-01 0:00
M,USD,MXN,2015-09-22,16.539,1,1,SF60653,2026-07-01 0:00
M,USD,MXN,2015-09-23,16.6865,1,1,SF60653,2026-07-01 0:00
M,USD,MXN,2015-09-24,16.8713,1,1,SF60653,2026-07-01 0:00
M,USD,MXN,2015-09-25,17.0453,1,1,SF60653,2026-07-01 0:00
M,USD,MXN,2015-09-26,17.1149,1,1,SF60653,2026-07-01 0:00
M,USD,MXN,2015-09-27,17.1149,1,1,SF60653,2026-07-01 0:00
M,USD,MXN,2015-09-28,17.1149,1,1,SF60653,2026-07-01 0:00
M,USD,MXN,2015-09-29,16.9595,1,1,SF60653,2026-07-01 0:00
M,USD,MXN,2015-09-30,17.0073,1,1,SF60653,2026-07-01 0:00
M,USD,MXN,2015-10-01,17.0771,1,1,SF60653,2026-07-01 0:00
M,USD,MXN,2015-10-02,16.9053,1,1,SF60653,2026-07-01 0:00
M,USD,MXN,2015-10-03,16.8566,1,1,SF60653,2026-07-01 0:00
M,USD,MXN,2015-10-04,16.8566,1,1,SF60653,2026-07-01 0:00
M,USD,MXN,2015-10-05,16.8566,1,1,SF60653,2026-07-01 0:00
M,USD,MXN,2015-10-06,16.8162,1,1,SF60653,2026-07-01 0:00
M,USD,MXN,2015-10-07,16.6941,1,1,SF60653,2026-07-01 0:00
M,USD,MXN,2015-10-08,16.6878,1,1,SF60653,2026-07-01 0:00
M,USD,MXN,2015-10-09,16.5762,1,1,SF60653,2026-07-01 0:00
M,USD,MXN,2015-10-10,16.5464,1,1,SF60653,2026-07-01 0:00
M,USD,MXN,2015-10-11,16.5464,1,1,SF60653,2026-07-01 0:00
M,USD,MXN,2015-10-12,16.5464,1,1,SF60653,2026-07-01 0:00
M,USD,MXN,2015-10-13,16.418,1,1,SF60653,2026-07-01 0:00
M,USD,MXN,2015-10-14,16.4219,1,1,SF60653,2026-07-01 0:00
M,USD,MXN,2015-10-15,16.5848,1,1,SF60653,2026-07-01 0:00
M,USD,MXN,2015-10-16,16.5804,1,1,SF60653,2026-07-01 0:00
M,USD,MXN,2015-10-17,16.425,1,1,SF60653,2026-07-01 0:00
M,USD,MXN,2015-10-18,16.425,1,1,SF60653,2026-07-01 0:00
M,USD,MXN,2015-10-19,16.425,1,1,SF60653,2026-07-01 0:00
M,USD,MXN,2015-10-20,16.3959,1,1,SF60653,2026-07-01 0:00
M,USD,MXN,2015-10-21,16.4899,1,1,SF60653,2026-07-01 0:00
M,USD,MXN,2015-10-22,16.5618,1,1,SF60653,2026-07-01 0:00
M,USD,MXN,2015-10-23,16.66,1,1,SF60653,2026-07-01 0:00
M,USD,MXN,2015-10-24,16.5284,1,1,SF60653,2026-07-01 0:00
M,USD,MXN,2015-10-25,16.5284,1,1,SF60653,2026-07-01 0:00
M,USD,MXN,2015-10-26,16.5284,1,1,SF60653,2026-07-01 0:00
M,USD,MXN,2015-10-27,16.5138,1,1,SF60653,2026-07-01 0:00
M,USD,MXN,2015-10-28,16.4998,1,1,SF60653,2026-07-01 0:00
M,USD,MXN,2015-10-29,16.5545,1,1,SF60653,2026-07-01 0:00
M,USD,MXN,2015-10-30,16.4503,1,1,SF60653,2026-07-01 0:00
M,USD,MXN,2015-10-31,16.6219,1,1,SF60653,2026-07-01 0:00
M,USD,MXN,2015-11-01,16.6219,1,1,SF60653,2026-07-01 0:00
M,USD,MXN,2015-11-02,16.6219,1,1,SF60653,2026-07-01 0:00
M,USD,MXN,2015-11-03,16.6219,1,1,SF60653,2026-07-01 0:00
M,USD,MXN,2015-11-04,16.5244,1,1,SF60653,2026-07-01 0:00
M,USD,MXN,2015-11-05,16.4196,1,1,SF60653,2026-07-01 0:00
M,USD,MXN,2015-11-06,16.5147,1,1,SF60653,2026-07-01 0:00
M,USD,MXN,2015-11-07,16.5959,1,1,SF60653,2026-07-01 0:00
M,USD,MXN,2015-11-08,16.5959,1,1,SF60653,2026-07-01 0:00
M,USD,MXN,2015-11-09,16.5959,1,1,SF60653,2026-07-01 0:00
M,USD,MXN,2015-11-10,16.8382,1,1,SF60653,2026-07-01 0:00
M,USD,MXN,2015-11-11,16.87,1,1,SF60653,2026-07-01 0:00
M,USD,MXN,2015-11-12,16.7658,1,1,SF60653,2026-07-01 0:00
M,USD,MXN,2015-11-13,16.7173,1,1,SF60653,2026-07-01 0:00
M,USD,MXN,2015-11-14,16.7406,1,1,SF60653,2026-07-01 0:00
M,USD,MXN,2015-11-15,16.7406,1,1,SF60653,2026-07-01 0:00
M,USD,MXN,2015-11-16,16.7406,1,1,SF60653,2026-07-01 0:00
M,USD,MXN,2015-11-17,16.7406,1,1,SF60653,2026-07-01 0:00
M,USD,MXN,2015-11-18,16.7395,1,1,SF60653,2026-07-01 0:00
M,USD,MXN,2015-11-19,16.757,1,1,SF60653,2026-07-01 0:00
M,USD,MXN,2015-11-20,16.7636,1,1,SF60653,2026-07-01 0:00
M,USD,MXN,2015-11-21,16.5748,1,1,SF60653,2026-07-01 0:00
M,USD,MXN,2015-11-22,16.5748,1,1,SF60653,2026-07-01 0:00
M,USD,MXN,2015-11-23,16.5748,1,1,SF60653,2026-07-01 0:00
M,USD,MXN,2015-11-24,16.512,1,1,SF60653,2026-07-01 0:00
M,USD,MXN,2015-11-25,16.5306,1,1,SF60653,2026-07-01 0:00
M,USD,MXN,2015-11-26,16.4705,1,1,SF60653,2026-07-01 0:00
M,USD,MXN,2015-11-27,16.5548,1,1,SF60653,2026-07-01 0:00
M,USD,MXN,2015-11-28,16.5492,1,1,SF60653,2026-07-01 0:00
M,USD,MXN,2015-11-29,16.5492,1,1,SF60653,2026-07-01 0:00
M,USD,MXN,2015-11-30,16.5492,1,1,SF60653,2026-07-01 0:00
M,USD,MXN,2015-12-01,16.5784,1,1,SF60653,2026-07-01 0:00
M,USD,MXN,2015-12-02,16.5856,1,1,SF60653,2026-07-01 0:00
M,USD,MXN,2015-12-03,16.5104,1,1,SF60653,2026-07-01 0:00
M,USD,MXN,2015-12-04,16.5933,1,1,SF60653,2026-07-01 0:00
M,USD,MXN,2015-12-05,16.7095,1,1,SF60653,2026-07-01 0:00
M,USD,MXN,2015-12-06,16.7095,1,1,SF60653,2026-07-01 0:00
M,USD,MXN,2015-12-07,16.7095,1,1,SF60653,2026-07-01 0:00
M,USD,MXN,2015-12-08,16.6757,1,1,SF60653,2026-07-01 0:00
M,USD,MXN,2015-12-09,16.9044,1,1,SF60653,2026-07-01 0:00
M,USD,MXN,2015-12-10,17.0164,1,1,SF60653,2026-07-01 0:00
M,USD,MXN,2015-12-11,17.016,1,1,SF60653,2026-07-01 0:00
M,USD,MXN,2015-12-12,17.075,1,1,SF60653,2026-07-01 0:00
M,USD,MXN,2015-12-13,17.075,1,1,SF60653,2026-07-01 0:00
M,USD,MXN,2015-12-14,17.075,1,1,SF60653,2026-07-01 0:00
M,USD,MXN,2015-12-15,17.3592,1,1,SF60653,2026-07-01 0:00
M,USD,MXN,2015-12-16,17.3776,1,1,SF60653,2026-07-01 0:00
M,USD,MXN,2015-12-17,17.1529,1,1,SF60653,2026-07-01 0:00
M,USD,MXN,2015-12-18,17.136,1,1,SF60653,2026-07-01 0:00
M,USD,MXN,2015-12-19,17.1,1,1,SF60653,2026-07-01 0:00
M,USD,MXN,2015-12-20,17.1,1,1,SF60653,2026-07-01 0:00
M,USD,MXN,2015-12-21,17.1,1,1,SF60653,2026-07-01 0:00
M,USD,MXN,2015-12-22,17.0139,1,1,SF60653,2026-07-01 0:00
M,USD,MXN,2015-12-23,17.1034,1,1,SF60653,2026-07-01 0:00
M,USD,MXN,2015-12-24,17.1847,1,1,SF60653,2026-07-01 0:00
M,USD,MXN,2015-12-25,17.1953,1,1,SF60653,2026-07-01 0:00
M,USD,MXN,2015-12-26,17.1953,1,1,SF60653,2026-07-01 0:00
M,USD,MXN,2015-12-27,17.1953,1,1,SF60653,2026-07-01 0:00
M,USD,MXN,2015-12-28,17.1953,1,1,SF60653,2026-07-01 0:00
M,USD,MXN,2015-12-29,17.276,1,1,SF60653,2026-07-01 0:00
M,USD,MXN,2015-12-30,17.271,1,1,SF60653,2026-07-01 0:00
M,USD,MXN,2015-12-31,17.2065,1,1,SF60653,2026-07-01 0:00
M,USD,MXN,2016-01-01,17.3398,1,1,SF60653,2026-07-01 0:00
M,USD,MXN,2016-01-02,17.3398,1,1,SF60653,2026-07-01 0:00
M,USD,MXN,2016-01-03,17.3398,1,1,SF60653,2026-07-01 0:00
M,USD,MXN,2016-01-04,17.3398,1,1,SF60653,2026-07-01 0:00
M,USD,MXN,2016-01-05,17.2487,1,1,SF60653,2026-07-01 0:00
M,USD,MXN,2016-01-06,17.3529,1,1,SF60653,2026-07-01 0:00
M,USD,MXN,2016-01-07,17.3456,1,1,SF60653,2026-07-01 0:00
M,USD,MXN,2016-01-08,17.4411,1,1,SF60653,2026-07-01 0:00
M,USD,MXN,2016-01-09,17.6568,1,1,SF60653,2026-07-01 0:00
M,USD,MXN,2016-01-10,17.6568,1,1,SF60653,2026-07-01 0:00
M,USD,MXN,2016-01-11,17.6568,1,1,SF60653,2026-07-01 0:00
M,USD,MXN,2016-01-12,17.9283,1,1,SF60653,2026-07-01 0:00
M,USD,MXN,2016-01-13,17.9304,1,1,SF60653,2026-07-01 0:00
M,USD,MXN,2016-01-14,17.9119,1,1,SF60653,2026-07-01 0:00
M,USD,MXN,2016-01-15,17.85,1,1,SF60653,2026-07-01 0:00
M,USD,MXN,2016-01-16,17.9121,1,1,SF60653,2026-07-01 0:00
M,USD,MXN,2016-01-17,17.9121,1,1,SF60653,2026-07-01 0:00
M,USD,MXN,2016-01-18,17.9121,1,1,SF60653,2026-07-01 0:00
M,USD,MXN,2016-01-19,18.2108,1,1,SF60653,2026-07-01 0:00
M,USD,MXN,2016-01-20,18.2327,1,1,SF60653,2026-07-01 0:00
M,USD,MXN,2016-01-21,18.1947,1,1,SF60653,2026-07-01 0:00
M,USD,MXN,2016-01-22,18.608,1,1,SF60653,2026-07-01 0:00
M,USD,MXN,2016-01-23,18.5084,1,1,SF60653,2026-07-01 0:00
M,USD,MXN,2016-01-24,18.5084,1,1,SF60653,2026-07-01 0:00
M,USD,MXN,2016-01-25,18.5084,1,1,SF60653,2026-07-01 0:00
M,USD,MXN,2016-01-26,18.428,1,1,SF60653,2026-07-01 0:00
M,USD,MXN,2016-01-27,18.5352,1,1,SF60653,2026-07-01 0:00
M,USD,MXN,2016-01-28,18.4715,1,1,SF60653,2026-07-01 0:00
M,USD,MXN,2016-01-29,18.453,1,1,SF60653,2026-07-01 0:00
M,USD,MXN,2016-01-30,18.2906,1,1,SF60653,2026-07-01 0:00
M,USD,MXN,2016-01-31,18.2906,1,1,SF60653,2026-07-01 0:00
M,USD,MXN,2016-02-01,18.2906,1,1,SF60653,2026-07-01 0:00
M,USD,MXN,2016-02-02,18.2906,1,1,SF60653,2026-07-01 0:00
M,USD,MXN,2016-02-03,18.1935,1,1,SF60653,2026-07-01 0:00
M,USD,MXN,2016-02-04,18.4902,1,1,SF60653,2026-07-01 0:00
M,USD,MXN,2016-02-05,18.4537,1,1,SF60653,2026-07-01 0:00
M,USD,MXN,2016-02-06,18.1891,1,1,SF60653,2026-07-01 0:00
M,USD,MXN,2016-02-07,18.1891,1,1,SF60653,2026-07-01 0:00
M,USD,MXN,2016-02-08,18.1891,1,1,SF60653,2026-07-01 0:00
M,USD,MXN,2016-02-09,18.3748,1,1,SF60653,2026-07-01 0:00
M,USD,MXN,2016-02-10,18.6959,1,1,SF60653,2026-07-01 0:00
M,USD,MXN,2016-02-11,18.7818,1,1,SF60653,2026-07-01 0:00
M,USD,MXN,2016-02-12,18.8089,1,1,SF60653,2026-07-01 0:00
M,USD,MXN,2016-02-13,19.1754,1,1,SF60653,2026-07-01 0:00
M,USD,MXN,2016-02-14,19.1754,1,1,SF60653,2026-07-01 0:00
M,USD,MXN,2016-02-15,19.1754,1,1,SF60653,2026-07-01 0:00
M,USD,MXN,2016-02-16,19.0392,1,1,SF60653,2026-07-01 0:00
M,USD,MXN,2016-02-17,18.8471,1,1,SF60653,2026-07-01 0:00
M,USD,MXN,2016-02-18,18.8148,1,1,SF60653,2026-07-01 0:00
M,USD,MXN,2016-02-19,18.3895,1,1,SF60653,2026-07-01 0:00
M,USD,MXN,2016-02-20,18.1439,1,1,SF60653,2026-07-01 0:00
M,USD,MXN,2016-02-21,18.1439,1,1,SF60653,2026-07-01 0:00
M,USD,MXN,2016-02-22,18.1439,1,1,SF60653,2026-07-01 0:00
M,USD,MXN,2016-02-23,18.2762,1,1,SF60653,2026-07-01 0:00
M,USD,MXN,2016-02-24,18.0568,1,1,SF60653,2026-07-01 0:00
M,USD,MXN,2016-02-25,18.1948,1,1,SF60653,2026-07-01 0:00
M,USD,MXN,2016-02-26,18.2893,1,1,SF60653,2026-07-01 0:00
M,USD,MXN,2016-02-27,18.168,1,1,SF60653,2026-07-01 0:00
M,USD,MXN,2016-02-28,18.168,1,1,SF60653,2026-07-01 0:00
M,USD,MXN,2016-02-29,18.168,1,1,SF60653,2026-07-01 0:00
M,USD,MXN,2016-03-01,18.1706,1,1,SF60653,2026-07-01 0:00
M,USD,MXN,2016-03-02,18.102,1,1,SF60653,2026-07-01 0:00
M,USD,MXN,2016-03-03,17.9432,1,1,SF60653,2026-07-01 0:00
M,USD,MXN,2016-03-04,17.8561,1,1,SF60653,2026-07-01 0:00
M,USD,MXN,2016-03-05,17.8971,1,1,SF60653,2026-07-01 0:00
M,USD,MXN,2016-03-06,17.8971,1,1,SF60653,2026-07-01 0:00
M,USD,MXN,2016-03-07,17.8971,1,1,SF60653,2026-07-01 0:00
M,USD,MXN,2016-03-08,17.7723,1,1,SF60653,2026-07-01 0:00
M,USD,MXN,2016-03-09,17.7526,1,1,SF60653,2026-07-01 0:00
M,USD,MXN,2016-03-10,17.9044,1,1,SF60653,2026-07-01 0:00
M,USD,MXN,2016-03-11,17.7523,1,1,SF60653,2026-07-01 0:00
M,USD,MXN,2016-03-12,17.8601,1,1,SF60653,2026-07-01 0:00
M,USD,MXN,2016-03-13,17.8601,1,1,SF60653,2026-07-01 0:00
M,USD,MXN,2016-03-14,17.8601,1,1,SF60653,2026-07-01 0:00
M,USD,MXN,2016-03-15,17.7002,1,1,SF60653,2026-07-01 0:00
M,USD,MXN,2016-03-16,17.7691,1,1,SF60653,2026-07-01 0:00
M,USD,MXN,2016-03-17,17.926,1,1,SF60653,2026-07-01 0:00
M,USD,MXN,2016-03-18,17.9308,1,1,SF60653,2026-07-01 0:00
M,USD,MXN,2016-03-19,17.4034,1,1,SF60653,2026-07-01 0:00
M,USD,MXN,2016-03-20,17.4034,1,1,SF60653,2026-07-01 0:00
M,USD,MXN,2016-03-21,17.4034,1,1,SF60653,2026-07-01 0:00
M,USD,MXN,2016-03-22,17.4034,1,1,SF60653,2026-07-01 0:00
M,USD,MXN,2016-03-23,17.2995,1,1,SF60653,2026-07-01 0:00
M,USD,MXN,2016-03-24,17.3361,1,1,SF60653,2026-07-01 0:00
M,USD,MXN,2016-03-25,17.3361,1,1,SF60653,2026-07-01 0:00
M,USD,MXN,2016-03-26,17.3361,1,1,SF60653,2026-07-01 0:00
M,USD,MXN,2016-03-27,17.3361,1,1,SF60653,2026-07-01 0:00
M,USD,MXN,2016-03-28,17.3361,1,1,SF60653,2026-07-01 0:00
M,USD,MXN,2016-03-29,17.5273,1,1,SF60653,2026-07-01 0:00
M,USD,MXN,2016-03-30,17.461,1,1,SF60653,2026-07-01 0:00
M,USD,MXN,2016-03-31,17.4015,1,1,SF60653,2026-07-01 0:00
M,USD,MXN,2016-04-01,17.2509,1,1,SF60653,2026-07-01 0:00
M,USD,MXN,2016-04-02,17.237,1,1,SF60653,2026-07-01 0:00
M,USD,MXN,2016-04-03,17.237,1,1,SF60653,2026-07-01 0:00
M,USD,MXN,2016-04-04,17.237,1,1,SF60653,2026-07-01 0:00
M,USD,MXN,2016-04-05,17.3338,1,1,SF60653,2026-07-01 0:00
M,USD,MXN,2016-04-06,17.4484,1,1,SF60653,2026-07-01 0:00
M,USD,MXN,2016-04-07,17.7252,1,1,SF60653,2026-07-01 0:00
M,USD,MXN,2016-04-08,17.7286,1,1,SF60653,2026-07-01 0:00
M,USD,MXN,2016-04-09,17.893,1,1,SF60653,2026-07-01 0:00
M,USD,MXN,2016-04-10,17.893,1,1,SF60653,2026-07-01 0:00
M,USD,MXN,2016-04-11,17.893,1,1,SF60653,2026-07-01 0:00
M,USD,MXN,2016-04-12,17.7391,1,1,SF60653,2026-07-01 0:00
M,USD,MXN,2016-04-13,17.6452,1,1,SF60653,2026-07-01 0:00
M,USD,MXN,2016-04-14,17.5719,1,1,SF60653,2026-07-01 0:00
M,USD,MXN,2016-04-15,17.49,1,1,SF60653,2026-07-01 0:00
M,USD,MXN,2016-04-16,17.388,1,1,SF60653,2026-07-01 0:00
M,USD,MXN,2016-04-17,17.388,1,1,SF60653,2026-07-01 0:00
M,USD,MXN,2016-04-18,17.388,1,1,SF60653,2026-07-01 0:00
M,USD,MXN,2016-04-19,17.5669,1,1,SF60653,2026-07-01 0:00
M,USD,MXN,2016-04-20,17.4598,1,1,SF60653,2026-07-01 0:00
M,USD,MXN,2016-04-21,17.2825,1,1,SF60653,2026-07-01 0:00
M,USD,MXN,2016-04-22,17.3078,1,1,SF60653,2026-07-01 0:00
M,USD,MXN,2016-04-23,17.4202,1,1,SF60653,2026-07-01 0:00
M,USD,MXN,2016-04-24,17.4202,1,1,SF60653,2026-07-01 0:00
M,USD,MXN,2016-04-25,17.4202,1,1,SF60653,2026-07-01 0:00
M,USD,MXN,2016-04-26,17.4359,1,1,SF60653,2026-07-01 0:00
M,USD,MXN,2016-04-27,17.5866,1,1,SF60653,2026-07-01 0:00
M,USD,MXN,2016-04-28,17.4298,1,1,SF60653,2026-07-01 0:00
M,USD,MXN,2016-04-29,17.3993,1,1,SF60653,2026-07-01 0:00
M,USD,MXN,2016-04-30,17.2125,1,1,SF60653,2026-07-01 0:00
M,USD,MXN,2016-05-01,17.2125,1,1,SF60653,2026-07-01 0:00
M,USD,MXN,2016-05-02,17.2125,1,1,SF60653,2026-07-01 0:00
M,USD,MXN,2016-05-03,17.1767,1,1,SF60653,2026-07-01 0:00
M,USD,MXN,2016-05-04,17.2279,1,1,SF60653,2026-07-01 0:00
M,USD,MXN,2016-05-05,17.5234,1,1,SF60653,2026-07-01 0:00
M,USD,MXN,2016-05-06,17.7358,1,1,SF60653,2026-07-01 0:00
M,USD,MXN,2016-05-07,17.7866,1,1,SF60653,2026-07-01 0:00
M,USD,MXN,2016-05-08,17.7866,1,1,SF60653,2026-07-01 0:00
M,USD,MXN,2016-05-09,17.7866,1,1,SF60653,2026-07-01 0:00
M,USD,MXN,2016-05-10,17.9204,1,1,SF60653,2026-07-01 0:00
M,USD,MXN,2016-05-11,18.1033,1,1,SF60653,2026-07-01 0:00
M,USD,MXN,2016-05-12,18.0205,1,1,SF60653,2026-07-01 0:00
M,USD,MXN,2016-05-13,17.9549,1,1,SF60653,2026-07-01 0:00
M,USD,MXN,2016-05-14,17.9915,1,1,SF60653,2026-07-01 0:00
M,USD,MXN,2016-05-15,17.9915,1,1,SF60653,2026-07-01 0:00
M,USD,MXN,2016-05-16,17.9915,1,1,SF60653,2026-07-01 0:00
M,USD,MXN,2016-05-17,18.1562,1,1,SF60653,2026-07-01 0:00
M,USD,MXN,2016-05-18,18.1795,1,1,SF60653,2026-07-01 0:00
M,USD,MXN,2016-05-19,18.3217,1,1,SF60653,2026-07-01 0:00
M,USD,MXN,2016-05-20,18.3761,1,1,SF60653,2026-07-01 0:00
M,USD,MXN,2016-05-21,18.5465,1,1,SF60653,2026-07-01 0:00
M,USD,MXN,2016-05-22,18.5465,1,1,SF60653,2026-07-01 0:00
M,USD,MXN,2016-05-23,18.5465,1,1,SF60653,2026-07-01 0:00
M,USD,MXN,2016-05-24,18.3826,1,1,SF60653,2026-07-01 0:00
M,USD,MXN,2016-05-25,18.4444,1,1,SF60653,2026-07-01 0:00
M,USD,MXN,2016-05-26,18.4694,1,1,SF60653,2026-07-01 0:00
M,USD,MXN,2016-05-27,18.452,1,1,SF60653,2026-07-01 0:00
M,USD,MXN,2016-05-28,18.4572,1,1,SF60653,2026-07-01 0:00
M,USD,MXN,2016-05-29,18.4572,1,1,SF60653,2026-07-01 0:00
M,USD,MXN,2016-05-30,18.4572,1,1,SF60653,2026-07-01 0:00
M,USD,MXN,2016-05-31,18.4527,1,1,SF60653,2026-07-01 0:00
M,USD,MXN,2016-06-01,18.4777,1,1,SF60653,2026-07-01 0:00
M,USD,MXN,2016-06-02,18.4118,1,1,SF60653,2026-07-01 0:00
M,USD,MXN,2016-06-03,18.5299,1,1,SF60653,2026-07-01 0:00
M,USD,MXN,2016-06-04,18.6097,1,1,SF60653,2026-07-01 0:00
M,USD,MXN,2016-06-05,18.6097,1,1,SF60653,2026-07-01 0:00
M,USD,MXN,2016-06-06,18.6097,1,1,SF60653,2026-07-01 0:00
M,USD,MXN,2016-06-07,18.6283,1,1,SF60653,2026-07-01 0:00
M,USD,MXN,2016-06-08,18.5889,1,1,SF60653,2026-07-01 0:00
M,USD,MXN,2016-06-09,18.5067,1,1,SF60653,2026-07-01 0:00
M,USD,MXN,2016-06-10,18.1491,1,1,SF60653,2026-07-01 0:00
M,USD,MXN,2016-06-11,18.2742,1,1,SF60653,2026-07-01 0:00
M,USD,MXN,2016-06-12,18.2742,1,1,SF60653,2026-07-01 0:00
M,USD,MXN,2016-06-13,18.2742,1,1,SF60653,2026-07-01 0:00
M,USD,MXN,2016-06-14,18.5046,1,1,SF60653,2026-07-01 0:00
M,USD,MXN,2016-06-15,18.7915,1,1,SF60653,2026-07-01 0:00
M,USD,MXN,2016-06-16,18.9814,1,1,SF60653,2026-07-01 0:00
M,USD,MXN,2016-06-17,18.8672,1,1,SF60653,2026-07-01 0:00
M,USD,MXN,2016-06-18,18.9968,1,1,SF60653,2026-07-01 0:00
M,USD,MXN,2016-06-19,18.9968,1,1,SF60653,2026-07-01 0:00
M,USD,MXN,2016-06-20,18.9968,1,1,SF60653,2026-07-01 0:00
M,USD,MXN,2016-06-21,18.8527,1,1,SF60653,2026-07-01 0:00
M,USD,MXN,2016-06-22,18.6559,1,1,SF60653,2026-07-01 0:00
M,USD,MXN,2016-06-23,18.6444,1,1,SF60653,2026-07-01 0:00
M,USD,MXN,2016-06-24,18.5325,1,1,SF60653,2026-07-01 0:00
M,USD,MXN,2016-06-25,18.3207,1,1,SF60653,2026-07-01 0:00
M,USD,MXN,2016-06-26,18.3207,1,1,SF60653,2026-07-01 0:00
M,USD,MXN,2016-06-27,18.3207,1,1,SF60653,2026-07-01 0:00
M,USD,MXN,2016-06-28,18.8716,1,1,SF60653,2026-07-01 0:00
M,USD,MXN,2016-06-29,19.1283,1,1,SF60653,2026-07-01 0:00
M,USD,MXN,2016-06-30,18.9113,1,1,SF60653,2026-07-01 0:00
M,USD,MXN,2016-07-01,18.555,1,1,SF60653,2026-07-01 0:00
M,USD,MXN,2016-07-02,18.4646,1,1,SF60653,2026-07-01 0:00
M,USD,MXN,2016-07-03,18.4646,1,1,SF60653,2026-07-01 0:00
M,USD,MXN,2016-07-04,18.4646,1,1,SF60653,2026-07-01 0:00
M,USD,MXN,2016-07-05,18.309,1,1,SF60653,2026-07-01 0:00
M,USD,MXN,2016-07-06,18.3858,1,1,SF60653,2026-07-01 0:00
M,USD,MXN,2016-07-07,18.7536,1,1,SF60653,2026-07-01 0:00
M,USD,MXN,2016-07-08,18.8161,1,1,SF60653,2026-07-01 0:00
M,USD,MXN,2016-07-09,18.8607,1,1,SF60653,2026-07-01 0:00
M,USD,MXN,2016-07-10,18.8607,1,1,SF60653,2026-07-01 0:00
M,USD,MXN,2016-07-11,18.8607,1,1,SF60653,2026-07-01 0:00
M,USD,MXN,2016-07-12,18.5991,1,1,SF60653,2026-07-01 0:00
M,USD,MXN,2016-07-13,18.4597,1,1,SF60653,2026-07-01 0:00
M,USD,MXN,2016-07-14,18.3006,1,1,SF60653,2026-07-01 0:00
M,USD,MXN,2016-07-15,18.3937,1,1,SF60653,2026-07-01 0:00
M,USD,MXN,2016-07-16,18.3061,1,1,SF60653,2026-07-01 0:00
M,USD,MXN,2016-07-17,18.3061,1,1,SF60653,2026-07-01 0:00
M,USD,MXN,2016-07-18,18.3061,1,1,SF60653,2026-07-01 0:00
M,USD,MXN,2016-07-19,18.492,1,1,SF60653,2026-07-01 0:00
M,USD,MXN,2016-07-20,18.4879,1,1,SF60653,2026-07-01 0:00
M,USD,MXN,2016-07-21,18.5719,1,1,SF60653,2026-07-01 0:00
M,USD,MXN,2016-07-22,18.5729,1,1,SF60653,2026-07-01 0:00
M,USD,MXN,2016-07-23,18.6022,1,1,SF60653,2026-07-01 0:00
M,USD,MXN,2016-07-24,18.6022,1,1,SF60653,2026-07-01 0:00
M,USD,MXN,2016-07-25,18.6022,1,1,SF60653,2026-07-01 0:00
M,USD,MXN,2016-07-26,18.6089,1,1,SF60653,2026-07-01 0:00
M,USD,MXN,2016-07-27,18.7569,1,1,SF60653,2026-07-01 0:00
M,USD,MXN,2016-07-28,18.8114,1,1,SF60653,2026-07-01 0:00
M,USD,MXN,2016-07-29,18.8602,1,1,SF60653,2026-07-01 0:00
M,USD,MXN,2016-07-30,18.8979,1,1,SF60653,2026-07-01 0:00
M,USD,MXN,2016-07-31,18.8979,1,1,SF60653,2026-07-01 0:00
M,USD,MXN,2016-08-01,18.8979,1,1,SF60653,2026-07-01 0:00
M,USD,MXN,2016-08-02,18.7837,1,1,SF60653,2026-07-01 0:00
M,USD,MXN,2016-08-03,18.8504,1,1,SF60653,2026-07-01 0:00
M,USD,MXN,2016-08-04,18.8966,1,1,SF60653,2026-07-01 0:00
M,USD,MXN,2016-08-05,18.9117,1,1,SF60653,2026-07-01 0:00
M,USD,MXN,2016-08-06,18.8612,1,1,SF60653,2026-07-01 0:00
M,USD,MXN,2016-08-07,18.8612,1,1,SF60653,2026-07-01 0:00
M,USD,MXN,2016-08-08,18.8612,1,1,SF60653,2026-07-01 0:00
M,USD,MXN,2016-08-09,18.8691,1,1,SF60653,2026-07-01 0:00
M,USD,MXN,2016-08-10,18.5716,1,1,SF60653,2026-07-01 0:00
M,USD,MXN,2016-08-11,18.3842,1,1,SF60653,2026-07-01 0:00
M,USD,MXN,2016-08-12,18.3479,1,1,SF60653,2026-07-01 0:00
M,USD,MXN,2016-08-13,18.2678,1,1,SF60653,2026-07-01 0:00
M,USD,MXN,2016-08-14,18.2678,1,1,SF60653,2026-07-01 0:00
M,USD,MXN,2016-08-15,18.2678,1,1,SF60653,2026-07-01 0:00
M,USD,MXN,2016-08-16,18.2455,1,1,SF60653,2026-07-01 0:00
M,USD,MXN,2016-08-17,18.0363,1,1,SF60653,2026-07-01 0:00
M,USD,MXN,2016-08-18,17.9869,1,1,SF60653,2026-07-01 0:00
M,USD,MXN,2016-08-19,18.2598,1,1,SF60653,2026-07-01 0:00
M,USD,MXN,2016-08-20,18.0832,1,1,SF60653,2026-07-01 0:00
M,USD,MXN,2016-08-21,18.0832,1,1,SF60653,2026-07-01 0:00
M,USD,MXN,2016-08-22,18.0832,1,1,SF60653,2026-07-01 0:00
M,USD,MXN,2016-08-23,18.2674,1,1,SF60653,2026-07-01 0:00
M,USD,MXN,2016-08-24,18.3023,1,1,SF60653,2026-07-01 0:00
M,USD,MXN,2016-08-25,18.3202,1,1,SF60653,2026-07-01 0:00
M,USD,MXN,2016-08-26,18.4971,1,1,SF60653,2026-07-01 0:00
M,USD,MXN,2016-08-27,18.446,1,1,SF60653,2026-07-01 0:00
M,USD,MXN,2016-08-28,18.446,1,1,SF60653,2026-07-01 0:00
M,USD,MXN,2016-08-29,18.446,1,1,SF60653,2026-07-01 0:00
M,USD,MXN,2016-08-30,18.283,1,1,SF60653,2026-07-01 0:00
M,USD,MXN,2016-08-31,18.5773,1,1,SF60653,2026-07-01 0:00
M,USD,MXN,2016-09-01,18.7953,1,1,SF60653,2026-07-01 0:00
M,USD,MXN,2016-09-02,18.8611,1,1,SF60653,2026-07-01 0:00
M,USD,MXN,2016-09-03,18.8523,1,1,SF60653,2026-07-01 0:00
M,USD,MXN,2016-09-04,18.8523,1,1,SF60653,2026-07-01 0:00
M,USD,MXN,2016-09-05,18.8523,1,1,SF60653,2026-07-01 0:00
M,USD,MXN,2016-09-06,18.6589,1,1,SF60653,2026-07-01 0:00
M,USD,MXN,2016-09-07,18.5581,1,1,SF60653,2026-07-01 0:00
M,USD,MXN,2016-09-08,18.3524,1,1,SF60653,2026-07-01 0:00
M,USD,MXN,2016-09-09,18.3689,1,1,SF60653,2026-07-01 0:00
M,USD,MXN,2016-09-10,18.5427,1,1,SF60653,2026-07-01 0:00
M,USD,MXN,2016-09-11,18.5427,1,1,SF60653,2026-07-01 0:00
M,USD,MXN,2016-09-12,18.5427,1,1,SF60653,2026-07-01 0:00
M,USD,MXN,2016-09-13,18.8451,1,1,SF60653,2026-07-01 0:00
M,USD,MXN,2016-09-14,19.0646,1,1,SF60653,2026-07-01 0:00
M,USD,MXN,2016-09-15,19.152,1,1,SF60653,2026-07-01 0:00
M,USD,MXN,2016-09-16,19.2275,1,1,SF60653,2026-07-01 0:00
M,USD,MXN,2016-09-17,19.2275,1,1,SF60653,2026-07-01 0:00
M,USD,MXN,2016-09-18,19.2275,1,1,SF60653,2026-07-01 0:00
M,USD,MXN,2016-09-19,19.2275,1,1,SF60653,2026-07-01 0:00
M,USD,MXN,2016-09-20,19.2514,1,1,SF60653,2026-07-01 0:00
M,USD,MXN,2016-09-21,19.6097,1,1,SF60653,2026-07-01 0:00
M,USD,MXN,2016-09-22,19.777,1,1,SF60653,2026-07-01 0:00
M,USD,MXN,2016-09-23,19.8394,1,1,SF60653,2026-07-01 0:00
M,USD,MXN,2016-09-24,19.5965,1,1,SF60653,2026-07-01 0:00
M,USD,MXN,2016-09-25,19.5965,1,1,SF60653,2026-07-01 0:00
M,USD,MXN,2016-09-26,19.5965,1,1,SF60653,2026-07-01 0:00
M,USD,MXN,2016-09-27,19.7211,1,1,SF60653,2026-07-01 0:00
M,USD,MXN,2016-09-28,19.8322,1,1,SF60653,2026-07-01 0:00
M,USD,MXN,2016-09-29,19.5044,1,1,SF60653,2026-07-01 0:00
M,USD,MXN,2016-09-30,19.5002,1,1,SF60653,2026-07-01 0:00
M,USD,MXN,2016-10-01,19.4086,1,1,SF60653,2026-07-01 0:00
M,USD,MXN,2016-10-02,19.4086,1,1,SF60653,2026-07-01 0:00
M,USD,MXN,2016-10-03,19.4086,1,1,SF60653,2026-07-01 0:00
M,USD,MXN,2016-10-04,19.3776,1,1,SF60653,2026-07-01 0:00
M,USD,MXN,2016-10-05,19.3211,1,1,SF60653,2026-07-01 0:00
M,USD,MXN,2016-10-06,19.2138,1,1,SF60653,2026-07-01 0:00
M,USD,MXN,2016-10-07,19.2554,1,1,SF60653,2026-07-01 0:00
M,USD,MXN,2016-10-08,19.2433,1,1,SF60653,2026-07-01 0:00
M,USD,MXN,2016-10-09,19.2433,1,1,SF60653,2026-07-01 0:00
M,USD,MXN,2016-10-10,19.2433,1,1,SF60653,2026-07-01 0:00
M,USD,MXN,2016-10-11,19.2994,1,1,SF60653,2026-07-01 0:00
M,USD,MXN,2016-10-12,18.8786,1,1,SF60653,2026-07-01 0:00
M,USD,MXN,2016-10-13,18.9531,1,1,SF60653,2026-07-01 0:00
M,USD,MXN,2016-10-14,18.9622,1,1,SF60653,2026-07-01 0:00
M,USD,MXN,2016-10-15,19.0399,1,1,SF60653,2026-07-01 0:00
M,USD,MXN,2016-10-16,19.0399,1,1,SF60653,2026-07-01 0:00
M,USD,MXN,2016-10-17,19.0399,1,1,SF60653,2026-07-01 0:00
M,USD,MXN,2016-10-18,19.0046,1,1,SF60653,2026-07-01 0:00
M,USD,MXN,2016-10-19,18.8723,1,1,SF60653,2026-07-01 0:00
M,USD,MXN,2016-10-20,18.6726,1,1,SF60653,2026-07-01 0:00
M,USD,MXN,2016-10-21,18.5894,1,1,SF60653,2026-07-01 0:00
M,USD,MXN,2016-10-22,18.5945,1,1,SF60653,2026-07-01 0:00
M,USD,MXN,2016-10-23,18.5945,1,1,SF60653,2026-07-01 0:00
M,USD,MXN,2016-10-24,18.5945,1,1,SF60653,2026-07-01 0:00
M,USD,MXN,2016-10-25,18.6481,1,1,SF60653,2026-07-01 0:00
M,USD,MXN,2016-10-26,18.5658,1,1,SF60653,2026-07-01 0:00
M,USD,MXN,2016-10-27,18.5147,1,1,SF60653,2026-07-01 0:00
M,USD,MXN,2016-10-28,18.6485,1,1,SF60653,2026-07-01 0:00
M,USD,MXN,2016-10-29,18.8443,1,1,SF60653,2026-07-01 0:00
M,USD,MXN,2016-10-30,18.8443,1,1,SF60653,2026-07-01 0:00
M,USD,MXN,2016-10-31,18.8443,1,1,SF60653,2026-07-01 0:00
M,USD,MXN,2016-11-01,18.7304,1,1,SF60653,2026-07-01 0:00
M,USD,MXN,2016-11-02,18.8887,1,1,SF60653,2026-07-01 0:00
M,USD,MXN,2016-11-03,18.8887,1,1,SF60653,2026-07-01 0:00
M,USD,MXN,2016-11-04,19.1306,1,1,SF60653,2026-07-01 0:00
M,USD,MXN,2016-11-05,19.2014,1,1,SF60653,2026-07-01 0:00
M,USD,MXN,2016-11-06,19.2014,1,1,SF60653,2026-07-01 0:00
M,USD,MXN,2016-11-07,19.2014,1,1,SF60653,2026-07-01 0:00
M,USD,MXN,2016-11-08,19.0792,1,1,SF60653,2026-07-01 0:00
M,USD,MXN,2016-11-09,18.6192,1,1,SF60653,2026-07-01 0:00
M,USD,MXN,2016-11-10,18.5089,1,1,SF60653,2026-07-01 0:00
M,USD,MXN,2016-11-11,19.925,1,1,SF60653,2026-07-01 0:00
M,USD,MXN,2016-11-12,20.4812,1,1,SF60653,2026-07-01 0:00
M,USD,MXN,2016-11-13,20.4812,1,1,SF60653,2026-07-01 0:00
M,USD,MXN,2016-11-14,20.4812,1,1,SF60653,2026-07-01 0:00
M,USD,MXN,2016-11-15,21.0511,1,1,SF60653,2026-07-01 0:00
M,USD,MXN,2016-11-16,20.8729,1,1,SF60653,2026-07-01 0:00
M,USD,MXN,2016-11-17,20.349,1,1,SF60653,2026-07-01 0:00
M,USD,MXN,2016-11-18,20.2884,1,1,SF60653,2026-07-01 0:00
M,USD,MXN,2016-11-19,20.1898,1,1,SF60653,2026-07-01 0:00
M,USD,MXN,2016-11-20,20.1898,1,1,SF60653,2026-07-01 0:00
M,USD,MXN,2016-11-21,20.1898,1,1,SF60653,2026-07-01 0:00
M,USD,MXN,2016-11-22,20.1898,1,1,SF60653,2026-07-01 0:00
M,USD,MXN,2016-11-23,20.4193,1,1,SF60653,2026-07-01 0:00
M,USD,MXN,2016-11-24,20.5205,1,1,SF60653,2026-07-01 0:00
M,USD,MXN,2016-11-25,20.6901,1,1,SF60653,2026-07-01 0:00
M,USD,MXN,2016-11-26,20.7051,1,1,SF60653,2026-07-01 0:00
M,USD,MXN,2016-11-27,20.7051,1,1,SF60653,2026-07-01 0:00
M,USD,MXN,2016-11-28,20.7051,1,1,SF60653,2026-07-01 0:00
M,USD,MXN,2016-11-29,20.6475,1,1,SF60653,2026-07-01 0:00
M,USD,MXN,2016-11-30,20.5521,1,1,SF60653,2026-07-01 0:00
M,USD,MXN,2016-12-01,20.6225,1,1,SF60653,2026-07-01 0:00
M,USD,MXN,2016-12-02,20.5155,1,1,SF60653,2026-07-01 0:00
M,USD,MXN,2016-12-03,20.7488,1,1,SF60653,2026-07-01 0:00
M,USD,MXN,2016-12-04,20.7488,1,1,SF60653,2026-07-01 0:00
M,USD,MXN,2016-12-05,20.7488,1,1,SF60653,2026-07-01 0:00
M,USD,MXN,2016-12-06,20.6149,1,1,SF60653,2026-07-01 0:00
M,USD,MXN,2016-12-07,20.5927,1,1,SF60653,2026-07-01 0:00
M,USD,MXN,2016-12-08,20.3863,1,1,SF60653,2026-07-01 0:00
M,USD,MXN,2016-12-09,20.2967,1,1,SF60653,2026-07-01 0:00
M,USD,MXN,2016-12-10,20.4162,1,1,SF60653,2026-07-01 0:00
M,USD,MXN,2016-12-11,20.4162,1,1,SF60653,2026-07-01 0:00
M,USD,MXN,2016-12-12,20.4162,1,1,SF60653,2026-07-01 0:00
M,USD,MXN,2016-12-13,20.4162,1,1,SF60653,2026-07-01 0:00
M,USD,MXN,2016-12-14,20.3305,1,1,SF60653,2026-07-01 0:00
M,USD,MXN,2016-12-15,20.2567,1,1,SF60653,2026-07-01 0:00
M,USD,MXN,2016-12-16,20.2226,1,1,SF60653,2026-07-01 0:00
M,USD,MXN,2016-12-17,20.5973,1,1,SF60653,2026-07-01 0:00
M,USD,MXN,2016-12-18,20.5973,1,1,SF60653,2026-07-01 0:00
M,USD,MXN,2016-12-19,20.5973,1,1,SF60653,2026-07-01 0:00
M,USD,MXN,2016-12-20,20.428,1,1,SF60653,2026-07-01 0:00
M,USD,MXN,2016-12-21,20.4098,1,1,SF60653,2026-07-01 0:00
M,USD,MXN,2016-12-22,20.43,1,1,SF60653,2026-07-01 0:00
M,USD,MXN,2016-12-23,20.4921,1,1,SF60653,2026-07-01 0:00
M,USD,MXN,2016-12-24,20.7179,1,1,SF60653,2026-07-01 0:00
M,USD,MXN,2016-12-25,20.7179,1,1,SF60653,2026-07-01 0:00
M,USD,MXN,2016-12-26,20.7179,1,1,SF60653,2026-07-01 0:00
M,USD,MXN,2016-12-27,20.6271,1,1,SF60653,2026-07-01 0:00
M,USD,MXN,2016-12-28,20.6445,1,1,SF60653,2026-07-01 0:00
M,USD,MXN,2016-12-29,20.7052,1,1,SF60653,2026-07-01 0:00
M,USD,MXN,2016-12-30,20.7314,1,1,SF60653,2026-07-01 0:00
M,USD,MXN,2016-12-31,20.664,1,1,SF60653,2026-07-01 0:00
M,USD,MXN,2017-01-01,20.664,1,1,SF60653,2026-07-01 0:00
M,USD,MXN,2017-01-02,20.664,1,1,SF60653,2026-07-01 0:00
M,USD,MXN,2017-01-03,20.6194,1,1,SF60653,2026-07-01 0:00
M,USD,MXN,2017-01-04,20.7323,1,1,SF60653,2026-07-01 0:00
M,USD,MXN,2017-01-05,20.852,1,1,SF60653,2026-07-01 0:00
M,USD,MXN,2017-01-06,21.3799,1,1,SF60653,2026-07-01 0:00
M,USD,MXN,2017-01-07,21.3661,1,1,SF60653,2026-07-01 0:00
M,USD,MXN,2017-01-08,21.3661,1,1,SF60653,2026-07-01 0:00
M,USD,MXN,2017-01-09,21.3661,1,1,SF60653,2026-07-01 0:00
M,USD,MXN,2017-01-10,21.3144,1,1,SF60653,2026-07-01 0:00
M,USD,MXN,2017-01-11,21.3219,1,1,SF60653,2026-07-01 0:00
M,USD,MXN,2017-01-12,21.6168,1,1,SF60653,2026-07-01 0:00
M,USD,MXN,2017-01-13,21.9076,1,1,SF60653,2026-07-01 0:00
M,USD,MXN,2017-01-14,21.7204,1,1,SF60653,2026-07-01 0:00
M,USD,MXN,2017-01-15,21.7204,1,1,SF60653,2026-07-01 0:00
M,USD,MXN,2017-01-16,21.7204,1,1,SF60653,2026-07-01 0:00
M,USD,MXN,2017-01-17,21.633,1,1,SF60653,2026-07-01 0:00
M,USD,MXN,2017-01-18,21.6643,1,1,SF60653,2026-07-01 0:00
M,USD,MXN,2017-01-19,21.5738,1,1,SF60653,2026-07-01 0:00
M,USD,MXN,2017-01-20,21.8514,1,1,SF60653,2026-07-01 0:00
M,USD,MXN,2017-01-21,21.9044,1,1,SF60653,2026-07-01 0:00
M,USD,MXN,2017-01-22,21.9044,1,1,SF60653,2026-07-01 0:00
M,USD,MXN,2017-01-23,21.9044,1,1,SF60653,2026-07-01 0:00
M,USD,MXN,2017-01-24,21.7002,1,1,SF60653,2026-07-01 0:00
M,USD,MXN,2017-01-25,21.4512,1,1,SF60653,2026-07-01 0:00
M,USD,MXN,2017-01-26,21.3692,1,1,SF60653,2026-07-01 0:00
M,USD,MXN,2017-01-27,21.3439,1,1,SF60653,2026-07-01 0:00
M,USD,MXN,2017-01-28,21.2024,1,1,SF60653,2026-07-01 0:00
M,USD,MXN,2017-01-29,21.2024,1,1,SF60653,2026-07-01 0:00
M,USD,MXN,2017-01-30,21.2024,1,1,SF60653,2026-07-01 0:00
M,USD,MXN,2017-01-31,21.0212,1,1,SF60653,2026-07-01 0:00
M,USD,MXN,2017-02-01,20.7588,1,1,SF60653,2026-07-01 0:00
M,USD,MXN,2017-02-02,20.7908,1,1,SF60653,2026-07-01 0:00
M,USD,MXN,2017-02-03,20.7752,1,1,SF60653,2026-07-01 0:00
M,USD,MXN,2017-02-04,20.5757,1,1,SF60653,2026-07-01 0:00
M,USD,MXN,2017-02-05,20.5757,1,1,SF60653,2026-07-01 0:00
M,USD,MXN,2017-02-06,20.5757,1,1,SF60653,2026-07-01 0:00
M,USD,MXN,2017-02-07,20.5757,1,1,SF60653,2026-07-01 0:00
M,USD,MXN,2017-02-08,20.3439,1,1,SF60653,2026-07-01 0:00
M,USD,MXN,2017-02-09,20.637,1,1,SF60653,2026-07-01 0:00
M,USD,MXN,2017-02-10,20.4994,1,1,SF60653,2026-07-01 0:00
M,USD,MXN,2017-02-11,20.4163,1,1,SF60653,2026-07-01 0:00
M,USD,MXN,2017-02-12,20.4163,1,1,SF60653,2026-07-01 0:00
M,USD,MXN,2017-02-13,20.4163,1,1,SF60653,2026-07-01 0:00
M,USD,MXN,2017-02-14,20.3535,1,1,SF60653,2026-07-01 0:00
M,USD,MXN,2017-02-15,20.328,1,1,SF60653,2026-07-01 0:00
M,USD,MXN,2017-02-16,20.3507,1,1,SF60653,2026-07-01 0:00
M,USD,MXN,2017-02-17,20.3254,1,1,SF60653,2026-07-01 0:00
M,USD,MXN,2017-02-18,20.3325,1,1,SF60653,2026-07-01 0:00
M,USD,MXN,2017-02-19,20.3325,1,1,SF60653,2026-07-01 0:00
M,USD,MXN,2017-02-20,20.3325,1,1,SF60653,2026-07-01 0:00
M,USD,MXN,2017-02-21,20.4526,1,1,SF60653,2026-07-01 0:00
M,USD,MXN,2017-02-22,20.4059,1,1,SF60653,2026-07-01 0:00
M,USD,MXN,2017-02-23,20.4489,1,1,SF60653,2026-07-01 0:00
M,USD,MXN,2017-02-24,19.9127,1,1,SF60653,2026-07-01 0:00
M,USD,MXN,2017-02-25,19.7011,1,1,SF60653,2026-07-01 0:00
M,USD,MXN,2017-02-26,19.7011,1,1,SF60653,2026-07-01 0:00
M,USD,MXN,2017-02-27,19.7011,1,1,SF60653,2026-07-01 0:00
M,USD,MXN,2017-02-28,19.8335,1,1,SF60653,2026-07-01 0:00
M,USD,MXN,2017-03-01,19.8322,1,1,SF60653,2026-07-01 0:00
M,USD,MXN,2017-03-02,19.9957,1,1,SF60653,2026-07-01 0:00
M,USD,MXN,2017-03-03,19.9007,1,1,SF60653,2026-07-01 0:00
M,USD,MXN,2017-03-04,19.9373,1,1,SF60653,2026-07-01 0:00
M,USD,MXN,2017-03-05,19.9373,1,1,SF60653,2026-07-01 0:00
M,USD,MXN,2017-03-06,19.9373,1,1,SF60653,2026-07-01 0:00
M,USD,MXN,2017-03-07,19.6147,1,1,SF60653,2026-07-01 0:00
M,USD,MXN,2017-03-08,19.5538,1,1,SF60653,2026-07-01 0:00
M,USD,MXN,2017-03-09,19.521,1,1,SF60653,2026-07-01 0:00
M,USD,MXN,2017-03-10,19.6007,1,1,SF60653,2026-07-01 0:00
M,USD,MXN,2017-03-11,19.7974,1,1,SF60653,2026-07-01 0:00
M,USD,MXN,2017-03-12,19.7974,1,1,SF60653,2026-07-01 0:00
M,USD,MXN,2017-03-13,19.7974,1,1,SF60653,2026-07-01 0:00
M,USD,MXN,2017-03-14,19.6279,1,1,SF60653,2026-07-01 0:00
M,USD,MXN,2017-03-15,19.5803,1,1,SF60653,2026-07-01 0:00
M,USD,MXN,2017-03-16,19.6543,1,1,SF60653,2026-07-01 0:00
M,USD,MXN,2017-03-17,19.4493,1,1,SF60653,2026-07-01 0:00
M,USD,MXN,2017-03-18,19.173,1,1,SF60653,2026-07-01 0:00
M,USD,MXN,2017-03-19,19.173,1,1,SF60653,2026-07-01 0:00
M,USD,MXN,2017-03-20,19.173,1,1,SF60653,2026-07-01 0:00
M,USD,MXN,2017-03-21,19.173,1,1,SF60653,2026-07-01 0:00
M,USD,MXN,2017-03-22,19.117,1,1,SF60653,2026-07-01 0:00
M,USD,MXN,2017-03-23,19.107,1,1,SF60653,2026-07-01 0:00
M,USD,MXN,2017-03-24,19.0837,1,1,SF60653,2026-07-01 0:00
M,USD,MXN,2017-03-25,18.9877,1,1,SF60653,2026-07-01 0:00
M,USD,MXN,2017-03-26,18.9877,1,1,SF60653,2026-07-01 0:00
M,USD,MXN,2017-03-27,18.9877,1,1,SF60653,2026-07-01 0:00
M,USD,MXN,2017-03-28,18.8528,1,1,SF60653,2026-07-01 0:00
M,USD,MXN,2017-03-29,18.8661,1,1,SF60653,2026-07-01 0:00
M,USD,MXN,2017-03-30,18.8853,1,1,SF60653,2026-07-01 0:00
M,USD,MXN,2017-03-31,18.8092,1,1,SF60653,2026-07-01 0:00
M,USD,MXN,2017-04-01,18.7079,1,1,SF60653,2026-07-01 0:00
M,USD,MXN,2017-04-02,18.7079,1,1,SF60653,2026-07-01 0:00
M,USD,MXN,2017-04-03,18.7079,1,1,SF60653,2026-07-01 0:00
M,USD,MXN,2017-04-04,18.7955,1,1,SF60653,2026-07-01 0:00
M,USD,MXN,2017-04-05,18.732,1,1,SF60653,2026-07-01 0:00
M,USD,MXN,2017-04-06,18.8334,1,1,SF60653,2026-07-01 0:00
M,USD,MXN,2017-04-07,18.7192,1,1,SF60653,2026-07-01 0:00
M,USD,MXN,2017-04-08,18.7696,1,1,SF60653,2026-07-01 0:00
M,USD,MXN,2017-04-09,18.7696,1,1,SF60653,2026-07-01 0:00
M,USD,MXN,2017-04-10,18.7696,1,1,SF60653,2026-07-01 0:00
M,USD,MXN,2017-04-11,18.656,1,1,SF60653,2026-07-01 0:00
M,USD,MXN,2017-04-12,18.6923,1,1,SF60653,2026-07-01 0:00
M,USD,MXN,2017-04-13,18.7646,1,1,SF60653,2026-07-01 0:00
M,USD,MXN,2017-04-14,18.7646,1,1,SF60653,2026-07-01 0:00
M,USD,MXN,2017-04-15,18.7646,1,1,SF60653,2026-07-01 0:00
M,USD,MXN,2017-04-16,18.7646,1,1,SF60653,2026-07-01 0:00
M,USD,MXN,2017-04-17,18.7646,1,1,SF60653,2026-07-01 0:00
M,USD,MXN,2017-04-18,18.7528,1,1,SF60653,2026-07-01 0:00
M,USD,MXN,2017-04-19,18.5582,1,1,SF60653,2026-07-01 0:00
M,USD,MXN,2017-04-20,18.4863,1,1,SF60653,2026-07-01 0:00
M,USD,MXN,2017-04-21,18.8374,1,1,SF60653,2026-07-01 0:00
M,USD,MXN,2017-04-22,18.8187,1,1,SF60653,2026-07-01 0:00
M,USD,MXN,2017-04-23,18.8187,1,1,SF60653,2026-07-01 0:00
M,USD,MXN,2017-04-24,18.8187,1,1,SF60653,2026-07-01 0:00
M,USD,MXN,2017-04-25,18.8413,1,1,SF60653,2026-07-01 0:00
M,USD,MXN,2017-04-26,18.6521,1,1,SF60653,2026-07-01 0:00
M,USD,MXN,2017-04-27,18.9225,1,1,SF60653,2026-07-01 0:00
M,USD,MXN,2017-04-28,19.1119,1,1,SF60653,2026-07-01 0:00
M,USD,MXN,2017-04-29,19.067,1,1,SF60653,2026-07-01 0:00
M,USD,MXN,2017-04-30,19.067,1,1,SF60653,2026-07-01 0:00
M,USD,MXN,2017-05-01,19.067,1,1,SF60653,2026-07-01 0:00
M,USD,MXN,2017-05-02,19.067,1,1,SF60653,2026-07-01 0:00
M,USD,MXN,2017-05-03,18.9594,1,1,SF60653,2026-07-01 0:00
M,USD,MXN,2017-05-04,18.7731,1,1,SF60653,2026-07-01 0:00
M,USD,MXN,2017-05-05,18.8031,1,1,SF60653,2026-07-01 0:00
M,USD,MXN,2017-05-06,19.0019,1,1,SF60653,2026-07-01 0:00
M,USD,MXN,2017-05-07,19.0019,1,1,SF60653,2026-07-01 0:00
M,USD,MXN,2017-05-08,19.0019,1,1,SF60653,2026-07-01 0:00
M,USD,MXN,2017-05-09,19.0137,1,1,SF60653,2026-07-01 0:00
M,USD,MXN,2017-05-10,19.1164,1,1,SF60653,2026-07-01 0:00
M,USD,MXN,2017-05-11,19.1364,1,1,SF60653,2026-07-01 0:00
M,USD,MXN,2017-05-12,18.9587,1,1,SF60653,2026-07-01 0:00
M,USD,MXN,2017-05-13,18.9039,1,1,SF60653,2026-07-01 0:00
M,USD,MXN,2017-05-14,18.9039,1,1,SF60653,2026-07-01 0:00
M,USD,MXN,2017-05-15,18.9039,1,1,SF60653,2026-07-01 0:00
M,USD,MXN,2017-05-16,18.7594,1,1,SF60653,2026-07-01 0:00
M,USD,MXN,2017-05-17,18.67,1,1,SF60653,2026-07-01 0:00
M,USD,MXN,2017-05-18,18.6183,1,1,SF60653,2026-07-01 0:00
M,USD,MXN,2017-05-19,18.6761,1,1,SF60653,2026-07-01 0:00
M,USD,MXN,2017-05-20,18.8898,1,1,SF60653,2026-07-01 0:00
M,USD,MXN,2017-05-21,18.8898,1,1,SF60653,2026-07-01 0:00
M,USD,MXN,2017-05-22,18.8898,1,1,SF60653,2026-07-01 0:00
M,USD,MXN,2017-05-23,18.6859,1,1,SF60653,2026-07-01 0:00
M,USD,MXN,2017-05-24,18.6633,1,1,SF60653,2026-07-01 0:00
M,USD,MXN,2017-05-25,18.615,1,1,SF60653,2026-07-01 0:00
M,USD,MXN,2017-05-26,18.5689,1,1,SF60653,2026-07-01 0:00
M,USD,MXN,2017-05-27,18.4185,1,1,SF60653,2026-07-01 0:00
M,USD,MXN,2017-05-28,18.4185,1,1,SF60653,2026-07-01 0:00
M,USD,MXN,2017-05-29,18.4185,1,1,SF60653,2026-07-01 0:00
M,USD,MXN,2017-05-30,18.4849,1,1,SF60653,2026-07-01 0:00
M,USD,MXN,2017-05-31,18.5121,1,1,SF60653,2026-07-01 0:00
M,USD,MXN,2017-06-01,18.6643,1,1,SF60653,2026-07-01 0:00
M,USD,MXN,2017-06-02,18.6909,1,1,SF60653,2026-07-01 0:00
M,USD,MXN,2017-06-03,18.5941,1,1,SF60653,2026-07-01 0:00
M,USD,MXN,2017-06-04,18.5941,1,1,SF60653,2026-07-01 0:00
M,USD,MXN,2017-06-05,18.5941,1,1,SF60653,2026-07-01 0:00
M,USD,MXN,2017-06-06,18.6204,1,1,SF60653,2026-07-01 0:00
M,USD,MXN,2017-06-07,18.3819,1,1,SF60653,2026-07-01 0:00
M,USD,MXN,2017-06-08,18.2762,1,1,SF60653,2026-07-01 0:00
M,USD,MXN,2017-06-09,18.2278,1,1,SF60653,2026-07-01 0:00
M,USD,MXN,2017-06-10,18.1946,1,1,SF60653,2026-07-01 0:00
M,USD,MXN,2017-06-11,18.1946,1,1,SF60653,2026-07-01 0:00
M,USD,MXN,2017-06-12,18.1946,1,1,SF60653,2026-07-01 0:00
M,USD,MXN,2017-06-13,18.1939,1,1,SF60653,2026-07-01 0:00
M,USD,MXN,2017-06-14,18.1802,1,1,SF60653,2026-07-01 0:00
M,USD,MXN,2017-06-15,18.0725,1,1,SF60653,2026-07-01 0:00
M,USD,MXN,2017-06-16,17.9343,1,1,SF60653,2026-07-01 0:00
M,USD,MXN,2017-06-17,18.1154,1,1,SF60653,2026-07-01 0:00
M,USD,MXN,2017-06-18,18.1154,1,1,SF60653,2026-07-01 0:00
M,USD,MXN,2017-06-19,18.1154,1,1,SF60653,2026-07-01 0:00
M,USD,MXN,2017-06-20,17.9321,1,1,SF60653,2026-07-01 0:00
M,USD,MXN,2017-06-21,17.9519,1,1,SF60653,2026-07-01 0:00
M,USD,MXN,2017-06-22,18.1167,1,1,SF60653,2026-07-01 0:00
M,USD,MXN,2017-06-23,18.157,1,1,SF60653,2026-07-01 0:00
M,USD,MXN,2017-06-24,18.127,1,1,SF60653,2026-07-01 0:00
M,USD,MXN,2017-06-25,18.127,1,1,SF60653,2026-07-01 0:00
M,USD,MXN,2017-06-26,18.127,1,1,SF60653,2026-07-01 0:00
M,USD,MXN,2017-06-27,17.99,1,1,SF60653,2026-07-01 0:00
M,USD,MXN,2017-06-28,17.8775,1,1,SF60653,2026-07-01 0:00
M,USD,MXN,2017-06-29,17.9862,1,1,SF60653,2026-07-01 0:00
M,USD,MXN,2017-06-30,17.8973,1,1,SF60653,2026-07-01 0:00
M,USD,MXN,2017-07-01,18.0279,1,1,SF60653,2026-07-01 0:00
M,USD,MXN,2017-07-02,18.0279,1,1,SF60653,2026-07-01 0:00
M,USD,MXN,2017-07-03,18.0279,1,1,SF60653,2026-07-01 0:00
M,USD,MXN,2017-07-04,18.0626,1,1,SF60653,2026-07-01 0:00
M,USD,MXN,2017-07-05,18.2064,1,1,SF60653,2026-07-01 0:00
M,USD,MXN,2017-07-06,18.2036,1,1,SF60653,2026-07-01 0:00
M,USD,MXN,2017-07-07,18.3556,1,1,SF60653,2026-07-01 0:00
M,USD,MXN,2017-07-08,18.3227,1,1,SF60653,2026-07-01 0:00
M,USD,MXN,2017-07-09,18.3227,1,1,SF60653,2026-07-01 0:00
M,USD,MXN,2017-07-10,18.3227,1,1,SF60653,2026-07-01 0:00
M,USD,MXN,2017-07-11,18.1394,1,1,SF60653,2026-07-01 0:00
M,USD,MXN,2017-07-12,17.9751,1,1,SF60653,2026-07-01 0:00
M,USD,MXN,2017-07-13,17.9482,1,1,SF60653,2026-07-01 0:00
M,USD,MXN,2017-07-14,17.7708,1,1,SF60653,2026-07-01 0:00
M,USD,MXN,2017-07-15,17.7422,1,1,SF60653,2026-07-01 0:00
M,USD,MXN,2017-07-16,17.7422,1,1,SF60653,2026-07-01 0:00
M,USD,MXN,2017-07-17,17.7422,1,1,SF60653,2026-07-01 0:00
M,USD,MXN,2017-07-18,17.5613,1,1,SF60653,2026-07-01 0:00
M,USD,MXN,2017-07-19,17.5836,1,1,SF60653,2026-07-01 0:00
M,USD,MXN,2017-07-20,17.5134,1,1,SF60653,2026-07-01 0:00
M,USD,MXN,2017-07-21,17.4937,1,1,SF60653,2026-07-01 0:00
M,USD,MXN,2017-07-22,17.526,1,1,SF60653,2026-07-01 0:00
M,USD,MXN,2017-07-23,17.526,1,1,SF60653,2026-07-01 0:00
M,USD,MXN,2017-07-24,17.526,1,1,SF60653,2026-07-01 0:00
M,USD,MXN,2017-07-25,17.5618,1,1,SF60653,2026-07-01 0:00
M,USD,MXN,2017-07-26,17.6893,1,1,SF60653,2026-07-01 0:00
M,USD,MXN,2017-07-27,17.7492,1,1,SF60653,2026-07-01 0:00
M,USD,MXN,2017-07-28,17.7561,1,1,SF60653,2026-07-01 0:00
M,USD,MXN,2017-07-29,17.6886,1,1,SF60653,2026-07-01 0:00
M,USD,MXN,2017-07-30,17.6886,1,1,SF60653,2026-07-01 0:00
M,USD,MXN,2017-07-31,17.6886,1,1,SF60653,2026-07-01 0:00
M,USD,MXN,2017-08-01,17.7435,1,1,SF60653,2026-07-01 0:00
M,USD,MXN,2017-08-02,17.8646,1,1,SF60653,2026-07-01 0:00
M,USD,MXN,2017-08-03,17.8108,1,1,SF60653,2026-07-01 0:00
M,USD,MXN,2017-08-04,17.8696,1,1,SF60653,2026-07-01 0:00
M,USD,MXN,2017-08-05,17.8733,1,1,SF60653,2026-07-01 0:00
M,USD,MXN,2017-08-06,17.8733,1,1,SF60653,2026-07-01 0:00
M,USD,MXN,2017-08-07,17.8733,1,1,SF60653,2026-07-01 0:00
M,USD,MXN,2017-08-08,17.8798,1,1,SF60653,2026-07-01 0:00
M,USD,MXN,2017-08-09,17.9641,1,1,SF60653,2026-07-01 0:00
M,USD,MXN,2017-08-10,17.916,1,1,SF60653,2026-07-01 0:00
M,USD,MXN,2017-08-11,17.9671,1,1,SF60653,2026-07-01 0:00
M,USD,MXN,2017-08-12,17.9073,1,1,SF60653,2026-07-01 0:00
M,USD,MXN,2017-08-13,17.9073,1,1,SF60653,2026-07-01 0:00
M,USD,MXN,2017-08-14,17.9073,1,1,SF60653,2026-07-01 0:00
M,USD,MXN,2017-08-15,17.847,1,1,SF60653,2026-07-01 0:00
M,USD,MXN,2017-08-16,17.7755,1,1,SF60653,2026-07-01 0:00
M,USD,MXN,2017-08-17,17.8483,1,1,SF60653,2026-07-01 0:00
M,USD,MXN,2017-08-18,17.716,1,1,SF60653,2026-07-01 0:00
M,USD,MXN,2017-08-19,17.7324,1,1,SF60653,2026-07-01 0:00
M,USD,MXN,2017-08-20,17.7324,1,1,SF60653,2026-07-01 0:00
M,USD,MXN,2017-08-21,17.7324,1,1,SF60653,2026-07-01 0:00
M,USD,MXN,2017-08-22,17.8584,1,1,SF60653,2026-07-01 0:00
M,USD,MXN,2017-08-23,17.6501,1,1,SF60653,2026-07-01 0:00
M,USD,MXN,2017-08-24,17.6458,1,1,SF60653,2026-07-01 0:00
M,USD,MXN,2017-08-25,17.7113,1,1,SF60653,2026-07-01 0:00
M,USD,MXN,2017-08-26,17.6977,1,1,SF60653,2026-07-01 0:00
M,USD,MXN,2017-08-27,17.6977,1,1,SF60653,2026-07-01 0:00
M,USD,MXN,2017-08-28,17.6977,1,1,SF60653,2026-07-01 0:00
M,USD,MXN,2017-08-29,17.6205,1,1,SF60653,2026-07-01 0:00
M,USD,MXN,2017-08-30,17.8049,1,1,SF60653,2026-07-01 0:00
M,USD,MXN,2017-08-31,17.876,1,1,SF60653,2026-07-01 0:00
M,USD,MXN,2017-09-01,17.7753,1,1,SF60653,2026-07-01 0:00
M,USD,MXN,2017-09-02,17.8145,1,1,SF60653,2026-07-01 0:00
M,USD,MXN,2017-09-03,17.8145,1,1,SF60653,2026-07-01 0:00
M,USD,MXN,2017-09-04,17.8145,1,1,SF60653,2026-07-01 0:00
M,USD,MXN,2017-09-05,17.7861,1,1,SF60653,2026-07-01 0:00
M,USD,MXN,2017-09-06,17.8683,1,1,SF60653,2026-07-01 0:00
M,USD,MXN,2017-09-07,17.836,1,1,SF60653,2026-07-01 0:00
M,USD,MXN,2017-09-08,17.8136,1,1,SF60653,2026-07-01 0:00
M,USD,MXN,2017-09-09,17.6965,1,1,SF60653,2026-07-01 0:00
M,USD,MXN,2017-09-10,17.6965,1,1,SF60653,2026-07-01 0:00
M,USD,MXN,2017-09-11,17.6965,1,1,SF60653,2026-07-01 0:00
M,USD,MXN,2017-09-12,17.7331,1,1,SF60653,2026-07-01 0:00
M,USD,MXN,2017-09-13,17.6443,1,1,SF60653,2026-07-01 0:00
M,USD,MXN,2017-09-14,17.781,1,1,SF60653,2026-07-01 0:00
M,USD,MXN,2017-09-15,17.7836,1,1,SF60653,2026-07-01 0:00
M,USD,MXN,2017-09-16,17.7278,1,1,SF60653,2026-07-01 0:00
M,USD,MXN,2017-09-17,17.7278,1,1,SF60653,2026-07-01 0:00
M,USD,MXN,2017-09-18,17.7278,1,1,SF60653,2026-07-01 0:00
M,USD,MXN,2017-09-19,17.6857,1,1,SF60653,2026-07-01 0:00
M,USD,MXN,2017-09-20,17.761,1,1,SF60653,2026-07-01 0:00
M,USD,MXN,2017-09-21,17.7643,1,1,SF60653,2026-07-01 0:00
M,USD,MXN,2017-09-22,17.7009,1,1,SF60653,2026-07-01 0:00
M,USD,MXN,2017-09-23,17.8545,1,1,SF60653,2026-07-01 0:00
M,USD,MXN,2017-09-24,17.8545,1,1,SF60653,2026-07-01 0:00
M,USD,MXN,2017-09-25,17.8545,1,1,SF60653,2026-07-01 0:00
M,USD,MXN,2017-09-26,17.7487,1,1,SF60653,2026-07-01 0:00
M,USD,MXN,2017-09-27,17.8831,1,1,SF60653,2026-07-01 0:00
M,USD,MXN,2017-09-28,17.9933,1,1,SF60653,2026-07-01 0:00
M,USD,MXN,2017-09-29,18.13,1,1,SF60653,2026-07-01 0:00
M,USD,MXN,2017-09-30,18.1979,1,1,SF60653,2026-07-01 0:00
M,USD,MXN,2017-10-01,18.1979,1,1,SF60653,2026-07-01 0:00
M,USD,MXN,2017-10-02,18.1979,1,1,SF60653,2026-07-01 0:00
M,USD,MXN,2017-10-03,18.159,1,1,SF60653,2026-07-01 0:00
M,USD,MXN,2017-10-04,18.2337,1,1,SF60653,2026-07-01 0:00
M,USD,MXN,2017-10-05,18.2113,1,1,SF60653,2026-07-01 0:00
M,USD,MXN,2017-10-06,18.2282,1,1,SF60653,2026-07-01 0:00
M,USD,MXN,2017-10-07,18.306,1,1,SF60653,2026-07-01 0:00
M,USD,MXN,2017-10-08,18.306,1,1,SF60653,2026-07-01 0:00
M,USD,MXN,2017-10-09,18.306,1,1,SF60653,2026-07-01 0:00
M,USD,MXN,2017-10-10,18.5522,1,1,SF60653,2026-07-01 0:00
M,USD,MXN,2017-10-11,18.6646,1,1,SF60653,2026-07-01 0:00
M,USD,MXN,2017-10-12,18.6327,1,1,SF60653,2026-07-01 0:00
M,USD,MXN,2017-10-13,18.718,1,1,SF60653,2026-07-01 0:00
M,USD,MXN,2017-10-14,18.7631,1,1,SF60653,2026-07-01 0:00
M,USD,MXN,2017-10-15,18.7631,1,1,SF60653,2026-07-01 0:00
M,USD,MXN,2017-10-16,18.7631,1,1,SF60653,2026-07-01 0:00
M,USD,MXN,2017-10-17,18.9008,1,1,SF60653,2026-07-01 0:00
M,USD,MXN,2017-10-18,19.0753,1,1,SF60653,2026-07-01 0:00
M,USD,MXN,2017-10-19,19.0117,1,1,SF60653,2026-07-01 0:00
M,USD,MXN,2017-10-20,18.8869,1,1,SF60653,2026-07-01 0:00
M,USD,MXN,2017-10-21,18.8248,1,1,SF60653,2026-07-01 0:00
M,USD,MXN,2017-10-22,18.8248,1,1,SF60653,2026-07-01 0:00
M,USD,MXN,2017-10-23,18.8248,1,1,SF60653,2026-07-01 0:00
M,USD,MXN,2017-10-24,19.008,1,1,SF60653,2026-07-01 0:00
M,USD,MXN,2017-10-25,19.0489,1,1,SF60653,2026-07-01 0:00
M,USD,MXN,2017-10-26,19.2009,1,1,SF60653,2026-07-01 0:00
M,USD,MXN,2017-10-27,19.077,1,1,SF60653,2026-07-01 0:00
M,USD,MXN,2017-10-28,19.096,1,1,SF60653,2026-07-01 0:00
M,USD,MXN,2017-10-29,19.096,1,1,SF60653,2026-07-01 0:00
M,USD,MXN,2017-10-30,19.096,1,1,SF60653,2026-07-01 0:00
M,USD,MXN,2017-10-31,19.1474,1,1,SF60653,2026-07-01 0:00
M,USD,MXN,2017-11-01,19.2188,1,1,SF60653,2026-07-01 0:00
M,USD,MXN,2017-11-02,19.1478,1,1,SF60653,2026-07-01 0:00
M,USD,MXN,2017-11-03,19.1478,1,1,SF60653,2026-07-01 0:00
M,USD,MXN,2017-11-04,19.1241,1,1,SF60653,2026-07-01 0:00
M,USD,MXN,2017-11-05,19.1241,1,1,SF60653,2026-07-01 0:00
M,USD,MXN,2017-11-06,19.1241,1,1,SF60653,2026-07-01 0:00
M,USD,MXN,2017-11-07,19.185,1,1,SF60653,2026-07-01 0:00
M,USD,MXN,2017-11-08,19.0814,1,1,SF60653,2026-07-01 0:00
M,USD,MXN,2017-11-09,19.1349,1,1,SF60653,2026-07-01 0:00
M,USD,MXN,2017-11-10,19.0718,1,1,SF60653,2026-07-01 0:00
M,USD,MXN,2017-11-11,19.09,1,1,SF60653,2026-07-01 0:00
M,USD,MXN,2017-11-12,19.09,1,1,SF60653,2026-07-01 0:00
M,USD,MXN,2017-11-13,19.09,1,1,SF60653,2026-07-01 0:00
M,USD,MXN,2017-11-14,19.0526,1,1,SF60653,2026-07-01 0:00
M,USD,MXN,2017-11-15,19.168,1,1,SF60653,2026-07-01 0:00
M,USD,MXN,2017-11-16,19.1334,1,1,SF60653,2026-07-01 0:00
M,USD,MXN,2017-11-17,19.2268,1,1,SF60653,2026-07-01 0:00
M,USD,MXN,2017-11-18,19.1224,1,1,SF60653,2026-07-01 0:00
M,USD,MXN,2017-11-19,19.1224,1,1,SF60653,2026-07-01 0:00
M,USD,MXN,2017-11-20,19.1224,1,1,SF60653,2026-07-01 0:00
M,USD,MXN,2017-11-21,19.1224,1,1,SF60653,2026-07-01 0:00
M,USD,MXN,2017-11-22,18.9724,1,1,SF60653,2026-07-01 0:00
M,USD,MXN,2017-11-23,18.8242,1,1,SF60653,2026-07-01 0:00
M,USD,MXN,2017-11-24,18.74,1,1,SF60653,2026-07-01 0:00
M,USD,MXN,2017-11-25,18.6041,1,1,SF60653,2026-07-01 0:00
M,USD,MXN,2017-11-26,18.6041,1,1,SF60653,2026-07-01 0:00
M,USD,MXN,2017-11-27,18.6041,1,1,SF60653,2026-07-01 0:00
M,USD,MXN,2017-11-28,18.5379,1,1,SF60653,2026-07-01 0:00
M,USD,MXN,2017-11-29,18.52,1,1,SF60653,2026-07-01 0:00
M,USD,MXN,2017-11-30,18.5848,1,1,SF60653,2026-07-01 0:00
M,USD,MXN,2017-12-01,18.519,1,1,SF60653,2026-07-01 0:00
M,USD,MXN,2017-12-02,18.6229,1,1,SF60653,2026-07-01 0:00
M,USD,MXN,2017-12-03,18.6229,1,1,SF60653,2026-07-01 0:00
M,USD,MXN,2017-12-04,18.6229,1,1,SF60653,2026-07-01 0:00
M,USD,MXN,2017-12-05,18.6399,1,1,SF60653,2026-07-01 0:00
M,USD,MXN,2017-12-06,18.642,1,1,SF60653,2026-07-01 0:00
M,USD,MXN,2017-12-07,18.6958,1,1,SF60653,2026-07-01 0:00
M,USD,MXN,2017-12-08,18.8897,1,1,SF60653,2026-07-01 0:00
M,USD,MXN,2017-12-09,18.9315,1,1,SF60653,2026-07-01 0:00
M,USD,MXN,2017-12-10,18.9315,1,1,SF60653,2026-07-01 0:00
M,USD,MXN,2017-12-11,18.9315,1,1,SF60653,2026-07-01 0:00
M,USD,MXN,2017-12-12,18.9445,1,1,SF60653,2026-07-01 0:00
M,USD,MXN,2017-12-13,18.9445,1,1,SF60653,2026-07-01 0:00
M,USD,MXN,2017-12-14,18.974,1,1,SF60653,2026-07-01 0:00
M,USD,MXN,2017-12-15,19.1391,1,1,SF60653,2026-07-01 0:00
M,USD,MXN,2017-12-16,19.1202,1,1,SF60653,2026-07-01 0:00
M,USD,MXN,2017-12-17,19.1202,1,1,SF60653,2026-07-01 0:00
M,USD,MXN,2017-12-18,19.1202,1,1,SF60653,2026-07-01 0:00
M,USD,MXN,2017-12-19,19.1289,1,1,SF60653,2026-07-01 0:00
M,USD,MXN,2017-12-20,19.0289,1,1,SF60653,2026-07-01 0:00
M,USD,MXN,2017-12-21,19.1913,1,1,SF60653,2026-07-01 0:00
M,USD,MXN,2017-12-22,19.2291,1,1,SF60653,2026-07-01 0:00
M,USD,MXN,2017-12-23,19.3962,1,1,SF60653,2026-07-01 0:00
M,USD,MXN,2017-12-24,19.3962,1,1,SF60653,2026-07-01 0:00
M,USD,MXN,2017-12-25,19.3962,1,1,SF60653,2026-07-01 0:00
M,USD,MXN,2017-12-26,19.3962,1,1,SF60653,2026-07-01 0:00
M,USD,MXN,2017-12-27,19.5848,1,1,SF60653,2026-07-01 0:00
M,USD,MXN,2017-12-28,19.7223,1,1,SF60653,2026-07-01 0:00
M,USD,MXN,2017-12-29,19.7867,1,1,SF60653,2026-07-01 0:00
M,USD,MXN,2017-12-30,19.7354,1,1,SF60653,2026-07-01 0:00
M,USD,MXN,2017-12-31,19.7354,1,1,SF60653,2026-07-01 0:00
M,USD,MXN,2018-01-01,19.7354,1,1,SF60653,2026-07-01 0:00
M,USD,MXN,2018-01-02,19.7354,1,1,SF60653,2026-07-01 0:00
M,USD,MXN,2018-01-03,19.6629,1,1,SF60653,2026-07-01 0:00
M,USD,MXN,2018-01-04,19.4899,1,1,SF60653,2026-07-01 0:00
M,USD,MXN,2018-01-05,19.3717,1,1,SF60653,2026-07-01 0:00
M,USD,MXN,2018-01-06,19.2427,1,1,SF60653,2026-07-01 0:00
M,USD,MXN,2018-01-07,19.2427,1,1,SF60653,2026-07-01 0:00
M,USD,MXN,2018-01-08,19.2427,1,1,SF60653,2026-07-01 0:00
M,USD,MXN,2018-01-09,19.2737,1,1,SF60653,2026-07-01 0:00
M,USD,MXN,2018-01-10,19.2323,1,1,SF60653,2026-07-01 0:00
M,USD,MXN,2018-01-11,19.3065,1,1,SF60653,2026-07-01 0:00
M,USD,MXN,2018-01-12,19.2405,1,1,SF60653,2026-07-01 0:00
M,USD,MXN,2018-01-13,19.3433,1,1,SF60653,2026-07-01 0:00
M,USD,MXN,2018-01-14,19.3433,1,1,SF60653,2026-07-01 0:00
M,USD,MXN,2018-01-15,19.3433,1,1,SF60653,2026-07-01 0:00
M,USD,MXN,2018-01-16,19.0446,1,1,SF60653,2026-07-01 0:00
M,USD,MXN,2018-01-17,18.8113,1,1,SF60653,2026-07-01 0:00
M,USD,MXN,2018-01-18,18.8362,1,1,SF60653,2026-07-01 0:00
M,USD,MXN,2018-01-19,18.655,1,1,SF60653,2026-07-01 0:00
M,USD,MXN,2018-01-20,18.6361,1,1,SF60653,2026-07-01 0:00
M,USD,MXN,2018-01-21,18.6361,1,1,SF60653,2026-07-01 0:00
M,USD,MXN,2018-01-22,18.6361,1,1,SF60653,2026-07-01 0:00
M,USD,MXN,2018-01-23,18.5813,1,1,SF60653,2026-07-01 0:00
M,USD,MXN,2018-01-24,18.7118,1,1,SF60653,2026-07-01 0:00
M,USD,MXN,2018-01-25,18.798,1,1,SF60653,2026-07-01 0:00
M,USD,MXN,2018-01-26,18.5178,1,1,SF60653,2026-07-01 0:00
M,USD,MXN,2018-01-27,18.478,1,1,SF60653,2026-07-01 0:00
M,USD,MXN,2018-01-28,18.478,1,1,SF60653,2026-07-01 0:00
M,USD,MXN,2018-01-29,18.478,1,1,SF60653,2026-07-01 0:00
M,USD,MXN,2018-01-30,18.4672,1,1,SF60653,2026-07-01 0:00
M,USD,MXN,2018-01-31,18.6196,1,1,SF60653,2026-07-01 0:00
M,USD,MXN,2018-02-01,18.6982,1,1,SF60653,2026-07-01 0:00
M,USD,MXN,2018-02-02,18.6069,1,1,SF60653,2026-07-01 0:00
M,USD,MXN,2018-02-03,18.4004,1,1,SF60653,2026-07-01 0:00
M,USD,MXN,2018-02-04,18.4004,1,1,SF60653,2026-07-01 0:00
M,USD,MXN,2018-02-05,18.4004,1,1,SF60653,2026-07-01 0:00
M,USD,MXN,2018-02-06,18.4004,1,1,SF60653,2026-07-01 0:00
M,USD,MXN,2018-02-07,18.5248,1,1,SF60653,2026-07-01 0:00
M,USD,MXN,2018-02-08,18.7009,1,1,SF60653,2026-07-01 0:00
M,USD,MXN,2018-02-09,18.6492,1,1,SF60653,2026-07-01 0:00
M,USD,MXN,2018-02-10,18.8815,1,1,SF60653,2026-07-01 0:00
M,USD,MXN,2018-02-11,18.8815,1,1,SF60653,2026-07-01 0:00
M,USD,MXN,2018-02-12,18.8815,1,1,SF60653,2026-07-01 0:00
M,USD,MXN,2018-02-13,18.8623,1,1,SF60653,2026-07-01 0:00
M,USD,MXN,2018-02-14,18.6703,1,1,SF60653,2026-07-01 0:00
M,USD,MXN,2018-02-15,18.6269,1,1,SF60653,2026-07-01 0:00
M,USD,MXN,2018-02-16,18.6025,1,1,SF60653,2026-07-01 0:00
M,USD,MXN,2018-02-17,18.5159,1,1,SF60653,2026-07-01 0:00
M,USD,MXN,2018-02-18,18.5159,1,1,SF60653,2026-07-01 0:00
M,USD,MXN,2018-02-19,18.5159,1,1,SF60653,2026-07-01 0:00
M,USD,MXN,2018-02-20,18.4797,1,1,SF60653,2026-07-01 0:00
M,USD,MXN,2018-02-21,18.536,1,1,SF60653,2026-07-01 0:00
M,USD,MXN,2018-02-22,18.6594,1,1,SF60653,2026-07-01 0:00
M,USD,MXN,2018-02-23,18.6518,1,1,SF60653,2026-07-01 0:00
M,USD,MXN,2018-02-24,18.6574,1,1,SF60653,2026-07-01 0:00
M,USD,MXN,2018-02-25,18.6574,1,1,SF60653,2026-07-01 0:00
M,USD,MXN,2018-02-26,18.6574,1,1,SF60653,2026-07-01 0:00
M,USD,MXN,2018-02-27,18.5659,1,1,SF60653,2026-07-01 0:00
M,USD,MXN,2018-02-28,18.6456,1,1,SF60653,2026-07-01 0:00
M,USD,MXN,2018-03-01,18.7902,1,1,SF60653,2026-07-01 0:00
M,USD,MXN,2018-03-02,18.8331,1,1,SF60653,2026-07-01 0:00
M,USD,MXN,2018-03-03,18.861,1,1,SF60653,2026-07-01 0:00
M,USD,MXN,2018-03-04,18.861,1,1,SF60653,2026-07-01 0:00
M,USD,MXN,2018-03-05,18.861,1,1,SF60653,2026-07-01 0:00
M,USD,MXN,2018-03-06,18.8909,1,1,SF60653,2026-07-01 0:00
M,USD,MXN,2018-03-07,18.8838,1,1,SF60653,2026-07-01 0:00
M,USD,MXN,2018-03-08,18.7246,1,1,SF60653,2026-07-01 0:00
M,USD,MXN,2018-03-09,18.7922,1,1,SF60653,2026-07-01 0:00
M,USD,MXN,2018-03-10,18.7148,1,1,SF60653,2026-07-01 0:00
M,USD,MXN,2018-03-11,18.7148,1,1,SF60653,2026-07-01 0:00
M,USD,MXN,2018-03-12,18.7148,1,1,SF60653,2026-07-01 0:00
M,USD,MXN,2018-03-13,18.5812,1,1,SF60653,2026-07-01 0:00
M,USD,MXN,2018-03-14,18.6199,1,1,SF60653,2026-07-01 0:00
M,USD,MXN,2018-03-15,18.5604,1,1,SF60653,2026-07-01 0:00
M,USD,MXN,2018-03-16,18.5854,1,1,SF60653,2026-07-01 0:00
M,USD,MXN,2018-03-17,18.7023,1,1,SF60653,2026-07-01 0:00
M,USD,MXN,2018-03-18,18.7023,1,1,SF60653,2026-07-01 0:00
M,USD,MXN,2018-03-19,18.7023,1,1,SF60653,2026-07-01 0:00
M,USD,MXN,2018-03-20,18.7023,1,1,SF60653,2026-07-01 0:00
M,USD,MXN,2018-03-21,18.7216,1,1,SF60653,2026-07-01 0:00
M,USD,MXN,2018-03-22,18.7614,1,1,SF60653,2026-07-01 0:00
M,USD,MXN,2018-03-23,18.6001,1,1,SF60653,2026-07-01 0:00
M,USD,MXN,2018-03-24,18.5078,1,1,SF60653,2026-07-01 0:00
M,USD,MXN,2018-03-25,18.5078,1,1,SF60653,2026-07-01 0:00
M,USD,MXN,2018-03-26,18.5078,1,1,SF60653,2026-07-01 0:00
M,USD,MXN,2018-03-27,18.5364,1,1,SF60653,2026-07-01 0:00
M,USD,MXN,2018-03-28,18.3268,1,1,SF60653,2026-07-01 0:00
M,USD,MXN,2018-03-29,18.3445,1,1,SF60653,2026-07-01 0:00
M,USD,MXN,2018-03-30,18.3445,1,1,SF60653,2026-07-01 0:00
M,USD,MXN,2018-03-31,18.3445,1,1,SF60653,2026-07-01 0:00
M,USD,MXN,2018-04-01,18.3445,1,1,SF60653,2026-07-01 0:00
M,USD,MXN,2018-04-02,18.3445,1,1,SF60653,2026-07-01 0:00
M,USD,MXN,2018-04-03,18.2709,1,1,SF60653,2026-07-01 0:00
M,USD,MXN,2018-04-04,18.2967,1,1,SF60653,2026-07-01 0:00
M,USD,MXN,2018-04-05,18.2044,1,1,SF60653,2026-07-01 0:00
M,USD,MXN,2018-04-06,18.2244,1,1,SF60653,2026-07-01 0:00
M,USD,MXN,2018-04-07,18.1081,1,1,SF60653,2026-07-01 0:00
M,USD,MXN,2018-04-08,18.1081,1,1,SF60653,2026-07-01 0:00
M,USD,MXN,2018-04-09,18.1081,1,1,SF60653,2026-07-01 0:00
M,USD,MXN,2018-04-10,18.2888,1,1,SF60653,2026-07-01 0:00
M,USD,MXN,2018-04-11,18.2753,1,1,SF60653,2026-07-01 0:00
M,USD,MXN,2018-04-12,18.2882,1,1,SF60653,2026-07-01 0:00
M,USD,MXN,2018-04-13,18.2018,1,1,SF60653,2026-07-01 0:00
M,USD,MXN,2018-04-14,18.1353,1,1,SF60653,2026-07-01 0:00
M,USD,MXN,2018-04-15,18.1353,1,1,SF60653,2026-07-01 0:00
M,USD,MXN,2018-04-16,18.1353,1,1,SF60653,2026-07-01 0:00
M,USD,MXN,2018-04-17,18.087,1,1,SF60653,2026-07-01 0:00
M,USD,MXN,2018-04-18,18.0394,1,1,SF60653,2026-07-01 0:00
M,USD,MXN,2018-04-19,17.9787,1,1,SF60653,2026-07-01 0:00
M,USD,MXN,2018-04-20,18.0333,1,1,SF60653,2026-07-01 0:00
M,USD,MXN,2018-04-21,18.2819,1,1,SF60653,2026-07-01 0:00
M,USD,MXN,2018-04-22,18.2819,1,1,SF60653,2026-07-01 0:00
M,USD,MXN,2018-04-23,18.2819,1,1,SF60653,2026-07-01 0:00
M,USD,MXN,2018-04-24,18.621,1,1,SF60653,2026-07-01 0:00
M,USD,MXN,2018-04-25,18.8628,1,1,SF60653,2026-07-01 0:00
M,USD,MXN,2018-04-26,18.8139,1,1,SF60653,2026-07-01 0:00
M,USD,MXN,2018-04-27,19.053,1,1,SF60653,2026-07-01 0:00
M,USD,MXN,2018-04-28,18.8644,1,1,SF60653,2026-07-01 0:00
M,USD,MXN,2018-04-29,18.8644,1,1,SF60653,2026-07-01 0:00
M,USD,MXN,2018-04-30,18.8644,1,1,SF60653,2026-07-01 0:00
M,USD,MXN,2018-05-01,18.6847,1,1,SF60653,2026-07-01 0:00
M,USD,MXN,2018-05-02,18.6847,1,1,SF60653,2026-07-01 0:00
M,USD,MXN,2018-05-03,18.7878,1,1,SF60653,2026-07-01 0:00
M,USD,MXN,2018-05-04,19.0943,1,1,SF60653,2026-07-01 0:00
M,USD,MXN,2018-05-05,19.1223,1,1,SF60653,2026-07-01 0:00
M,USD,MXN,2018-05-06,19.1223,1,1,SF60653,2026-07-01 0:00
M,USD,MXN,2018-05-07,19.1223,1,1,SF60653,2026-07-01 0:00
M,USD,MXN,2018-05-08,19.2017,1,1,SF60653,2026-07-01 0:00
M,USD,MXN,2018-05-09,19.4232,1,1,SF60653,2026-07-01 0:00
M,USD,MXN,2018-05-10,19.5781,1,1,SF60653,2026-07-01 0:00
M,USD,MXN,2018-05-11,19.5387,1,1,SF60653,2026-07-01 0:00
M,USD,MXN,2018-05-12,19.2989,1,1,SF60653,2026-07-01 0:00
M,USD,MXN,2018-05-13,19.2989,1,1,SF60653,2026-07-01 0:00
M,USD,MXN,2018-05-14,19.2989,1,1,SF60653,2026-07-01 0:00
M,USD,MXN,2018-05-15,19.3539,1,1,SF60653,2026-07-01 0:00
M,USD,MXN,2018-05-16,19.5214,1,1,SF60653,2026-07-01 0:00
M,USD,MXN,2018-05-17,19.7854,1,1,SF60653,2026-07-01 0:00
M,USD,MXN,2018-05-18,19.7094,1,1,SF60653,2026-07-01 0:00
M,USD,MXN,2018-05-19,19.7033,1,1,SF60653,2026-07-01 0:00
M,USD,MXN,2018-05-20,19.7033,1,1,SF60653,2026-07-01 0:00
M,USD,MXN,2018-05-21,19.7033,1,1,SF60653,2026-07-01 0:00
M,USD,MXN,2018-05-22,19.9319,1,1,SF60653,2026-07-01 0:00
M,USD,MXN,2018-05-23,19.9054,1,1,SF60653,2026-07-01 0:00
M,USD,MXN,2018-05-24,19.7528,1,1,SF60653,2026-07-01 0:00
M,USD,MXN,2018-05-25,19.7661,1,1,SF60653,2026-07-01 0:00
M,USD,MXN,2018-05-26,19.7048,1,1,SF60653,2026-07-01 0:00
M,USD,MXN,2018-05-27,19.7048,1,1,SF60653,2026-07-01 0:00
M,USD,MXN,2018-05-28,19.7048,1,1,SF60653,2026-07-01 0:00
M,USD,MXN,2018-05-29,19.5608,1,1,SF60653,2026-07-01 0:00
M,USD,MXN,2018-05-30,19.5915,1,1,SF60653,2026-07-01 0:00
M,USD,MXN,2018-05-31,19.7499,1,1,SF60653,2026-07-01 0:00
M,USD,MXN,2018-06-01,19.7322,1,1,SF60653,2026-07-01 0:00
M,USD,MXN,2018-06-02,19.9759,1,1,SF60653,2026-07-01 0:00
M,USD,MXN,2018-06-03,19.9759,1,1,SF60653,2026-07-01 0:00
M,USD,MXN,2018-06-04,19.9759,1,1,SF60653,2026-07-01 0:00
M,USD,MXN,2018-06-05,19.8662,1,1,SF60653,2026-07-01 0:00
M,USD,MXN,2018-06-06,19.9934,1,1,SF60653,2026-07-01 0:00
M,USD,MXN,2018-06-07,20.3863,1,1,SF60653,2026-07-01 0:00
M,USD,MXN,2018-06-08,20.3129,1,1,SF60653,2026-07-01 0:00
M,USD,MXN,2018-06-09,20.46,1,1,SF60653,2026-07-01 0:00
M,USD,MXN,2018-06-10,20.46,1,1,SF60653,2026-07-01 0:00
M,USD,MXN,2018-06-11,20.46,1,1,SF60653,2026-07-01 0:00
M,USD,MXN,2018-06-12,20.5281,1,1,SF60653,2026-07-01 0:00
M,USD,MXN,2018-06-13,20.4722,1,1,SF60653,2026-07-01 0:00
M,USD,MXN,2018-06-14,20.596,1,1,SF60653,2026-07-01 0:00
M,USD,MXN,2018-06-15,20.6259,1,1,SF60653,2026-07-01 0:00
M,USD,MXN,2018-06-16,20.6953,1,1,SF60653,2026-07-01 0:00
M,USD,MXN,2018-06-17,20.6953,1,1,SF60653,2026-07-01 0:00
M,USD,MXN,2018-06-18,20.6953,1,1,SF60653,2026-07-01 0:00
M,USD,MXN,2018-06-19,20.716,1,1,SF60653,2026-07-01 0:00
M,USD,MXN,2018-06-20,20.6968,1,1,SF60653,2026-07-01 0:00
M,USD,MXN,2018-06-21,20.5531,1,1,SF60653,2026-07-01 0:00
M,USD,MXN,2018-06-22,20.3937,1,1,SF60653,2026-07-01 0:00
M,USD,MXN,2018-06-23,20.3689,1,1,SF60653,2026-07-01 0:00
M,USD,MXN,2018-06-24,20.3689,1,1,SF60653,2026-07-01 0:00
M,USD,MXN,2018-06-25,20.3689,1,1,SF60653,2026-07-01 0:00
M,USD,MXN,2018-06-26,20.1264,1,1,SF60653,2026-07-01 0:00
M,USD,MXN,2018-06-27,20.0908,1,1,SF60653,2026-07-01 0:00
M,USD,MXN,2018-06-28,19.8754,1,1,SF60653,2026-07-01 0:00
M,USD,MXN,2018-06-29,20.0553,1,1,SF60653,2026-07-01 0:00
M,USD,MXN,2018-06-30,19.8633,1,1,SF60653,2026-07-01 0:00
M,USD,MXN,2018-07-01,19.8633,1,1,SF60653,2026-07-01 0:00
M,USD,MXN,2018-07-02,19.8633,1,1,SF60653,2026-07-01 0:00
M,USD,MXN,2018-07-03,19.6912,1,1,SF60653,2026-07-01 0:00
M,USD,MXN,2018-07-04,20.1453,1,1,SF60653,2026-07-01 0:00
M,USD,MXN,2018-07-05,19.5974,1,1,SF60653,2026-07-01 0:00
M,USD,MXN,2018-07-06,19.4284,1,1,SF60653,2026-07-01 0:00
M,USD,MXN,2018-07-07,19.2513,1,1,SF60653,2026-07-01 0:00
M,USD,MXN,2018-07-08,19.2513,1,1,SF60653,2026-07-01 0:00
M,USD,MXN,2018-07-09,19.2513,1,1,SF60653,2026-07-01 0:00
M,USD,MXN,2018-07-10,19.0719,1,1,SF60653,2026-07-01 0:00
M,USD,MXN,2018-07-11,19.1563,1,1,SF60653,2026-07-01 0:00
M,USD,MXN,2018-07-12,19.0559,1,1,SF60653,2026-07-01 0:00
M,USD,MXN,2018-07-13,18.9632,1,1,SF60653,2026-07-01 0:00
M,USD,MXN,2018-07-14,18.8241,1,1,SF60653,2026-07-01 0:00
M,USD,MXN,2018-07-15,18.8241,1,1,SF60653,2026-07-01 0:00
M,USD,MXN,2018-07-16,18.8241,1,1,SF60653,2026-07-01 0:00
M,USD,MXN,2018-07-17,18.8854,1,1,SF60653,2026-07-01 0:00
M,USD,MXN,2018-07-18,18.836,1,1,SF60653,2026-07-01 0:00
M,USD,MXN,2018-07-19,18.8763,1,1,SF60653,2026-07-01 0:00
M,USD,MXN,2018-07-20,18.91,1,1,SF60653,2026-07-01 0:00
M,USD,MXN,2018-07-21,19.079,1,1,SF60653,2026-07-01 0:00
M,USD,MXN,2018-07-22,19.079,1,1,SF60653,2026-07-01 0:00
M,USD,MXN,2018-07-23,19.079,1,1,SF60653,2026-07-01 0:00
M,USD,MXN,2018-07-24,19.0694,1,1,SF60653,2026-07-01 0:00
M,USD,MXN,2018-07-25,19.0761,1,1,SF60653,2026-07-01 0:00
M,USD,MXN,2018-07-26,18.8506,1,1,SF60653,2026-07-01 0:00
M,USD,MXN,2018-07-27,18.7709,1,1,SF60653,2026-07-01 0:00
M,USD,MXN,2018-07-28,18.6234,1,1,SF60653,2026-07-01 0:00
M,USD,MXN,2018-07-29,18.6234,1,1,SF60653,2026-07-01 0:00
M,USD,MXN,2018-07-30,18.6234,1,1,SF60653,2026-07-01 0:00
M,USD,MXN,2018-07-31,18.5515,1,1,SF60653,2026-07-01 0:00
M,USD,MXN,2018-08-01,18.5413,1,1,SF60653,2026-07-01 0:00
M,USD,MXN,2018-08-02,18.6457,1,1,SF60653,2026-07-01 0:00
M,USD,MXN,2018-08-03,18.5899,1,1,SF60653,2026-07-01 0:00
M,USD,MXN,2018-08-04,18.6349,1,1,SF60653,2026-07-01 0:00
M,USD,MXN,2018-08-05,18.6349,1,1,SF60653,2026-07-01 0:00
M,USD,MXN,2018-08-06,18.6349,1,1,SF60653,2026-07-01 0:00
M,USD,MXN,2018-08-07,18.5725,1,1,SF60653,2026-07-01 0:00
M,USD,MXN,2018-08-08,18.5433,1,1,SF60653,2026-07-01 0:00
M,USD,MXN,2018-08-09,18.4631,1,1,SF60653,2026-07-01 0:00
M,USD,MXN,2018-08-10,18.4542,1,1,SF60653,2026-07-01 0:00
M,USD,MXN,2018-08-11,18.6511,1,1,SF60653,2026-07-01 0:00
M,USD,MXN,2018-08-12,18.6511,1,1,SF60653,2026-07-01 0:00
M,USD,MXN,2018-08-13,18.6511,1,1,SF60653,2026-07-01 0:00
M,USD,MXN,2018-08-14,18.9273,1,1,SF60653,2026-07-01 0:00
M,USD,MXN,2018-08-15,19.1801,1,1,SF60653,2026-07-01 0:00
M,USD,MXN,2018-08-16,18.9973,1,1,SF60653,2026-07-01 0:00
M,USD,MXN,2018-08-17,19.2339,1,1,SF60653,2026-07-01 0:00
M,USD,MXN,2018-08-18,19.01,1,1,SF60653,2026-07-01 0:00
M,USD,MXN,2018-08-19,19.01,1,1,SF60653,2026-07-01 0:00
M,USD,MXN,2018-08-20,19.01,1,1,SF60653,2026-07-01 0:00
M,USD,MXN,2018-08-21,19.0615,1,1,SF60653,2026-07-01 0:00
M,USD,MXN,2018-08-22,19.0305,1,1,SF60653,2026-07-01 0:00
M,USD,MXN,2018-08-23,18.8784,1,1,SF60653,2026-07-01 0:00
M,USD,MXN,2018-08-24,18.8176,1,1,SF60653,2026-07-01 0:00
M,USD,MXN,2018-08-25,18.8672,1,1,SF60653,2026-07-01 0:00
M,USD,MXN,2018-08-26,18.8672,1,1,SF60653,2026-07-01 0:00
M,USD,MXN,2018-08-27,18.8672,1,1,SF60653,2026-07-01 0:00
M,USD,MXN,2018-08-28,18.8339,1,1,SF60653,2026-07-01 0:00
M,USD,MXN,2018-08-29,18.6697,1,1,SF60653,2026-07-01 0:00
M,USD,MXN,2018-08-30,18.9354,1,1,SF60653,2026-07-01 0:00
M,USD,MXN,2018-08-31,19.0659,1,1,SF60653,2026-07-01 0:00
M,USD,MXN,2018-09-01,19.1258,1,1,SF60653,2026-07-01 0:00
M,USD,MXN,2018-09-02,19.1258,1,1,SF60653,2026-07-01 0:00
M,USD,MXN,2018-09-03,19.1258,1,1,SF60653,2026-07-01 0:00
M,USD,MXN,2018-09-04,19.1792,1,1,SF60653,2026-07-01 0:00
M,USD,MXN,2018-09-05,19.2137,1,1,SF60653,2026-07-01 0:00
M,USD,MXN,2018-09-06,19.3609,1,1,SF60653,2026-07-01 0:00
M,USD,MXN,2018-09-07,19.4433,1,1,SF60653,2026-07-01 0:00
M,USD,MXN,2018-09-08,19.3546,1,1,SF60653,2026-07-01 0:00
M,USD,MXN,2018-09-09,19.3546,1,1,SF60653,2026-07-01 0:00
M,USD,MXN,2018-09-10,19.3546,1,1,SF60653,2026-07-01 0:00
M,USD,MXN,2018-09-11,19.2394,1,1,SF60653,2026-07-01 0:00
M,USD,MXN,2018-09-12,19.2989,1,1,SF60653,2026-07-01 0:00
M,USD,MXN,2018-09-13,19.268,1,1,SF60653,2026-07-01 0:00
M,USD,MXN,2018-09-14,19.0511,1,1,SF60653,2026-07-01 0:00
M,USD,MXN,2018-09-15,18.8775,1,1,SF60653,2026-07-01 0:00
M,USD,MXN,2018-09-16,18.8775,1,1,SF60653,2026-07-01 0:00
M,USD,MXN,2018-09-17,18.8775,1,1,SF60653,2026-07-01 0:00
M,USD,MXN,2018-09-18,18.8689,1,1,SF60653,2026-07-01 0:00
M,USD,MXN,2018-09-19,18.8399,1,1,SF60653,2026-07-01 0:00
M,USD,MXN,2018-09-20,18.7694,1,1,SF60653,2026-07-01 0:00
M,USD,MXN,2018-09-21,18.7672,1,1,SF60653,2026-07-01 0:00
M,USD,MXN,2018-09-22,18.8296,1,1,SF60653,2026-07-01 0:00
M,USD,MXN,2018-09-23,18.8296,1,1,SF60653,2026-07-01 0:00
M,USD,MXN,2018-09-24,18.8296,1,1,SF60653,2026-07-01 0:00
M,USD,MXN,2018-09-25,18.8539,1,1,SF60653,2026-07-01 0:00
M,USD,MXN,2018-09-26,18.8516,1,1,SF60653,2026-07-01 0:00
M,USD,MXN,2018-09-27,18.987,1,1,SF60653,2026-07-01 0:00
M,USD,MXN,2018-09-28,18.8986,1,1,SF60653,2026-07-01 0:00
M,USD,MXN,2018-09-29,18.812,1,1,SF60653,2026-07-01 0:00
M,USD,MXN,2018-09-30,18.812,1,1,SF60653,2026-07-01 0:00
M,USD,MXN,2018-10-01,18.812,1,1,SF60653,2026-07-01 0:00
M,USD,MXN,2018-10-02,18.7231,1,1,SF60653,2026-07-01 0:00
M,USD,MXN,2018-10-03,18.6531,1,1,SF60653,2026-07-01 0:00
M,USD,MXN,2018-10-04,18.7503,1,1,SF60653,2026-07-01 0:00
M,USD,MXN,2018-10-05,18.8014,1,1,SF60653,2026-07-01 0:00
M,USD,MXN,2018-10-06,19.1328,1,1,SF60653,2026-07-01 0:00
M,USD,MXN,2018-10-07,19.1328,1,1,SF60653,2026-07-01 0:00
M,USD,MXN,2018-10-08,19.1328,1,1,SF60653,2026-07-01 0:00
M,USD,MXN,2018-10-09,18.9444,1,1,SF60653,2026-07-01 0:00
M,USD,MXN,2018-10-10,18.9234,1,1,SF60653,2026-07-01 0:00
M,USD,MXN,2018-10-11,19,1,1,SF60653,2026-07-01 0:00
M,USD,MXN,2018-10-12,19.1183,1,1,SF60653,2026-07-01 0:00
M,USD,MXN,2018-10-13,19.0217,1,1,SF60653,2026-07-01 0:00
M,USD,MXN,2018-10-14,19.0217,1,1,SF60653,2026-07-01 0:00
M,USD,MXN,2018-10-15,19.0217,1,1,SF60653,2026-07-01 0:00
M,USD,MXN,2018-10-16,18.9202,1,1,SF60653,2026-07-01 0:00
M,USD,MXN,2018-10-17,18.8096,1,1,SF60653,2026-07-01 0:00
M,USD,MXN,2018-10-18,18.7693,1,1,SF60653,2026-07-01 0:00
M,USD,MXN,2018-10-19,18.8012,1,1,SF60653,2026-07-01 0:00
M,USD,MXN,2018-10-20,19.1018,1,1,SF60653,2026-07-01 0:00
M,USD,MXN,2018-10-21,19.1018,1,1,SF60653,2026-07-01 0:00
M,USD,MXN,2018-10-22,19.1018,1,1,SF60653,2026-07-01 0:00
M,USD,MXN,2018-10-23,19.2183,1,1,SF60653,2026-07-01 0:00
M,USD,MXN,2018-10-24,19.3669,1,1,SF60653,2026-07-01 0:00
M,USD,MXN,2018-10-25,19.4169,1,1,SF60653,2026-07-01 0:00
M,USD,MXN,2018-10-26,19.4623,1,1,SF60653,2026-07-01 0:00
M,USD,MXN,2018-10-27,19.4383,1,1,SF60653,2026-07-01 0:00
M,USD,MXN,2018-10-28,19.4383,1,1,SF60653,2026-07-01 0:00
M,USD,MXN,2018-10-29,19.4383,1,1,SF60653,2026-07-01 0:00
M,USD,MXN,2018-10-30,19.479,1,1,SF60653,2026-07-01 0:00
M,USD,MXN,2018-10-31,19.8022,1,1,SF60653,2026-07-01 0:00
M,USD,MXN,2018-11-01,20.0258,1,1,SF60653,2026-07-01 0:00
M,USD,MXN,2018-11-02,20.3177,1,1,SF60653,2026-07-01 0:00
M,USD,MXN,2018-11-03,20.3177,1,1,SF60653,2026-07-01 0:00
M,USD,MXN,2018-11-04,20.3177,1,1,SF60653,2026-07-01 0:00
M,USD,MXN,2018-11-05,20.3177,1,1,SF60653,2026-07-01 0:00
M,USD,MXN,2018-11-06,20.1329,1,1,SF60653,2026-07-01 0:00
M,USD,MXN,2018-11-07,19.9636,1,1,SF60653,2026-07-01 0:00
M,USD,MXN,2018-11-08,19.8609,1,1,SF60653,2026-07-01 0:00
M,USD,MXN,2018-11-09,19.8245,1,1,SF60653,2026-07-01 0:00
M,USD,MXN,2018-11-10,20.0438,1,1,SF60653,2026-07-01 0:00
M,USD,MXN,2018-11-11,20.0438,1,1,SF60653,2026-07-01 0:00
M,USD,MXN,2018-11-12,20.0438,1,1,SF60653,2026-07-01 0:00
M,USD,MXN,2018-11-13,20.3614,1,1,SF60653,2026-07-01 0:00
M,USD,MXN,2018-11-14,20.3179,1,1,SF60653,2026-07-01 0:00
M,USD,MXN,2018-11-15,20.5158,1,1,SF60653,2026-07-01 0:00
M,USD,MXN,2018-11-16,20.3979,1,1,SF60653,2026-07-01 0:00
M,USD,MXN,2018-11-17,20.3371,1,1,SF60653,2026-07-01 0:00
M,USD,MXN,2018-11-18,20.3371,1,1,SF60653,2026-07-01 0:00
M,USD,MXN,2018-11-19,20.3371,1,1,SF60653,2026-07-01 0:00
M,USD,MXN,2018-11-20,20.3371,1,1,SF60653,2026-07-01 0:00
M,USD,MXN,2018-11-21,20.155,1,1,SF60653,2026-07-01 0:00
M,USD,MXN,2018-11-22,20.4123,1,1,SF60653,2026-07-01 0:00
M,USD,MXN,2018-11-23,20.2023,1,1,SF60653,2026-07-01 0:00
M,USD,MXN,2018-11-24,20.2984,1,1,SF60653,2026-07-01 0:00
M,USD,MXN,2018-11-25,20.2984,1,1,SF60653,2026-07-01 0:00
M,USD,MXN,2018-11-26,20.2984,1,1,SF60653,2026-07-01 0:00
M,USD,MXN,2018-11-27,20.3935,1,1,SF60653,2026-07-01 0:00
M,USD,MXN,2018-11-28,20.5304,1,1,SF60653,2026-07-01 0:00
M,USD,MXN,2018-11-29,20.4977,1,1,SF60653,2026-07-01 0:00
M,USD,MXN,2018-11-30,20.4108,1,1,SF60653,2026-07-01 0:00
M,USD,MXN,2018-12-01,20.2217,1,1,SF60653,2026-07-01 0:00
M,USD,MXN,2018-12-02,20.2217,1,1,SF60653,2026-07-01 0:00
M,USD,MXN,2018-12-03,20.2217,1,1,SF60653,2026-07-01 0:00
M,USD,MXN,2018-12-04,20.3455,1,1,SF60653,2026-07-01 0:00
M,USD,MXN,2018-12-05,20.2346,1,1,SF60653,2026-07-01 0:00
M,USD,MXN,2018-12-06,20.5123,1,1,SF60653,2026-07-01 0:00
M,USD,MXN,2018-12-07,20.5672,1,1,SF60653,2026-07-01 0:00
M,USD,MXN,2018-12-08,20.4705,1,1,SF60653,2026-07-01 0:00
M,USD,MXN,2018-12-09,20.4705,1,1,SF60653,2026-07-01 0:00
M,USD,MXN,2018-12-10,20.4705,1,1,SF60653,2026-07-01 0:00
M,USD,MXN,2018-12-11,20.2609,1,1,SF60653,2026-07-01 0:00
M,USD,MXN,2018-12-12,20.3621,1,1,SF60653,2026-07-01 0:00
M,USD,MXN,2018-12-13,20.3621,1,1,SF60653,2026-07-01 0:00
M,USD,MXN,2018-12-14,20.2889,1,1,SF60653,2026-07-01 0:00
M,USD,MXN,2018-12-15,20.2566,1,1,SF60653,2026-07-01 0:00
M,USD,MXN,2018-12-16,20.2566,1,1,SF60653,2026-07-01 0:00
M,USD,MXN,2018-12-17,20.2566,1,1,SF60653,2026-07-01 0:00
M,USD,MXN,2018-12-18,20.3337,1,1,SF60653,2026-07-01 0:00
M,USD,MXN,2018-12-19,20.1126,1,1,SF60653,2026-07-01 0:00
M,USD,MXN,2018-12-20,20.1277,1,1,SF60653,2026-07-01 0:00
M,USD,MXN,2018-12-21,20.0293,1,1,SF60653,2026-07-01 0:00
M,USD,MXN,2018-12-22,19.9082,1,1,SF60653,2026-07-01 0:00
M,USD,MXN,2018-12-23,19.9082,1,1,SF60653,2026-07-01 0:00
M,USD,MXN,2018-12-24,19.9082,1,1,SF60653,2026-07-01 0:00
M,USD,MXN,2018-12-25,19.9275,1,1,SF60653,2026-07-01 0:00
M,USD,MXN,2018-12-26,19.9275,1,1,SF60653,2026-07-01 0:00
M,USD,MXN,2018-12-27,19.8473,1,1,SF60653,2026-07-01 0:00
M,USD,MXN,2018-12-28,19.8823,1,1,SF60653,2026-07-01 0:00
M,USD,MXN,2018-12-29,19.6829,1,1,SF60653,2026-07-01 0:00
M,USD,MXN,2018-12-30,19.6829,1,1,SF60653,2026-07-01 0:00
M,USD,MXN,2018-12-31,19.6829,1,1,SF60653,2026-07-01 0:00
M,USD,MXN,2019-01-01,19.6566,1,1,SF60653,2026-07-01 0:00
M,USD,MXN,2019-01-02,19.6566,1,1,SF60653,2026-07-01 0:00
M,USD,MXN,2019-01-03,19.6512,1,1,SF60653,2026-07-01 0:00
M,USD,MXN,2019-01-04,19.5878,1,1,SF60653,2026-07-01 0:00
M,USD,MXN,2019-01-05,19.6073,1,1,SF60653,2026-07-01 0:00
M,USD,MXN,2019-01-06,19.6073,1,1,SF60653,2026-07-01 0:00
M,USD,MXN,2019-01-07,19.6073,1,1,SF60653,2026-07-01 0:00
M,USD,MXN,2019-01-08,19.4902,1,1,SF60653,2026-07-01 0:00
M,USD,MXN,2019-01-09,19.3208,1,1,SF60653,2026-07-01 0:00
M,USD,MXN,2019-01-10,19.3479,1,1,SF60653,2026-07-01 0:00
M,USD,MXN,2019-01-11,19.2456,1,1,SF60653,2026-07-01 0:00
M,USD,MXN,2019-01-12,19.1714,1,1,SF60653,2026-07-01 0:00
M,USD,MXN,2019-01-13,19.1714,1,1,SF60653,2026-07-01 0:00
M,USD,MXN,2019-01-14,19.1714,1,1,SF60653,2026-07-01 0:00
M,USD,MXN,2019-01-15,19.1236,1,1,SF60653,2026-07-01 0:00
M,USD,MXN,2019-01-16,19.0064,1,1,SF60653,2026-07-01 0:00
M,USD,MXN,2019-01-17,19.0457,1,1,SF60653,2026-07-01 0:00
M,USD,MXN,2019-01-18,18.9908,1,1,SF60653,2026-07-01 0:00
M,USD,MXN,2019-01-19,19.063,1,1,SF60653,2026-07-01 0:00
M,USD,MXN,2019-01-20,19.063,1,1,SF60653,2026-07-01 0:00
M,USD,MXN,2019-01-21,19.063,1,1,SF60653,2026-07-01 0:00
M,USD,MXN,2019-01-22,19.0844,1,1,SF60653,2026-07-01 0:00
M,USD,MXN,2019-01-23,19.1902,1,1,SF60653,2026-07-01 0:00
M,USD,MXN,2019-01-24,19.1297,1,1,SF60653,2026-07-01 0:00
M,USD,MXN,2019-01-25,19.0771,1,1,SF60653,2026-07-01 0:00
M,USD,MXN,2019-01-26,18.9859,1,1,SF60653,2026-07-01 0:00
M,USD,MXN,2019-01-27,18.9859,1,1,SF60653,2026-07-01 0:00
M,USD,MXN,2019-01-28,18.9859,1,1,SF60653,2026-07-01 0:00
M,USD,MXN,2019-01-29,18.928,1,1,SF60653,2026-07-01 0:00
M,USD,MXN,2019-01-30,19.0381,1,1,SF60653,2026-07-01 0:00
M,USD,MXN,2019-01-31,18.9972,1,1,SF60653,2026-07-01 0:00
M,USD,MXN,2019-02-01,19.1623,1,1,SF60653,2026-07-01 0:00
M,USD,MXN,2019-02-02,19.0388,1,1,SF60653,2026-07-01 0:00
M,USD,MXN,2019-02-03,19.0388,1,1,SF60653,2026-07-01 0:00
M,USD,MXN,2019-02-04,19.0388,1,1,SF60653,2026-07-01 0:00
M,USD,MXN,2019-02-05,19.0388,1,1,SF60653,2026-07-01 0:00
M,USD,MXN,2019-02-06,19.1098,1,1,SF60653,2026-07-01 0:00
M,USD,MXN,2019-02-07,19.0824,1,1,SF60653,2026-07-01 0:00
M,USD,MXN,2019-02-08,19.1058,1,1,SF60653,2026-07-01 0:00
M,USD,MXN,2019-02-09,19.08,1,1,SF60653,2026-07-01 0:00
M,USD,MXN,2019-02-10,19.08,1,1,SF60653,2026-07-01 0:00
M,USD,MXN,2019-02-11,19.08,1,1,SF60653,2026-07-01 0:00
M,USD,MXN,2019-02-12,19.0893,1,1,SF60653,2026-07-01 0:00
M,USD,MXN,2019-02-13,19.2524,1,1,SF60653,2026-07-01 0:00
M,USD,MXN,2019-02-14,19.2592,1,1,SF60653,2026-07-01 0:00
M,USD,MXN,2019-02-15,19.4084,1,1,SF60653,2026-07-01 0:00
M,USD,MXN,2019-02-16,19.3569,1,1,SF60653,2026-07-01 0:00
M,USD,MXN,2019-02-17,19.3569,1,1,SF60653,2026-07-01 0:00
M,USD,MXN,2019-02-18,19.3569,1,1,SF60653,2026-07-01 0:00
M,USD,MXN,2019-02-19,19.3625,1,1,SF60653,2026-07-01 0:00
M,USD,MXN,2019-02-20,19.2578,1,1,SF60653,2026-07-01 0:00
M,USD,MXN,2019-02-21,19.1778,1,1,SF60653,2026-07-01 0:00
M,USD,MXN,2019-02-22,19.1835,1,1,SF60653,2026-07-01 0:00
M,USD,MXN,2019-02-23,19.2652,1,1,SF60653,2026-07-01 0:00
M,USD,MXN,2019-02-24,19.2652,1,1,SF60653,2026-07-01 0:00
M,USD,MXN,2019-02-25,19.2652,1,1,SF60653,2026-07-01 0:00
M,USD,MXN,2019-02-26,19.1394,1,1,SF60653,2026-07-01 0:00
M,USD,MXN,2019-02-27,19.1185,1,1,SF60653,2026-07-01 0:00
M,USD,MXN,2019-02-28,19.163,1,1,SF60653,2026-07-01 0:00
M,USD,MXN,2019-03-01,19.2201,1,1,SF60653,2026-07-01 0:00
M,USD,MXN,2019-03-02,19.2607,1,1,SF60653,2026-07-01 0:00
M,USD,MXN,2019-03-03,19.2607,1,1,SF60653,2026-07-01 0:00
M,USD,MXN,2019-03-04,19.2607,1,1,SF60653,2026-07-01 0:00
M,USD,MXN,2019-03-05,19.2978,1,1,SF60653,2026-07-01 0:00
M,USD,MXN,2019-03-06,19.3039,1,1,SF60653,2026-07-01 0:00
M,USD,MXN,2019-03-07,19.2597,1,1,SF60653,2026-07-01 0:00
M,USD,MXN,2019-03-08,19.3708,1,1,SF60653,2026-07-01 0:00
M,USD,MXN,2019-03-09,19.5225,1,1,SF60653,2026-07-01 0:00
M,USD,MXN,2019-03-10,19.5225,1,1,SF60653,2026-07-01 0:00
M,USD,MXN,2019-03-11,19.5225,1,1,SF60653,2026-07-01 0:00
M,USD,MXN,2019-03-12,19.4902,1,1,SF60653,2026-07-01 0:00
M,USD,MXN,2019-03-13,19.4243,1,1,SF60653,2026-07-01 0:00
M,USD,MXN,2019-03-14,19.3049,1,1,SF60653,2026-07-01 0:00
M,USD,MXN,2019-03-15,19.332,1,1,SF60653,2026-07-01 0:00
M,USD,MXN,2019-03-16,19.3233,1,1,SF60653,2026-07-01 0:00
M,USD,MXN,2019-03-17,19.3233,1,1,SF60653,2026-07-01 0:00
M,USD,MXN,2019-03-18,19.3233,1,1,SF60653,2026-07-01 0:00
M,USD,MXN,2019-03-19,19.3233,1,1,SF60653,2026-07-01 0:00
M,USD,MXN,2019-03-20,19.2176,1,1,SF60653,2026-07-01 0:00
M,USD,MXN,2019-03-21,19.0004,1,1,SF60653,2026-07-01 0:00
M,USD,MXN,2019-03-22,18.9098,1,1,SF60653,2026-07-01 0:00
M,USD,MXN,2019-03-23,18.8694,1,1,SF60653,2026-07-01 0:00
M,USD,MXN,2019-03-24,18.8694,1,1,SF60653,2026-07-01 0:00
M,USD,MXN,2019-03-25,18.8694,1,1,SF60653,2026-07-01 0:00
M,USD,MXN,2019-03-26,19.1369,1,1,SF60653,2026-07-01 0:00
M,USD,MXN,2019-03-27,19.0151,1,1,SF60653,2026-07-01 0:00
M,USD,MXN,2019-03-28,19.0989,1,1,SF60653,2026-07-01 0:00
M,USD,MXN,2019-03-29,19.3201,1,1,SF60653,2026-07-01 0:00
M,USD,MXN,2019-03-30,19.3793,1,1,SF60653,2026-07-01 0:00
M,USD,MXN,2019-03-31,19.3793,1,1,SF60653,2026-07-01 0:00
M,USD,MXN,2019-04-01,19.3793,1,1,SF60653,2026-07-01 0:00
M,USD,MXN,2019-04-02,19.3779,1,1,SF60653,2026-07-01 0:00
M,USD,MXN,2019-04-03,19.2169,1,1,SF60653,2026-07-01 0:00
M,USD,MXN,2019-04-04,19.2279,1,1,SF60653,2026-07-01 0:00
M,USD,MXN,2019-04-05,19.1805,1,1,SF60653,2026-07-01 0:00
M,USD,MXN,2019-04-06,19.1728,1,1,SF60653,2026-07-01 0:00
M,USD,MXN,2019-04-07,19.1728,1,1,SF60653,2026-07-01 0:00
M,USD,MXN,2019-04-08,19.1728,1,1,SF60653,2026-07-01 0:00
M,USD,MXN,2019-04-09,19.0805,1,1,SF60653,2026-07-01 0:00
M,USD,MXN,2019-04-10,18.9701,1,1,SF60653,2026-07-01 0:00
M,USD,MXN,2019-04-11,18.9229,1,1,SF60653,2026-07-01 0:00
M,USD,MXN,2019-04-12,18.836,1,1,SF60653,2026-07-01 0:00
M,USD,MXN,2019-04-13,18.8432,1,1,SF60653,2026-07-01 0:00
M,USD,MXN,2019-04-14,18.8432,1,1,SF60653,2026-07-01 0:00
M,USD,MXN,2019-04-15,18.8432,1,1,SF60653,2026-07-01 0:00
M,USD,MXN,2019-04-16,18.7719,1,1,SF60653,2026-07-01 0:00
M,USD,MXN,2019-04-17,18.8489,1,1,SF60653,2026-07-01 0:00
M,USD,MXN,2019-04-18,18.9516,1,1,SF60653,2026-07-01 0:00
M,USD,MXN,2019-04-19,18.9516,1,1,SF60653,2026-07-01 0:00
M,USD,MXN,2019-04-20,18.9516,1,1,SF60653,2026-07-01 0:00
M,USD,MXN,2019-04-21,18.9516,1,1,SF60653,2026-07-01 0:00
M,USD,MXN,2019-04-22,18.9516,1,1,SF60653,2026-07-01 0:00
M,USD,MXN,2019-04-23,18.848,1,1,SF60653,2026-07-01 0:00
M,USD,MXN,2019-04-24,18.8359,1,1,SF60653,2026-07-01 0:00
M,USD,MXN,2019-04-25,18.9578,1,1,SF60653,2026-07-01 0:00
M,USD,MXN,2019-04-26,19.0046,1,1,SF60653,2026-07-01 0:00
M,USD,MXN,2019-04-27,19.0942,1,1,SF60653,2026-07-01 0:00
M,USD,MXN,2019-04-28,19.0942,1,1,SF60653,2026-07-01 0:00
M,USD,MXN,2019-04-29,19.0942,1,1,SF60653,2026-07-01 0:00
M,USD,MXN,2019-04-30,18.9414,1,1,SF60653,2026-07-01 0:00
M,USD,MXN,2019-05-01,19.012,1,1,SF60653,2026-07-01 0:00
M,USD,MXN,2019-05-02,19.012,1,1,SF60653,2026-07-01 0:00
M,USD,MXN,2019-05-03,19.0099,1,1,SF60653,2026-07-01 0:00
M,USD,MXN,2019-05-04,19.1014,1,1,SF60653,2026-07-01 0:00
M,USD,MXN,2019-05-05,19.1014,1,1,SF60653,2026-07-01 0:00
M,USD,MXN,2019-05-06,19.1014,1,1,SF60653,2026-07-01 0:00
M,USD,MXN,2019-05-07,19.0012,1,1,SF60653,2026-07-01 0:00
M,USD,MXN,2019-05-08,18.9781,1,1,SF60653,2026-07-01 0:00
M,USD,MXN,2019-05-09,19.0499,1,1,SF60653,2026-07-01 0:00
M,USD,MXN,2019-05-10,19.0837,1,1,SF60653,2026-07-01 0:00
M,USD,MXN,2019-05-11,19.2623,1,1,SF60653,2026-07-01 0:00
M,USD,MXN,2019-05-12,19.2623,1,1,SF60653,2026-07-01 0:00
M,USD,MXN,2019-05-13,19.2623,1,1,SF60653,2026-07-01 0:00
M,USD,MXN,2019-05-14,19.1374,1,1,SF60653,2026-07-01 0:00
M,USD,MXN,2019-05-15,19.1928,1,1,SF60653,2026-07-01 0:00
M,USD,MXN,2019-05-16,19.1427,1,1,SF60653,2026-07-01 0:00
M,USD,MXN,2019-05-17,19.1236,1,1,SF60653,2026-07-01 0:00
M,USD,MXN,2019-05-18,19.071,1,1,SF60653,2026-07-01 0:00
M,USD,MXN,2019-05-19,19.071,1,1,SF60653,2026-07-01 0:00
M,USD,MXN,2019-05-20,19.071,1,1,SF60653,2026-07-01 0:00
M,USD,MXN,2019-05-21,19.1454,1,1,SF60653,2026-07-01 0:00
M,USD,MXN,2019-05-22,19.0908,1,1,SF60653,2026-07-01 0:00
M,USD,MXN,2019-05-23,19.0309,1,1,SF60653,2026-07-01 0:00
M,USD,MXN,2019-05-24,18.9755,1,1,SF60653,2026-07-01 0:00
M,USD,MXN,2019-05-25,19.0122,1,1,SF60653,2026-07-01 0:00
M,USD,MXN,2019-05-26,19.0122,1,1,SF60653,2026-07-01 0:00
M,USD,MXN,2019-05-27,19.0122,1,1,SF60653,2026-07-01 0:00
M,USD,MXN,2019-05-28,19.0658,1,1,SF60653,2026-07-01 0:00
M,USD,MXN,2019-05-29,19.0521,1,1,SF60653,2026-07-01 0:00
M,USD,MXN,2019-05-30,19.1652,1,1,SF60653,2026-07-01 0:00
M,USD,MXN,2019-05-31,19.2395,1,1,SF60653,2026-07-01 0:00
M,USD,MXN,2019-06-01,19.0683,1,1,SF60653,2026-07-01 0:00
M,USD,MXN,2019-06-02,19.0683,1,1,SF60653,2026-07-01 0:00
M,USD,MXN,2019-06-03,19.0683,1,1,SF60653,2026-07-01 0:00
M,USD,MXN,2019-06-04,19.6426,1,1,SF60653,2026-07-01 0:00
M,USD,MXN,2019-06-05,19.7609,1,1,SF60653,2026-07-01 0:00
M,USD,MXN,2019-06-06,19.6007,1,1,SF60653,2026-07-01 0:00
M,USD,MXN,2019-06-07,19.5418,1,1,SF60653,2026-07-01 0:00
M,USD,MXN,2019-06-08,19.7084,1,1,SF60653,2026-07-01 0:00
M,USD,MXN,2019-06-09,19.7084,1,1,SF60653,2026-07-01 0:00
M,USD,MXN,2019-06-10,19.7084,1,1,SF60653,2026-07-01 0:00
M,USD,MXN,2019-06-11,19.6528,1,1,SF60653,2026-07-01 0:00
M,USD,MXN,2019-06-12,19.204,1,1,SF60653,2026-07-01 0:00
M,USD,MXN,2019-06-13,19.1222,1,1,SF60653,2026-07-01 0:00
M,USD,MXN,2019-06-14,19.1383,1,1,SF60653,2026-07-01 0:00
M,USD,MXN,2019-06-15,19.1645,1,1,SF60653,2026-07-01 0:00
M,USD,MXN,2019-06-16,19.1645,1,1,SF60653,2026-07-01 0:00
M,USD,MXN,2019-06-17,19.1645,1,1,SF60653,2026-07-01 0:00
M,USD,MXN,2019-06-18,19.1487,1,1,SF60653,2026-07-01 0:00
M,USD,MXN,2019-06-19,19.1924,1,1,SF60653,2026-07-01 0:00
M,USD,MXN,2019-06-20,19.1011,1,1,SF60653,2026-07-01 0:00
M,USD,MXN,2019-06-21,19.1753,1,1,SF60653,2026-07-01 0:00
M,USD,MXN,2019-06-22,18.9804,1,1,SF60653,2026-07-01 0:00
M,USD,MXN,2019-06-23,18.9804,1,1,SF60653,2026-07-01 0:00
M,USD,MXN,2019-06-24,18.9804,1,1,SF60653,2026-07-01 0:00
M,USD,MXN,2019-06-25,19.0661,1,1,SF60653,2026-07-01 0:00
M,USD,MXN,2019-06-26,19.1833,1,1,SF60653,2026-07-01 0:00
M,USD,MXN,2019-06-27,19.2271,1,1,SF60653,2026-07-01 0:00
M,USD,MXN,2019-06-28,19.1442,1,1,SF60653,2026-07-01 0:00
M,USD,MXN,2019-06-29,19.1685,1,1,SF60653,2026-07-01 0:00
M,USD,MXN,2019-06-30,19.1685,1,1,SF60653,2026-07-01 0:00
M,USD,MXN,2019-07-01,19.1685,1,1,SF60653,2026-07-01 0:00
M,USD,MXN,2019-07-02,19.2087,1,1,SF60653,2026-07-01 0:00
M,USD,MXN,2019-07-03,19.076,1,1,SF60653,2026-07-01 0:00
M,USD,MXN,2019-07-04,19.0694,1,1,SF60653,2026-07-01 0:00
M,USD,MXN,2019-07-05,19.0502,1,1,SF60653,2026-07-01 0:00
M,USD,MXN,2019-07-06,18.9947,1,1,SF60653,2026-07-01 0:00
M,USD,MXN,2019-07-07,18.9947,1,1,SF60653,2026-07-01 0:00
M,USD,MXN,2019-07-08,18.9947,1,1,SF60653,2026-07-01 0:00
M,USD,MXN,2019-07-09,19.0446,1,1,SF60653,2026-07-01 0:00
M,USD,MXN,2019-07-10,18.9116,1,1,SF60653,2026-07-01 0:00
M,USD,MXN,2019-07-11,19.0043,1,1,SF60653,2026-07-01 0:00
M,USD,MXN,2019-07-12,19.2425,1,1,SF60653,2026-07-01 0:00
M,USD,MXN,2019-07-13,19.1227,1,1,SF60653,2026-07-01 0:00
M,USD,MXN,2019-07-14,19.1227,1,1,SF60653,2026-07-01 0:00
M,USD,MXN,2019-07-15,19.1227,1,1,SF60653,2026-07-01 0:00
M,USD,MXN,2019-07-16,19.0307,1,1,SF60653,2026-07-01 0:00
M,USD,MXN,2019-07-17,18.9803,1,1,SF60653,2026-07-01 0:00
M,USD,MXN,2019-07-18,19.0781,1,1,SF60653,2026-07-01 0:00
M,USD,MXN,2019-07-19,19.0233,1,1,SF60653,2026-07-01 0:00
M,USD,MXN,2019-07-20,19.0108,1,1,SF60653,2026-07-01 0:00
M,USD,MXN,2019-07-21,19.0108,1,1,SF60653,2026-07-01 0:00
M,USD,MXN,2019-07-22,19.0108,1,1,SF60653,2026-07-01 0:00
M,USD,MXN,2019-07-23,19.0123,1,1,SF60653,2026-07-01 0:00
M,USD,MXN,2019-07-24,19.0659,1,1,SF60653,2026-07-01 0:00
M,USD,MXN,2019-07-25,19.1315,1,1,SF60653,2026-07-01 0:00
M,USD,MXN,2019-07-26,19.0894,1,1,SF60653,2026-07-01 0:00
M,USD,MXN,2019-07-27,19.0623,1,1,SF60653,2026-07-01 0:00
M,USD,MXN,2019-07-28,19.0623,1,1,SF60653,2026-07-01 0:00
M,USD,MXN,2019-07-29,19.0623,1,1,SF60653,2026-07-01 0:00
M,USD,MXN,2019-07-30,19.0699,1,1,SF60653,2026-07-01 0:00
M,USD,MXN,2019-07-31,19.09,1,1,SF60653,2026-07-01 0:00
M,USD,MXN,2019-08-01,19.0747,1,1,SF60653,2026-07-01 0:00
M,USD,MXN,2019-08-02,18.9929,1,1,SF60653,2026-07-01 0:00
M,USD,MXN,2019-08-03,19.1627,1,1,SF60653,2026-07-01 0:00
M,USD,MXN,2019-08-04,19.1627,1,1,SF60653,2026-07-01 0:00
M,USD,MXN,2019-08-05,19.1627,1,1,SF60653,2026-07-01 0:00
M,USD,MXN,2019-08-06,19.3116,1,1,SF60653,2026-07-01 0:00
M,USD,MXN,2019-08-07,19.5731,1,1,SF60653,2026-07-01 0:00
M,USD,MXN,2019-08-08,19.6291,1,1,SF60653,2026-07-01 0:00
M,USD,MXN,2019-08-09,19.6953,1,1,SF60653,2026-07-01 0:00
M,USD,MXN,2019-08-10,19.5118,1,1,SF60653,2026-07-01 0:00
M,USD,MXN,2019-08-11,19.5118,1,1,SF60653,2026-07-01 0:00
M,USD,MXN,2019-08-12,19.5118,1,1,SF60653,2026-07-01 0:00
M,USD,MXN,2019-08-13,19.4283,1,1,SF60653,2026-07-01 0:00
M,USD,MXN,2019-08-14,19.5803,1,1,SF60653,2026-07-01 0:00
M,USD,MXN,2019-08-15,19.463,1,1,SF60653,2026-07-01 0:00
M,USD,MXN,2019-08-16,19.5763,1,1,SF60653,2026-07-01 0:00
M,USD,MXN,2019-08-17,19.6365,1,1,SF60653,2026-07-01 0:00
M,USD,MXN,2019-08-18,19.6365,1,1,SF60653,2026-07-01 0:00
M,USD,MXN,2019-08-19,19.6365,1,1,SF60653,2026-07-01 0:00
M,USD,MXN,2019-08-20,19.5669,1,1,SF60653,2026-07-01 0:00
M,USD,MXN,2019-08-21,19.8153,1,1,SF60653,2026-07-01 0:00
M,USD,MXN,2019-08-22,19.7522,1,1,SF60653,2026-07-01 0:00
M,USD,MXN,2019-08-23,19.6798,1,1,SF60653,2026-07-01 0:00
M,USD,MXN,2019-08-24,19.7467,1,1,SF60653,2026-07-01 0:00
M,USD,MXN,2019-08-25,19.7467,1,1,SF60653,2026-07-01 0:00
M,USD,MXN,2019-08-26,19.7467,1,1,SF60653,2026-07-01 0:00
M,USD,MXN,2019-08-27,19.8402,1,1,SF60653,2026-07-01 0:00
M,USD,MXN,2019-08-28,19.9086,1,1,SF60653,2026-07-01 0:00
M,USD,MXN,2019-08-29,19.9934,1,1,SF60653,2026-07-01 0:00
M,USD,MXN,2019-08-30,20.0314,1,1,SF60653,2026-07-01 0:00
M,USD,MXN,2019-08-31,20.0988,1,1,SF60653,2026-07-01 0:00
M,USD,MXN,2019-09-01,20.0988,1,1,SF60653,2026-07-01 0:00
M,USD,MXN,2019-09-02,20.0988,1,1,SF60653,2026-07-01 0:00
M,USD,MXN,2019-09-03,20.0696,1,1,SF60653,2026-07-01 0:00
M,USD,MXN,2019-09-04,20.1253,1,1,SF60653,2026-07-01 0:00
M,USD,MXN,2019-09-05,20.0039,1,1,SF60653,2026-07-01 0:00
M,USD,MXN,2019-09-06,19.7806,1,1,SF60653,2026-07-01 0:00
M,USD,MXN,2019-09-07,19.6834,1,1,SF60653,2026-07-01 0:00
M,USD,MXN,2019-09-08,19.6834,1,1,SF60653,2026-07-01 0:00
M,USD,MXN,2019-09-09,19.6834,1,1,SF60653,2026-07-01 0:00
M,USD,MXN,2019-09-10,19.5623,1,1,SF60653,2026-07-01 0:00
M,USD,MXN,2019-09-11,19.5398,1,1,SF60653,2026-07-01 0:00
M,USD,MXN,2019-09-12,19.5354,1,1,SF60653,2026-07-01 0:00
M,USD,MXN,2019-09-13,19.5478,1,1,SF60653,2026-07-01 0:00
M,USD,MXN,2019-09-14,19.4265,1,1,SF60653,2026-07-01 0:00
M,USD,MXN,2019-09-15,19.4265,1,1,SF60653,2026-07-01 0:00
M,USD,MXN,2019-09-16,19.4265,1,1,SF60653,2026-07-01 0:00
M,USD,MXN,2019-09-17,19.4265,1,1,SF60653,2026-07-01 0:00
M,USD,MXN,2019-09-18,19.3665,1,1,SF60653,2026-07-01 0:00
M,USD,MXN,2019-09-19,19.4262,1,1,SF60653,2026-07-01 0:00
M,USD,MXN,2019-09-20,19.3528,1,1,SF60653,2026-07-01 0:00
M,USD,MXN,2019-09-21,19.3981,1,1,SF60653,2026-07-01 0:00
M,USD,MXN,2019-09-22,19.3981,1,1,SF60653,2026-07-01 0:00
M,USD,MXN,2019-09-23,19.3981,1,1,SF60653,2026-07-01 0:00
M,USD,MXN,2019-09-24,19.4478,1,1,SF60653,2026-07-01 0:00
M,USD,MXN,2019-09-25,19.4459,1,1,SF60653,2026-07-01 0:00
M,USD,MXN,2019-09-26,19.4587,1,1,SF60653,2026-07-01 0:00
M,USD,MXN,2019-09-27,19.5775,1,1,SF60653,2026-07-01 0:00
M,USD,MXN,2019-09-28,19.6363,1,1,SF60653,2026-07-01 0:00
M,USD,MXN,2019-09-29,19.6363,1,1,SF60653,2026-07-01 0:00
M,USD,MXN,2019-09-30,19.6363,1,1,SF60653,2026-07-01 0:00
M,USD,MXN,2019-10-01,19.6808,1,1,SF60653,2026-07-01 0:00
M,USD,MXN,2019-10-02,19.7345,1,1,SF60653,2026-07-01 0:00
M,USD,MXN,2019-10-03,19.7792,1,1,SF60653,2026-07-01 0:00
M,USD,MXN,2019-10-04,19.7985,1,1,SF60653,2026-07-01 0:00
M,USD,MXN,2019-10-05,19.7368,1,1,SF60653,2026-07-01 0:00
M,USD,MXN,2019-10-06,19.7368,1,1,SF60653,2026-07-01 0:00
M,USD,MXN,2019-10-07,19.7368,1,1,SF60653,2026-07-01 0:00
M,USD,MXN,2019-10-08,19.5255,1,1,SF60653,2026-07-01 0:00
M,USD,MXN,2019-10-09,19.5522,1,1,SF60653,2026-07-01 0:00
M,USD,MXN,2019-10-10,19.584,1,1,SF60653,2026-07-01 0:00
M,USD,MXN,2019-10-11,19.5689,1,1,SF60653,2026-07-01 0:00
M,USD,MXN,2019-10-12,19.4764,1,1,SF60653,2026-07-01 0:00
M,USD,MXN,2019-10-13,19.4764,1,1,SF60653,2026-07-01 0:00
M,USD,MXN,2019-10-14,19.4764,1,1,SF60653,2026-07-01 0:00
M,USD,MXN,2019-10-15,19.3217,1,1,SF60653,2026-07-01 0:00
M,USD,MXN,2019-10-16,19.2652,1,1,SF60653,2026-07-01 0:00
M,USD,MXN,2019-10-17,19.252,1,1,SF60653,2026-07-01 0:00
M,USD,MXN,2019-10-18,19.2135,1,1,SF60653,2026-07-01 0:00
M,USD,MXN,2019-10-19,19.1602,1,1,SF60653,2026-07-01 0:00
M,USD,MXN,2019-10-20,19.1602,1,1,SF60653,2026-07-01 0:00
M,USD,MXN,2019-10-21,19.1602,1,1,SF60653,2026-07-01 0:00
M,USD,MXN,2019-10-22,19.1492,1,1,SF60653,2026-07-01 0:00
M,USD,MXN,2019-10-23,19.1422,1,1,SF60653,2026-07-01 0:00
M,USD,MXN,2019-10-24,19.105,1,1,SF60653,2026-07-01 0:00
M,USD,MXN,2019-10-25,19.1258,1,1,SF60653,2026-07-01 0:00
M,USD,MXN,2019-10-26,19.0878,1,1,SF60653,2026-07-01 0:00
M,USD,MXN,2019-10-27,19.0878,1,1,SF60653,2026-07-01 0:00
M,USD,MXN,2019-10-28,19.0878,1,1,SF60653,2026-07-01 0:00
M,USD,MXN,2019-10-29,19.082,1,1,SF60653,2026-07-01 0:00
M,USD,MXN,2019-10-30,19.0543,1,1,SF60653,2026-07-01 0:00
M,USD,MXN,2019-10-31,19.1167,1,1,SF60653,2026-07-01 0:00
M,USD,MXN,2019-11-01,19.1643,1,1,SF60653,2026-07-01 0:00
M,USD,MXN,2019-11-02,19.1948,1,1,SF60653,2026-07-01 0:00
M,USD,MXN,2019-11-03,19.1948,1,1,SF60653,2026-07-01 0:00
M,USD,MXN,2019-11-04,19.1948,1,1,SF60653,2026-07-01 0:00
M,USD,MXN,2019-11-05,19.1058,1,1,SF60653,2026-07-01 0:00
M,USD,MXN,2019-11-06,19.1525,1,1,SF60653,2026-07-01 0:00
M,USD,MXN,2019-11-07,19.2125,1,1,SF60653,2026-07-01 0:00
M,USD,MXN,2019-11-08,19.1953,1,1,SF60653,2026-07-01 0:00
M,USD,MXN,2019-11-09,19.1327,1,1,SF60653,2026-07-01 0:00
M,USD,MXN,2019-11-10,19.1327,1,1,SF60653,2026-07-01 0:00
M,USD,MXN,2019-11-11,19.1327,1,1,SF60653,2026-07-01 0:00
M,USD,MXN,2019-11-12,19.1068,1,1,SF60653,2026-07-01 0:00
M,USD,MXN,2019-11-13,19.109,1,1,SF60653,2026-07-01 0:00
M,USD,MXN,2019-11-14,19.2178,1,1,SF60653,2026-07-01 0:00
M,USD,MXN,2019-11-15,19.4543,1,1,SF60653,2026-07-01 0:00
M,USD,MXN,2019-11-16,19.4228,1,1,SF60653,2026-07-01 0:00
M,USD,MXN,2019-11-17,19.4228,1,1,SF60653,2026-07-01 0:00
M,USD,MXN,2019-11-18,19.4228,1,1,SF60653,2026-07-01 0:00
M,USD,MXN,2019-11-19,19.4228,1,1,SF60653,2026-07-01 0:00
M,USD,MXN,2019-11-20,19.2063,1,1,SF60653,2026-07-01 0:00
M,USD,MXN,2019-11-21,19.3687,1,1,SF60653,2026-07-01 0:00
M,USD,MXN,2019-11-22,19.48,1,1,SF60653,2026-07-01 0:00
M,USD,MXN,2019-11-23,19.4138,1,1,SF60653,2026-07-01 0:00
M,USD,MXN,2019-11-24,19.4138,1,1,SF60653,2026-07-01 0:00
M,USD,MXN,2019-11-25,19.4138,1,1,SF60653,2026-07-01 0:00
M,USD,MXN,2019-11-26,19.3987,1,1,SF60653,2026-07-01 0:00
M,USD,MXN,2019-11-27,19.4468,1,1,SF60653,2026-07-01 0:00
M,USD,MXN,2019-11-28,19.5185,1,1,SF60653,2026-07-01 0:00
M,USD,MXN,2019-11-29,19.5607,1,1,SF60653,2026-07-01 0:00
M,USD,MXN,2019-11-30,19.6113,1,1,SF60653,2026-07-01 0:00
M,USD,MXN,2019-12-01,19.6113,1,1,SF60653,2026-07-01 0:00
M,USD,MXN,2019-12-02,19.6113,1,1,SF60653,2026-07-01 0:00
M,USD,MXN,2019-12-03,19.5352,1,1,SF60653,2026-07-01 0:00
M,USD,MXN,2019-12-04,19.5717,1,1,SF60653,2026-07-01 0:00
M,USD,MXN,2019-12-05,19.5678,1,1,SF60653,2026-07-01 0:00
M,USD,MXN,2019-12-06,19.4707,1,1,SF60653,2026-07-01 0:00
M,USD,MXN,2019-12-07,19.3688,1,1,SF60653,2026-07-01 0:00
M,USD,MXN,2019-12-08,19.3688,1,1,SF60653,2026-07-01 0:00
M,USD,MXN,2019-12-09,19.3688,1,1,SF60653,2026-07-01 0:00
M,USD,MXN,2019-12-10,19.3247,1,1,SF60653,2026-07-01 0:00
M,USD,MXN,2019-12-11,19.2302,1,1,SF60653,2026-07-01 0:00
M,USD,MXN,2019-12-12,19.2362,1,1,SF60653,2026-07-01 0:00
M,USD,MXN,2019-12-13,19.2362,1,1,SF60653,2026-07-01 0:00
M,USD,MXN,2019-12-14,19.1785,1,1,SF60653,2026-07-01 0:00
M,USD,MXN,2019-12-15,19.1785,1,1,SF60653,2026-07-01 0:00
M,USD,MXN,2019-12-16,19.1785,1,1,SF60653,2026-07-01 0:00
M,USD,MXN,2019-12-17,19.0455,1,1,SF60653,2026-07-01 0:00
M,USD,MXN,2019-12-18,18.9702,1,1,SF60653,2026-07-01 0:00
M,USD,MXN,2019-12-19,18.9165,1,1,SF60653,2026-07-01 0:00
M,USD,MXN,2019-12-20,18.9542,1,1,SF60653,2026-07-01 0:00
M,USD,MXN,2019-12-21,18.964,1,1,SF60653,2026-07-01 0:00
M,USD,MXN,2019-12-22,18.964,1,1,SF60653,2026-07-01 0:00
M,USD,MXN,2019-12-23,18.964,1,1,SF60653,2026-07-01 0:00
M,USD,MXN,2019-12-24,18.9133,1,1,SF60653,2026-07-01 0:00
M,USD,MXN,2019-12-25,18.9385,1,1,SF60653,2026-07-01 0:00
M,USD,MXN,2019-12-26,18.9385,1,1,SF60653,2026-07-01 0:00
M,USD,MXN,2019-12-27,18.9643,1,1,SF60653,2026-07-01 0:00
M,USD,MXN,2019-12-28,18.9445,1,1,SF60653,2026-07-01 0:00
M,USD,MXN,2019-12-29,18.9445,1,1,SF60653,2026-07-01 0:00
M,USD,MXN,2019-12-30,18.9445,1,1,SF60653,2026-07-01 0:00
M,USD,MXN,2019-12-31,18.8452,1,1,SF60653,2026-07-01 0:00
M,USD,MXN,2020-01-01,18.8727,1,1,SF60653,2026-07-01 0:00
M,USD,MXN,2020-01-02,18.8727,1,1,SF60653,2026-07-01 0:00
M,USD,MXN,2020-01-03,18.8642,1,1,SF60653,2026-07-01 0:00
M,USD,MXN,2020-01-04,18.8817,1,1,SF60653,2026-07-01 0:00
M,USD,MXN,2020-01-05,18.8817,1,1,SF60653,2026-07-01 0:00
M,USD,MXN,2020-01-06,18.8817,1,1,SF60653,2026-07-01 0:00
M,USD,MXN,2020-01-07,18.8673,1,1,SF60653,2026-07-01 0:00
M,USD,MXN,2020-01-08,18.827,1,1,SF60653,2026-07-01 0:00
M,USD,MXN,2020-01-09,18.8852,1,1,SF60653,2026-07-01 0:00
M,USD,MXN,2020-01-10,18.798,1,1,SF60653,2026-07-01 0:00
M,USD,MXN,2020-01-11,18.8453,1,1,SF60653,2026-07-01 0:00
M,USD,MXN,2020-01-12,18.8453,1,1,SF60653,2026-07-01 0:00
M,USD,MXN,2020-01-13,18.8453,1,1,SF60653,2026-07-01 0:00
M,USD,MXN,2020-01-14,18.7732,1,1,SF60653,2026-07-01 0:00
M,USD,MXN,2020-01-15,18.8215,1,1,SF60653,2026-07-01 0:00
M,USD,MXN,2020-01-16,18.812,1,1,SF60653,2026-07-01 0:00
M,USD,MXN,2020-01-17,18.8077,1,1,SF60653,2026-07-01 0:00
M,USD,MXN,2020-01-18,18.793,1,1,SF60653,2026-07-01 0:00
M,USD,MXN,2020-01-19,18.793,1,1,SF60653,2026-07-01 0:00
M,USD,MXN,2020-01-20,18.793,1,1,SF60653,2026-07-01 0:00
M,USD,MXN,2020-01-21,18.7388,1,1,SF60653,2026-07-01 0:00
M,USD,MXN,2020-01-22,18.6725,1,1,SF60653,2026-07-01 0:00
M,USD,MXN,2020-01-23,18.7007,1,1,SF60653,2026-07-01 0:00
M,USD,MXN,2020-01-24,18.6883,1,1,SF60653,2026-07-01 0:00
M,USD,MXN,2020-01-25,18.8018,1,1,SF60653,2026-07-01 0:00
M,USD,MXN,2020-01-26,18.8018,1,1,SF60653,2026-07-01 0:00
M,USD,MXN,2020-01-27,18.8018,1,1,SF60653,2026-07-01 0:00
M,USD,MXN,2020-01-28,18.8313,1,1,SF60653,2026-07-01 0:00
M,USD,MXN,2020-01-29,18.9407,1,1,SF60653,2026-07-01 0:00
M,USD,MXN,2020-01-30,18.8022,1,1,SF60653,2026-07-01 0:00
M,USD,MXN,2020-01-31,18.7067,1,1,SF60653,2026-07-01 0:00
M,USD,MXN,2020-02-01,18.7853,1,1,SF60653,2026-07-01 0:00
M,USD,MXN,2020-02-02,18.7853,1,1,SF60653,2026-07-01 0:00
M,USD,MXN,2020-02-03,18.7853,1,1,SF60653,2026-07-01 0:00
M,USD,MXN,2020-02-04,18.7853,1,1,SF60653,2026-07-01 0:00
M,USD,MXN,2020-02-05,18.9082,1,1,SF60653,2026-07-01 0:00
M,USD,MXN,2020-02-06,18.6797,1,1,SF60653,2026-07-01 0:00
M,USD,MXN,2020-02-07,18.6245,1,1,SF60653,2026-07-01 0:00
M,USD,MXN,2020-02-08,18.6645,1,1,SF60653,2026-07-01 0:00
M,USD,MXN,2020-02-09,18.6645,1,1,SF60653,2026-07-01 0:00
M,USD,MXN,2020-02-10,18.6645,1,1,SF60653,2026-07-01 0:00
M,USD,MXN,2020-02-11,18.7763,1,1,SF60653,2026-07-01 0:00
M,USD,MXN,2020-02-12,18.7653,1,1,SF60653,2026-07-01 0:00
M,USD,MXN,2020-02-13,18.674,1,1,SF60653,2026-07-01 0:00
M,USD,MXN,2020-02-14,18.6308,1,1,SF60653,2026-07-01 0:00
M,USD,MXN,2020-02-15,18.6458,1,1,SF60653,2026-07-01 0:00
M,USD,MXN,2020-02-16,18.6458,1,1,SF60653,2026-07-01 0:00
M,USD,MXN,2020-02-17,18.6458,1,1,SF60653,2026-07-01 0:00
M,USD,MXN,2020-02-18,18.5712,1,1,SF60653,2026-07-01 0:00
M,USD,MXN,2020-02-19,18.5715,1,1,SF60653,2026-07-01 0:00
M,USD,MXN,2020-02-20,18.5952,1,1,SF60653,2026-07-01 0:00
M,USD,MXN,2020-02-21,18.591,1,1,SF60653,2026-07-01 0:00
M,USD,MXN,2020-02-22,18.7992,1,1,SF60653,2026-07-01 0:00
M,USD,MXN,2020-02-23,18.7992,1,1,SF60653,2026-07-01 0:00
M,USD,MXN,2020-02-24,18.7992,1,1,SF60653,2026-07-01 0:00
M,USD,MXN,2020-02-25,18.9138,1,1,SF60653,2026-07-01 0:00
M,USD,MXN,2020-02-26,19.1197,1,1,SF60653,2026-07-01 0:00
M,USD,MXN,2020-02-27,19.0878,1,1,SF60653,2026-07-01 0:00
M,USD,MXN,2020-02-28,19.1585,1,1,SF60653,2026-07-01 0:00
M,USD,MXN,2020-02-29,19.3973,1,1,SF60653,2026-07-01 0:00
M,USD,MXN,2020-03-01,19.3973,1,1,SF60653,2026-07-01 0:00
M,USD,MXN,2020-03-02,19.3973,1,1,SF60653,2026-07-01 0:00
M,USD,MXN,2020-03-03,19.776,1,1,SF60653,2026-07-01 0:00
M,USD,MXN,2020-03-04,19.6985,1,1,SF60653,2026-07-01 0:00
M,USD,MXN,2020-03-05,19.2837,1,1,SF60653,2026-07-01 0:00
M,USD,MXN,2020-03-06,19.5335,1,1,SF60653,2026-07-01 0:00
M,USD,MXN,2020-03-07,19.8095,1,1,SF60653,2026-07-01 0:00
M,USD,MXN,2020-03-08,19.8095,1,1,SF60653,2026-07-01 0:00
M,USD,MXN,2020-03-09,19.8095,1,1,SF60653,2026-07-01 0:00
M,USD,MXN,2020-03-10,20.1623,1,1,SF60653,2026-07-01 0:00
M,USD,MXN,2020-03-11,21.1117,1,1,SF60653,2026-07-01 0:00
M,USD,MXN,2020-03-12,21.0267,1,1,SF60653,2026-07-01 0:00
M,USD,MXN,2020-03-13,21.213,1,1,SF60653,2026-07-01 0:00
M,USD,MXN,2020-03-14,22.1518,1,1,SF60653,2026-07-01 0:00
M,USD,MXN,2020-03-15,22.1518,1,1,SF60653,2026-07-01 0:00
M,USD,MXN,2020-03-16,22.1518,1,1,SF60653,2026-07-01 0:00
M,USD,MXN,2020-03-17,22.1518,1,1,SF60653,2026-07-01 0:00
M,USD,MXN,2020-03-18,21.9288,1,1,SF60653,2026-07-01 0:00
M,USD,MXN,2020-03-19,23.0573,1,1,SF60653,2026-07-01 0:00
M,USD,MXN,2020-03-20,23.9008,1,1,SF60653,2026-07-01 0:00
M,USD,MXN,2020-03-21,24.0868,1,1,SF60653,2026-07-01 0:00
M,USD,MXN,2020-03-22,24.0868,1,1,SF60653,2026-07-01 0:00
M,USD,MXN,2020-03-23,24.0868,1,1,SF60653,2026-07-01 0:00
M,USD,MXN,2020-03-24,24.1113,1,1,SF60653,2026-07-01 0:00
M,USD,MXN,2020-03-25,25.0782,1,1,SF60653,2026-07-01 0:00
M,USD,MXN,2020-03-26,25.1185,1,1,SF60653,2026-07-01 0:00
M,USD,MXN,2020-03-27,24.2948,1,1,SF60653,2026-07-01 0:00
M,USD,MXN,2020-03-28,23.097,1,1,SF60653,2026-07-01 0:00
M,USD,MXN,2020-03-29,23.097,1,1,SF60653,2026-07-01 0:00
M,USD,MXN,2020-03-30,23.097,1,1,SF60653,2026-07-01 0:00
M,USD,MXN,2020-03-31,23.5122,1,1,SF60653,2026-07-01 0:00
M,USD,MXN,2020-04-01,24.2853,1,1,SF60653,2026-07-01 0:00
M,USD,MXN,2020-04-02,23.4847,1,1,SF60653,2026-07-01 0:00
M,USD,MXN,2020-04-03,24.4918,1,1,SF60653,2026-07-01 0:00
M,USD,MXN,2020-04-04,24.1087,1,1,SF60653,2026-07-01 0:00
M,USD,MXN,2020-04-05,24.1087,1,1,SF60653,2026-07-01 0:00
M,USD,MXN,2020-04-06,24.1087,1,1,SF60653,2026-07-01 0:00
M,USD,MXN,2020-04-07,24.6938,1,1,SF60653,2026-07-01 0:00
M,USD,MXN,2020-04-08,24.6895,1,1,SF60653,2026-07-01 0:00
M,USD,MXN,2020-04-09,24.0388,1,1,SF60653,2026-07-01 0:00
M,USD,MXN,2020-04-10,24.0388,1,1,SF60653,2026-07-01 0:00
M,USD,MXN,2020-04-11,24.0388,1,1,SF60653,2026-07-01 0:00
M,USD,MXN,2020-04-12,24.0388,1,1,SF60653,2026-07-01 0:00
M,USD,MXN,2020-04-13,24.0388,1,1,SF60653,2026-07-01 0:00
M,USD,MXN,2020-04-14,24.0925,1,1,SF60653,2026-07-01 0:00
M,USD,MXN,2020-04-15,23.7427,1,1,SF60653,2026-07-01 0:00
M,USD,MXN,2020-04-16,23.5645,1,1,SF60653,2026-07-01 0:00
M,USD,MXN,2020-04-17,24.1155,1,1,SF60653,2026-07-01 0:00
M,USD,MXN,2020-04-18,24.2098,1,1,SF60653,2026-07-01 0:00
M,USD,MXN,2020-04-19,24.2098,1,1,SF60653,2026-07-01 0:00
M,USD,MXN,2020-04-20,24.2098,1,1,SF60653,2026-07-01 0:00
M,USD,MXN,2020-04-21,23.9012,1,1,SF60653,2026-07-01 0:00
M,USD,MXN,2020-04-22,24.0077,1,1,SF60653,2026-07-01 0:00
M,USD,MXN,2020-04-23,24.4248,1,1,SF60653,2026-07-01 0:00
M,USD,MXN,2020-04-24,24.5883,1,1,SF60653,2026-07-01 0:00
M,USD,MXN,2020-04-25,24.623,1,1,SF60653,2026-07-01 0:00
M,USD,MXN,2020-04-26,24.623,1,1,SF60653,2026-07-01 0:00
M,USD,MXN,2020-04-27,24.623,1,1,SF60653,2026-07-01 0:00
M,USD,MXN,2020-04-28,24.8583,1,1,SF60653,2026-07-01 0:00
M,USD,MXN,2020-04-29,24.8492,1,1,SF60653,2026-07-01 0:00
M,USD,MXN,2020-04-30,24.3882,1,1,SF60653,2026-07-01 0:00
M,USD,MXN,2020-05-01,24.0002,1,1,SF60653,2026-07-01 0:00
M,USD,MXN,2020-05-02,24.0002,1,1,SF60653,2026-07-01 0:00
M,USD,MXN,2020-05-03,24.0002,1,1,SF60653,2026-07-01 0:00
M,USD,MXN,2020-05-04,24.0002,1,1,SF60653,2026-07-01 0:00
M,USD,MXN,2020-05-05,23.9283,1,1,SF60653,2026-07-01 0:00
M,USD,MXN,2020-05-06,24.3812,1,1,SF60653,2026-07-01 0:00
M,USD,MXN,2020-05-07,23.8343,1,1,SF60653,2026-07-01 0:00
M,USD,MXN,2020-05-08,24.2942,1,1,SF60653,2026-07-01 0:00
M,USD,MXN,2020-05-09,24.0563,1,1,SF60653,2026-07-01 0:00
M,USD,MXN,2020-05-10,24.0563,1,1,SF60653,2026-07-01 0:00
M,USD,MXN,2020-05-11,24.0563,1,1,SF60653,2026-07-01 0:00
M,USD,MXN,2020-05-12,23.6805,1,1,SF60653,2026-07-01 0:00
M,USD,MXN,2020-05-13,23.8693,1,1,SF60653,2026-07-01 0:00
M,USD,MXN,2020-05-14,24.0487,1,1,SF60653,2026-07-01 0:00
M,USD,MXN,2020-05-15,24.2113,1,1,SF60653,2026-07-01 0:00
M,USD,MXN,2020-05-16,24.2708,1,1,SF60653,2026-07-01 0:00
M,USD,MXN,2020-05-17,24.2708,1,1,SF60653,2026-07-01 0:00
M,USD,MXN,2020-05-18,24.2708,1,1,SF60653,2026-07-01 0:00
M,USD,MXN,2020-05-19,23.958,1,1,SF60653,2026-07-01 0:00
M,USD,MXN,2020-05-20,23.6032,1,1,SF60653,2026-07-01 0:00
M,USD,MXN,2020-05-21,23.6023,1,1,SF60653,2026-07-01 0:00
M,USD,MXN,2020-05-22,23.2962,1,1,SF60653,2026-07-01 0:00
M,USD,MXN,2020-05-23,22.96,1,1,SF60653,2026-07-01 0:00
M,USD,MXN,2020-05-24,22.96,1,1,SF60653,2026-07-01 0:00
M,USD,MXN,2020-05-25,22.96,1,1,SF60653,2026-07-01 0:00
M,USD,MXN,2020-05-26,22.7928,1,1,SF60653,2026-07-01 0:00
M,USD,MXN,2020-05-27,22.563,1,1,SF60653,2026-07-01 0:00
M,USD,MXN,2020-05-28,22.2932,1,1,SF60653,2026-07-01 0:00
M,USD,MXN,2020-05-29,22.3633,1,1,SF60653,2026-07-01 0:00
M,USD,MXN,2020-05-30,22.204,1,1,SF60653,2026-07-01 0:00
M,USD,MXN,2020-05-31,22.204,1,1,SF60653,2026-07-01 0:00
M,USD,MXN,2020-06-01,22.204,1,1,SF60653,2026-07-01 0:00
M,USD,MXN,2020-06-02,22.1778,1,1,SF60653,2026-07-01 0:00
M,USD,MXN,2020-06-03,22.0168,1,1,SF60653,2026-07-01 0:00
M,USD,MXN,2020-06-04,21.6827,1,1,SF60653,2026-07-01 0:00
M,USD,MXN,2020-06-05,21.6043,1,1,SF60653,2026-07-01 0:00
M,USD,MXN,2020-06-06,21.8388,1,1,SF60653,2026-07-01 0:00
M,USD,MXN,2020-06-07,21.8388,1,1,SF60653,2026-07-01 0:00
M,USD,MXN,2020-06-08,21.8388,1,1,SF60653,2026-07-01 0:00
M,USD,MXN,2020-06-09,21.5837,1,1,SF60653,2026-07-01 0:00
M,USD,MXN,2020-06-10,21.6552,1,1,SF60653,2026-07-01 0:00
M,USD,MXN,2020-06-11,21.7252,1,1,SF60653,2026-07-01 0:00
M,USD,MXN,2020-06-12,21.923,1,1,SF60653,2026-07-01 0:00
M,USD,MXN,2020-06-13,22.4252,1,1,SF60653,2026-07-01 0:00
M,USD,MXN,2020-06-14,22.4252,1,1,SF60653,2026-07-01 0:00
M,USD,MXN,2020-06-15,22.4252,1,1,SF60653,2026-07-01 0:00
M,USD,MXN,2020-06-16,22.3347,1,1,SF60653,2026-07-01 0:00
M,USD,MXN,2020-06-17,22.5435,1,1,SF60653,2026-07-01 0:00
M,USD,MXN,2020-06-18,22.2168,1,1,SF60653,2026-07-01 0:00
M,USD,MXN,2020-06-19,22.2783,1,1,SF60653,2026-07-01 0:00
M,USD,MXN,2020-06-20,22.6088,1,1,SF60653,2026-07-01 0:00
M,USD,MXN,2020-06-21,22.6088,1,1,SF60653,2026-07-01 0:00
M,USD,MXN,2020-06-22,22.6088,1,1,SF60653,2026-07-01 0:00
M,USD,MXN,2020-06-23,22.63,1,1,SF60653,2026-07-01 0:00
M,USD,MXN,2020-06-24,22.4413,1,1,SF60653,2026-07-01 0:00
M,USD,MXN,2020-06-25,22.413,1,1,SF60653,2026-07-01 0:00
M,USD,MXN,2020-06-26,22.6662,1,1,SF60653,2026-07-01 0:00
M,USD,MXN,2020-06-27,22.7963,1,1,SF60653,2026-07-01 0:00
M,USD,MXN,2020-06-28,22.7963,1,1,SF60653,2026-07-01 0:00
M,USD,MXN,2020-06-29,22.7963,1,1,SF60653,2026-07-01 0:00
M,USD,MXN,2020-06-30,22.9715,1,1,SF60653,2026-07-01 0:00
M,USD,MXN,2020-07-01,23.1325,1,1,SF60653,2026-07-01 0:00
M,USD,MXN,2020-07-02,23.0893,1,1,SF60653,2026-07-01 0:00
M,USD,MXN,2020-07-03,22.8078,1,1,SF60653,2026-07-01 0:00
M,USD,MXN,2020-07-04,22.5225,1,1,SF60653,2026-07-01 0:00
M,USD,MXN,2020-07-05,22.5225,1,1,SF60653,2026-07-01 0:00
M,USD,MXN,2020-07-06,22.5225,1,1,SF60653,2026-07-01 0:00
M,USD,MXN,2020-07-07,22.4147,1,1,SF60653,2026-07-01 0:00
M,USD,MXN,2020-07-08,22.2808,1,1,SF60653,2026-07-01 0:00
M,USD,MXN,2020-07-09,22.6213,1,1,SF60653,2026-07-01 0:00
M,USD,MXN,2020-07-10,22.8225,1,1,SF60653,2026-07-01 0:00
M,USD,MXN,2020-07-11,22.6945,1,1,SF60653,2026-07-01 0:00
M,USD,MXN,2020-07-12,22.6945,1,1,SF60653,2026-07-01 0:00
M,USD,MXN,2020-07-13,22.6945,1,1,SF60653,2026-07-01 0:00
M,USD,MXN,2020-07-14,22.5342,1,1,SF60653,2026-07-01 0:00
M,USD,MXN,2020-07-15,22.4633,1,1,SF60653,2026-07-01 0:00
M,USD,MXN,2020-07-16,22.6173,1,1,SF60653,2026-07-01 0:00
M,USD,MXN,2020-07-17,22.3647,1,1,SF60653,2026-07-01 0:00
M,USD,MXN,2020-07-18,22.3032,1,1,SF60653,2026-07-01 0:00
M,USD,MXN,2020-07-19,22.3032,1,1,SF60653,2026-07-01 0:00
M,USD,MXN,2020-07-20,22.3032,1,1,SF60653,2026-07-01 0:00
M,USD,MXN,2020-07-21,22.4897,1,1,SF60653,2026-07-01 0:00
M,USD,MXN,2020-07-22,22.6278,1,1,SF60653,2026-07-01 0:00
M,USD,MXN,2020-07-23,22.3597,1,1,SF60653,2026-07-01 0:00
M,USD,MXN,2020-07-24,22.251,1,1,SF60653,2026-07-01 0:00
M,USD,MXN,2020-07-25,22.3627,1,1,SF60653,2026-07-01 0:00
M,USD,MXN,2020-07-26,22.3627,1,1,SF60653,2026-07-01 0:00
M,USD,MXN,2020-07-27,22.3627,1,1,SF60653,2026-07-01 0:00
M,USD,MXN,2020-07-28,22.3842,1,1,SF60653,2026-07-01 0:00
M,USD,MXN,2020-07-29,22.0275,1,1,SF60653,2026-07-01 0:00
M,USD,MXN,2020-07-30,21.9615,1,1,SF60653,2026-07-01 0:00
M,USD,MXN,2020-07-31,21.9907,1,1,SF60653,2026-07-01 0:00
M,USD,MXN,2020-08-01,22.1727,1,1,SF60653,2026-07-01 0:00
M,USD,MXN,2020-08-02,22.1727,1,1,SF60653,2026-07-01 0:00
M,USD,MXN,2020-08-03,22.1727,1,1,SF60653,2026-07-01 0:00
M,USD,MXN,2020-08-04,22.2012,1,1,SF60653,2026-07-01 0:00
M,USD,MXN,2020-08-05,22.614,1,1,SF60653,2026-07-01 0:00
M,USD,MXN,2020-08-06,22.7845,1,1,SF60653,2026-07-01 0:00
M,USD,MXN,2020-08-07,22.4068,1,1,SF60653,2026-07-01 0:00
M,USD,MXN,2020-08-08,22.3652,1,1,SF60653,2026-07-01 0:00
M,USD,MXN,2020-08-09,22.3652,1,1,SF60653,2026-07-01 0:00
M,USD,MXN,2020-08-10,22.3652,1,1,SF60653,2026-07-01 0:00
M,USD,MXN,2020-08-11,22.4892,1,1,SF60653,2026-07-01 0:00
M,USD,MXN,2020-08-12,22.485,1,1,SF60653,2026-07-01 0:00
M,USD,MXN,2020-08-13,22.349,1,1,SF60653,2026-07-01 0:00
M,USD,MXN,2020-08-14,22.3457,1,1,SF60653,2026-07-01 0:00
M,USD,MXN,2020-08-15,22.2628,1,1,SF60653,2026-07-01 0:00
M,USD,MXN,2020-08-16,22.2628,1,1,SF60653,2026-07-01 0:00
M,USD,MXN,2020-08-17,22.2628,1,1,SF60653,2026-07-01 0:00
M,USD,MXN,2020-08-18,22.0313,1,1,SF60653,2026-07-01 0:00
M,USD,MXN,2020-08-19,22.057,1,1,SF60653,2026-07-01 0:00
M,USD,MXN,2020-08-20,22.1535,1,1,SF60653,2026-07-01 0:00
M,USD,MXN,2020-08-21,22.0527,1,1,SF60653,2026-07-01 0:00
M,USD,MXN,2020-08-22,22.176,1,1,SF60653,2026-07-01 0:00
M,USD,MXN,2020-08-23,22.176,1,1,SF60653,2026-07-01 0:00
M,USD,MXN,2020-08-24,22.176,1,1,SF60653,2026-07-01 0:00
M,USD,MXN,2020-08-25,22.0362,1,1,SF60653,2026-07-01 0:00
M,USD,MXN,2020-08-26,21.984,1,1,SF60653,2026-07-01 0:00
M,USD,MXN,2020-08-27,21.9723,1,1,SF60653,2026-07-01 0:00
M,USD,MXN,2020-08-28,21.9202,1,1,SF60653,2026-07-01 0:00
M,USD,MXN,2020-08-29,22.1168,1,1,SF60653,2026-07-01 0:00
M,USD,MXN,2020-08-30,22.1168,1,1,SF60653,2026-07-01 0:00
M,USD,MXN,2020-08-31,22.1168,1,1,SF60653,2026-07-01 0:00
M,USD,MXN,2020-09-01,21.8602,1,1,SF60653,2026-07-01 0:00
M,USD,MXN,2020-09-02,21.888,1,1,SF60653,2026-07-01 0:00
M,USD,MXN,2020-09-03,21.7445,1,1,SF60653,2026-07-01 0:00
M,USD,MXN,2020-09-04,21.8393,1,1,SF60653,2026-07-01 0:00
M,USD,MXN,2020-09-05,21.6383,1,1,SF60653,2026-07-01 0:00
M,USD,MXN,2020-09-06,21.6383,1,1,SF60653,2026-07-01 0:00
M,USD,MXN,2020-09-07,21.6383,1,1,SF60653,2026-07-01 0:00
M,USD,MXN,2020-09-08,21.6115,1,1,SF60653,2026-07-01 0:00
M,USD,MXN,2020-09-09,21.5887,1,1,SF60653,2026-07-01 0:00
M,USD,MXN,2020-09-10,21.7138,1,1,SF60653,2026-07-01 0:00
M,USD,MXN,2020-09-11,21.5377,1,1,SF60653,2026-07-01 0:00
M,USD,MXN,2020-09-12,21.2773,1,1,SF60653,2026-07-01 0:00
M,USD,MXN,2020-09-13,21.2773,1,1,SF60653,2026-07-01 0:00
M,USD,MXN,2020-09-14,21.2773,1,1,SF60653,2026-07-01 0:00
M,USD,MXN,2020-09-15,21.321,1,1,SF60653,2026-07-01 0:00
M,USD,MXN,2020-09-16,21.0728,1,1,SF60653,2026-07-01 0:00
M,USD,MXN,2020-09-17,21.0728,1,1,SF60653,2026-07-01 0:00
M,USD,MXN,2020-09-18,21.0692,1,1,SF60653,2026-07-01 0:00
M,USD,MXN,2020-09-19,20.985,1,1,SF60653,2026-07-01 0:00
M,USD,MXN,2020-09-20,20.985,1,1,SF60653,2026-07-01 0:00
M,USD,MXN,2020-09-21,20.985,1,1,SF60653,2026-07-01 0:00
M,USD,MXN,2020-09-22,20.9697,1,1,SF60653,2026-07-01 0:00
M,USD,MXN,2020-09-23,21.505,1,1,SF60653,2026-07-01 0:00
M,USD,MXN,2020-09-24,21.5682,1,1,SF60653,2026-07-01 0:00
M,USD,MXN,2020-09-25,22.0897,1,1,SF60653,2026-07-01 0:00
M,USD,MXN,2020-09-26,22.3678,1,1,SF60653,2026-07-01 0:00
M,USD,MXN,2020-09-27,22.3678,1,1,SF60653,2026-07-01 0:00
M,USD,MXN,2020-09-28,22.3678,1,1,SF60653,2026-07-01 0:00
M,USD,MXN,2020-09-29,22.4402,1,1,SF60653,2026-07-01 0:00
M,USD,MXN,2020-09-30,22.4573,1,1,SF60653,2026-07-01 0:00
M,USD,MXN,2020-10-01,22.3598,1,1,SF60653,2026-07-01 0:00
M,USD,MXN,2020-10-02,22.1438,1,1,SF60653,2026-07-01 0:00
M,USD,MXN,2020-10-03,21.9562,1,1,SF60653,2026-07-01 0:00
M,USD,MXN,2020-10-04,21.9562,1,1,SF60653,2026-07-01 0:00
M,USD,MXN,2020-10-05,21.9562,1,1,SF60653,2026-07-01 0:00
M,USD,MXN,2020-10-06,21.7025,1,1,SF60653,2026-07-01 0:00
M,USD,MXN,2020-10-07,21.396,1,1,SF60653,2026-07-01 0:00
M,USD,MXN,2020-10-08,21.4507,1,1,SF60653,2026-07-01 0:00
M,USD,MXN,2020-10-09,21.493,1,1,SF60653,2026-07-01 0:00
M,USD,MXN,2020-10-10,21.4318,1,1,SF60653,2026-07-01 0:00
M,USD,MXN,2020-10-11,21.4318,1,1,SF60653,2026-07-01 0:00
M,USD,MXN,2020-10-12,21.4318,1,1,SF60653,2026-07-01 0:00
M,USD,MXN,2020-10-13,21.1822,1,1,SF60653,2026-07-01 0:00
M,USD,MXN,2020-10-14,21.2183,1,1,SF60653,2026-07-01 0:00
M,USD,MXN,2020-10-15,21.3677,1,1,SF60653,2026-07-01 0:00
M,USD,MXN,2020-10-16,21.2998,1,1,SF60653,2026-07-01 0:00
M,USD,MXN,2020-10-17,21.3832,1,1,SF60653,2026-07-01 0:00
M,USD,MXN,2020-10-18,21.3832,1,1,SF60653,2026-07-01 0:00
M,USD,MXN,2020-10-19,21.3832,1,1,SF60653,2026-07-01 0:00
M,USD,MXN,2020-10-20,21.1765,1,1,SF60653,2026-07-01 0:00
M,USD,MXN,2020-10-21,21.1342,1,1,SF60653,2026-07-01 0:00
M,USD,MXN,2020-10-22,21.0902,1,1,SF60653,2026-07-01 0:00
M,USD,MXN,2020-10-23,21.064,1,1,SF60653,2026-07-01 0:00
M,USD,MXN,2020-10-24,21.03,1,1,SF60653,2026-07-01 0:00
M,USD,MXN,2020-10-25,21.03,1,1,SF60653,2026-07-01 0:00
M,USD,MXN,2020-10-26,21.03,1,1,SF60653,2026-07-01 0:00
M,USD,MXN,2020-10-27,20.9205,1,1,SF60653,2026-07-01 0:00
M,USD,MXN,2020-10-28,20.9818,1,1,SF60653,2026-07-01 0:00
M,USD,MXN,2020-10-29,20.8798,1,1,SF60653,2026-07-01 0:00
M,USD,MXN,2020-10-30,21.1648,1,1,SF60653,2026-07-01 0:00
M,USD,MXN,2020-10-31,21.377,1,1,SF60653,2026-07-01 0:00
M,USD,MXN,2020-11-01,21.377,1,1,SF60653,2026-07-01 0:00
M,USD,MXN,2020-11-02,21.377,1,1,SF60653,2026-07-01 0:00
M,USD,MXN,2020-11-03,21.377,1,1,SF60653,2026-07-01 0:00
M,USD,MXN,2020-11-04,21.2508,1,1,SF60653,2026-07-01 0:00
M,USD,MXN,2020-11-05,21.1555,1,1,SF60653,2026-07-01 0:00
M,USD,MXN,2020-11-06,21.0345,1,1,SF60653,2026-07-01 0:00
M,USD,MXN,2020-11-07,20.7612,1,1,SF60653,2026-07-01 0:00
M,USD,MXN,2020-11-08,20.7612,1,1,SF60653,2026-07-01 0:00
M,USD,MXN,2020-11-09,20.7612,1,1,SF60653,2026-07-01 0:00
M,USD,MXN,2020-11-10,20.62,1,1,SF60653,2026-07-01 0:00
M,USD,MXN,2020-11-11,20.36,1,1,SF60653,2026-07-01 0:00
M,USD,MXN,2020-11-12,20.4018,1,1,SF60653,2026-07-01 0:00
M,USD,MXN,2020-11-13,20.5772,1,1,SF60653,2026-07-01 0:00
M,USD,MXN,2020-11-14,20.5303,1,1,SF60653,2026-07-01 0:00
M,USD,MXN,2020-11-15,20.5303,1,1,SF60653,2026-07-01 0:00
M,USD,MXN,2020-11-16,20.5303,1,1,SF60653,2026-07-01 0:00
M,USD,MXN,2020-11-17,20.5303,1,1,SF60653,2026-07-01 0:00
M,USD,MXN,2020-11-18,20.4833,1,1,SF60653,2026-07-01 0:00
M,USD,MXN,2020-11-19,20.3212,1,1,SF60653,2026-07-01 0:00
M,USD,MXN,2020-11-20,20.2388,1,1,SF60653,2026-07-01 0:00
M,USD,MXN,2020-11-21,20.1858,1,1,SF60653,2026-07-01 0:00
M,USD,MXN,2020-11-22,20.1858,1,1,SF60653,2026-07-01 0:00
M,USD,MXN,2020-11-23,20.1858,1,1,SF60653,2026-07-01 0:00
M,USD,MXN,2020-11-24,20.1172,1,1,SF60653,2026-07-01 0:00
M,USD,MXN,2020-11-25,20.1012,1,1,SF60653,2026-07-01 0:00
M,USD,MXN,2020-11-26,20.0577,1,1,SF60653,2026-07-01 0:00
M,USD,MXN,2020-11-27,20.0465,1,1,SF60653,2026-07-01 0:00
M,USD,MXN,2020-11-28,20.0467,1,1,SF60653,2026-07-01 0:00
M,USD,MXN,2020-11-29,20.0467,1,1,SF60653,2026-07-01 0:00
M,USD,MXN,2020-11-30,20.0467,1,1,SF60653,2026-07-01 0:00
M,USD,MXN,2020-12-01,20.0777,1,1,SF60653,2026-07-01 0:00
M,USD,MXN,2020-12-02,20.1398,1,1,SF60653,2026-07-01 0:00
M,USD,MXN,2020-12-03,20.0508,1,1,SF60653,2026-07-01 0:00
M,USD,MXN,2020-12-04,20.0497,1,1,SF60653,2026-07-01 0:00
M,USD,MXN,2020-12-05,19.9083,1,1,SF60653,2026-07-01 0:00
M,USD,MXN,2020-12-06,19.9083,1,1,SF60653,2026-07-01 0:00
M,USD,MXN,2020-12-07,19.9083,1,1,SF60653,2026-07-01 0:00
M,USD,MXN,2020-12-08,19.7838,1,1,SF60653,2026-07-01 0:00
M,USD,MXN,2020-12-09,19.8213,1,1,SF60653,2026-07-01 0:00
M,USD,MXN,2020-12-10,19.7537,1,1,SF60653,2026-07-01 0:00
M,USD,MXN,2020-12-11,19.8368,1,1,SF60653,2026-07-01 0:00
M,USD,MXN,2020-12-12,19.9572,1,1,SF60653,2026-07-01 0:00
M,USD,MXN,2020-12-13,19.9572,1,1,SF60653,2026-07-01 0:00
M,USD,MXN,2020-12-14,19.9572,1,1,SF60653,2026-07-01 0:00
M,USD,MXN,2020-12-15,20.1075,1,1,SF60653,2026-07-01 0:00
M,USD,MXN,2020-12-16,20.1778,1,1,SF60653,2026-07-01 0:00
M,USD,MXN,2020-12-17,20.1113,1,1,SF60653,2026-07-01 0:00
M,USD,MXN,2020-12-18,19.9513,1,1,SF60653,2026-07-01 0:00
M,USD,MXN,2020-12-19,19.8173,1,1,SF60653,2026-07-01 0:00
M,USD,MXN,2020-12-20,19.8173,1,1,SF60653,2026-07-01 0:00
M,USD,MXN,2020-12-21,19.8173,1,1,SF60653,2026-07-01 0:00
M,USD,MXN,2020-12-22,19.9487,1,1,SF60653,2026-07-01 0:00
M,USD,MXN,2020-12-23,20.0905,1,1,SF60653,2026-07-01 0:00
M,USD,MXN,2020-12-24,20.0562,1,1,SF60653,2026-07-01 0:00
M,USD,MXN,2020-12-25,20.1175,1,1,SF60653,2026-07-01 0:00
M,USD,MXN,2020-12-26,20.1175,1,1,SF60653,2026-07-01 0:00
M,USD,MXN,2020-12-27,20.1175,1,1,SF60653,2026-07-01 0:00
M,USD,MXN,2020-12-28,20.1175,1,1,SF60653,2026-07-01 0:00
M,USD,MXN,2020-12-29,19.8517,1,1,SF60653,2026-07-01 0:00
M,USD,MXN,2020-12-30,20.0477,1,1,SF60653,2026-07-01 0:00
M,USD,MXN,2020-12-31,19.9487,1,1,SF60653,2026-07-01 0:00
M,USD,MXN,2021-01-01,19.9352,1,1,SF60653,2026-07-01 0:00
M,USD,MXN,2021-01-02,19.9352,1,1,SF60653,2026-07-01 0:00
M,USD,MXN,2021-01-03,19.9352,1,1,SF60653,2026-07-01 0:00
M,USD,MXN,2021-01-04,19.9352,1,1,SF60653,2026-07-01 0:00
M,USD,MXN,2021-01-05,19.9087,1,1,SF60653,2026-07-01 0:00
M,USD,MXN,2021-01-06,19.8457,1,1,SF60653,2026-07-01 0:00
M,USD,MXN,2021-01-07,19.9437,1,1,SF60653,2026-07-01 0:00
M,USD,MXN,2021-01-08,19.725,1,1,SF60653,2026-07-01 0:00
M,USD,MXN,2021-01-09,19.91,1,1,SF60653,2026-07-01 0:00
M,USD,MXN,2021-01-10,19.91,1,1,SF60653,2026-07-01 0:00
M,USD,MXN,2021-01-11,19.91,1,1,SF60653,2026-07-01 0:00
M,USD,MXN,2021-01-12,19.9705,1,1,SF60653,2026-07-01 0:00
M,USD,MXN,2021-01-13,20.113,1,1,SF60653,2026-07-01 0:00
M,USD,MXN,2021-01-14,19.9373,1,1,SF60653,2026-07-01 0:00
M,USD,MXN,2021-01-15,19.7935,1,1,SF60653,2026-07-01 0:00
M,USD,MXN,2021-01-16,19.7793,1,1,SF60653,2026-07-01 0:00
M,USD,MXN,2021-01-17,19.7793,1,1,SF60653,2026-07-01 0:00
M,USD,MXN,2021-01-18,19.7793,1,1,SF60653,2026-07-01 0:00
M,USD,MXN,2021-01-19,19.7875,1,1,SF60653,2026-07-01 0:00
M,USD,MXN,2021-01-20,19.757,1,1,SF60653,2026-07-01 0:00
M,USD,MXN,2021-01-21,19.6788,1,1,SF60653,2026-07-01 0:00
M,USD,MXN,2021-01-22,19.5793,1,1,SF60653,2026-07-01 0:00
M,USD,MXN,2021-01-23,19.7393,1,1,SF60653,2026-07-01 0:00
M,USD,MXN,2021-01-24,19.7393,1,1,SF60653,2026-07-01 0:00
M,USD,MXN,2021-01-25,19.7393,1,1,SF60653,2026-07-01 0:00
M,USD,MXN,2021-01-26,19.9833,1,1,SF60653,2026-07-01 0:00
M,USD,MXN,2021-01-27,20.1598,1,1,SF60653,2026-07-01 0:00
M,USD,MXN,2021-01-28,20.0152,1,1,SF60653,2026-07-01 0:00
M,USD,MXN,2021-01-29,20.2168,1,1,SF60653,2026-07-01 0:00
M,USD,MXN,2021-01-30,20.2697,1,1,SF60653,2026-07-01 0:00
M,USD,MXN,2021-01-31,20.2697,1,1,SF60653,2026-07-01 0:00
M,USD,MXN,2021-02-01,20.2697,1,1,SF60653,2026-07-01 0:00
M,USD,MXN,2021-02-02,20.2697,1,1,SF60653,2026-07-01 0:00
M,USD,MXN,2021-02-03,20.2248,1,1,SF60653,2026-07-01 0:00
M,USD,MXN,2021-02-04,20.1722,1,1,SF60653,2026-07-01 0:00
M,USD,MXN,2021-02-05,20.1953,1,1,SF60653,2026-07-01 0:00
M,USD,MXN,2021-02-06,20.4435,1,1,SF60653,2026-07-01 0:00
M,USD,MXN,2021-02-07,20.4435,1,1,SF60653,2026-07-01 0:00
M,USD,MXN,2021-02-08,20.4435,1,1,SF60653,2026-07-01 0:00
M,USD,MXN,2021-02-09,20.1388,1,1,SF60653,2026-07-01 0:00
M,USD,MXN,2021-02-10,20.1227,1,1,SF60653,2026-07-01 0:00
M,USD,MXN,2021-02-11,20.0913,1,1,SF60653,2026-07-01 0:00
M,USD,MXN,2021-02-12,20.0588,1,1,SF60653,2026-07-01 0:00
M,USD,MXN,2021-02-13,19.9535,1,1,SF60653,2026-07-01 0:00
M,USD,MXN,2021-02-14,19.9535,1,1,SF60653,2026-07-01 0:00
M,USD,MXN,2021-02-15,19.9535,1,1,SF60653,2026-07-01 0:00
M,USD,MXN,2021-02-16,19.9622,1,1,SF60653,2026-07-01 0:00
M,USD,MXN,2021-02-17,19.9518,1,1,SF60653,2026-07-01 0:00
M,USD,MXN,2021-02-18,20.2023,1,1,SF60653,2026-07-01 0:00
M,USD,MXN,2021-02-19,20.2257,1,1,SF60653,2026-07-01 0:00
M,USD,MXN,2021-02-20,20.4165,1,1,SF60653,2026-07-01 0:00
M,USD,MXN,2021-02-21,20.4165,1,1,SF60653,2026-07-01 0:00
M,USD,MXN,2021-02-22,20.4165,1,1,SF60653,2026-07-01 0:00
M,USD,MXN,2021-02-23,20.4222,1,1,SF60653,2026-07-01 0:00
M,USD,MXN,2021-02-24,20.6783,1,1,SF60653,2026-07-01 0:00
M,USD,MXN,2021-02-25,20.5833,1,1,SF60653,2026-07-01 0:00
M,USD,MXN,2021-02-26,20.4752,1,1,SF60653,2026-07-01 0:00
M,USD,MXN,2021-02-27,20.8523,1,1,SF60653,2026-07-01 0:00
M,USD,MXN,2021-02-28,20.8523,1,1,SF60653,2026-07-01 0:00
M,USD,MXN,2021-03-01,20.8523,1,1,SF60653,2026-07-01 0:00
M,USD,MXN,2021-03-02,20.939,1,1,SF60653,2026-07-01 0:00
M,USD,MXN,2021-03-03,20.6123,1,1,SF60653,2026-07-01 0:00
M,USD,MXN,2021-03-04,20.6903,1,1,SF60653,2026-07-01 0:00
M,USD,MXN,2021-03-05,20.8957,1,1,SF60653,2026-07-01 0:00
M,USD,MXN,2021-03-06,20.8498,1,1,SF60653,2026-07-01 0:00
M,USD,MXN,2021-03-07,20.8498,1,1,SF60653,2026-07-01 0:00
M,USD,MXN,2021-03-08,20.8498,1,1,SF60653,2026-07-01 0:00
M,USD,MXN,2021-03-09,21.2635,1,1,SF60653,2026-07-01 0:00
M,USD,MXN,2021-03-10,21.4177,1,1,SF60653,2026-07-01 0:00
M,USD,MXN,2021-03-11,21.2575,1,1,SF60653,2026-07-01 0:00
M,USD,MXN,2021-03-12,20.9853,1,1,SF60653,2026-07-01 0:00
M,USD,MXN,2021-03-13,20.7133,1,1,SF60653,2026-07-01 0:00
M,USD,MXN,2021-03-14,20.7133,1,1,SF60653,2026-07-01 0:00
M,USD,MXN,2021-03-15,20.7133,1,1,SF60653,2026-07-01 0:00
M,USD,MXN,2021-03-16,20.7133,1,1,SF60653,2026-07-01 0:00
M,USD,MXN,2021-03-17,20.7637,1,1,SF60653,2026-07-01 0:00
M,USD,MXN,2021-03-18,20.5753,1,1,SF60653,2026-07-01 0:00
M,USD,MXN,2021-03-19,20.6828,1,1,SF60653,2026-07-01 0:00
M,USD,MXN,2021-03-20,20.4415,1,1,SF60653,2026-07-01 0:00
M,USD,MXN,2021-03-21,20.4415,1,1,SF60653,2026-07-01 0:00
M,USD,MXN,2021-03-22,20.4415,1,1,SF60653,2026-07-01 0:00
M,USD,MXN,2021-03-23,20.4823,1,1,SF60653,2026-07-01 0:00
M,USD,MXN,2021-03-24,20.5788,1,1,SF60653,2026-07-01 0:00
M,USD,MXN,2021-03-25,20.6408,1,1,SF60653,2026-07-01 0:00
M,USD,MXN,2021-03-26,20.7882,1,1,SF60653,2026-07-01 0:00
M,USD,MXN,2021-03-27,20.7662,1,1,SF60653,2026-07-01 0:00
M,USD,MXN,2021-03-28,20.7662,1,1,SF60653,2026-07-01 0:00
M,USD,MXN,2021-03-29,20.7662,1,1,SF60653,2026-07-01 0:00
M,USD,MXN,2021-03-30,20.5677,1,1,SF60653,2026-07-01 0:00
M,USD,MXN,2021-03-31,20.6047,1,1,SF60653,2026-07-01 0:00
M,USD,MXN,2021-04-01,20.6025,1,1,SF60653,2026-07-01 0:00
M,USD,MXN,2021-04-02,20.6025,1,1,SF60653,2026-07-01 0:00
M,USD,MXN,2021-04-03,20.6025,1,1,SF60653,2026-07-01 0:00
M,USD,MXN,2021-04-04,20.6025,1,1,SF60653,2026-07-01 0:00
M,USD,MXN,2021-04-05,20.6025,1,1,SF60653,2026-07-01 0:00
M,USD,MXN,2021-04-06,20.44,1,1,SF60653,2026-07-01 0:00
M,USD,MXN,2021-04-07,20.2483,1,1,SF60653,2026-07-01 0:00
M,USD,MXN,2021-04-08,20.1612,1,1,SF60653,2026-07-01 0:00
M,USD,MXN,2021-04-09,20.1765,1,1,SF60653,2026-07-01 0:00
M,USD,MXN,2021-04-10,20.089,1,1,SF60653,2026-07-01 0:00
M,USD,MXN,2021-04-11,20.089,1,1,SF60653,2026-07-01 0:00
M,USD,MXN,2021-04-12,20.089,1,1,SF60653,2026-07-01 0:00
M,USD,MXN,2021-04-13,20.163,1,1,SF60653,2026-07-01 0:00
M,USD,MXN,2021-04-14,20.095,1,1,SF60653,2026-07-01 0:00
M,USD,MXN,2021-04-15,20.0735,1,1,SF60653,2026-07-01 0:00
M,USD,MXN,2021-04-16,20.0583,1,1,SF60653,2026-07-01 0:00
M,USD,MXN,2021-04-17,19.927,1,1,SF60653,2026-07-01 0:00
M,USD,MXN,2021-04-18,19.927,1,1,SF60653,2026-07-01 0:00
M,USD,MXN,2021-04-19,19.927,1,1,SF60653,2026-07-01 0:00
M,USD,MXN,2021-04-20,19.9158,1,1,SF60653,2026-07-01 0:00
M,USD,MXN,2021-04-21,19.8145,1,1,SF60653,2026-07-01 0:00
M,USD,MXN,2021-04-22,19.8877,1,1,SF60653,2026-07-01 0:00
M,USD,MXN,2021-04-23,19.874,1,1,SF60653,2026-07-01 0:00
M,USD,MXN,2021-04-24,19.8865,1,1,SF60653,2026-07-01 0:00
M,USD,MXN,2021-04-25,19.8865,1,1,SF60653,2026-07-01 0:00
M,USD,MXN,2021-04-26,19.8865,1,1,SF60653,2026-07-01 0:00
M,USD,MXN,2021-04-27,19.8695,1,1,SF60653,2026-07-01 0:00
M,USD,MXN,2021-04-28,19.8362,1,1,SF60653,2026-07-01 0:00
M,USD,MXN,2021-04-29,19.9785,1,1,SF60653,2026-07-01 0:00
M,USD,MXN,2021-04-30,19.9712,1,1,SF60653,2026-07-01 0:00
M,USD,MXN,2021-05-01,20.0978,1,1,SF60653,2026-07-01 0:00
M,USD,MXN,2021-05-02,20.0978,1,1,SF60653,2026-07-01 0:00
M,USD,MXN,2021-05-03,20.0978,1,1,SF60653,2026-07-01 0:00
M,USD,MXN,2021-05-04,20.1822,1,1,SF60653,2026-07-01 0:00
M,USD,MXN,2021-05-05,20.1902,1,1,SF60653,2026-07-01 0:00
M,USD,MXN,2021-05-06,20.2235,1,1,SF60653,2026-07-01 0:00
M,USD,MXN,2021-05-07,20.2077,1,1,SF60653,2026-07-01 0:00
M,USD,MXN,2021-05-08,20.1838,1,1,SF60653,2026-07-01 0:00
M,USD,MXN,2021-05-09,20.1838,1,1,SF60653,2026-07-01 0:00
M,USD,MXN,2021-05-10,20.1838,1,1,SF60653,2026-07-01 0:00
M,USD,MXN,2021-05-11,19.9223,1,1,SF60653,2026-07-01 0:00
M,USD,MXN,2021-05-12,19.886,1,1,SF60653,2026-07-01 0:00
M,USD,MXN,2021-05-13,19.8848,1,1,SF60653,2026-07-01 0:00
M,USD,MXN,2021-05-14,20.094,1,1,SF60653,2026-07-01 0:00
M,USD,MXN,2021-05-15,20.0495,1,1,SF60653,2026-07-01 0:00
M,USD,MXN,2021-05-16,20.0495,1,1,SF60653,2026-07-01 0:00
M,USD,MXN,2021-05-17,20.0495,1,1,SF60653,2026-07-01 0:00
M,USD,MXN,2021-05-18,19.8487,1,1,SF60653,2026-07-01 0:00
M,USD,MXN,2021-05-19,19.8028,1,1,SF60653,2026-07-01 0:00
M,USD,MXN,2021-05-20,19.8313,1,1,SF60653,2026-07-01 0:00
M,USD,MXN,2021-05-21,19.8143,1,1,SF60653,2026-07-01 0:00
M,USD,MXN,2021-05-22,19.881,1,1,SF60653,2026-07-01 0:00
M,USD,MXN,2021-05-23,19.881,1,1,SF60653,2026-07-01 0:00
M,USD,MXN,2021-05-24,19.881,1,1,SF60653,2026-07-01 0:00
M,USD,MXN,2021-05-25,19.951,1,1,SF60653,2026-07-01 0:00
M,USD,MXN,2021-05-26,19.872,1,1,SF60653,2026-07-01 0:00
M,USD,MXN,2021-05-27,19.8903,1,1,SF60653,2026-07-01 0:00
M,USD,MXN,2021-05-28,19.8783,1,1,SF60653,2026-07-01 0:00
M,USD,MXN,2021-05-29,19.9487,1,1,SF60653,2026-07-01 0:00
M,USD,MXN,2021-05-30,19.9487,1,1,SF60653,2026-07-01 0:00
M,USD,MXN,2021-05-31,19.9487,1,1,SF60653,2026-07-01 0:00
M,USD,MXN,2021-06-01,19.9442,1,1,SF60653,2026-07-01 0:00
M,USD,MXN,2021-06-02,19.9213,1,1,SF60653,2026-07-01 0:00
M,USD,MXN,2021-06-03,19.8927,1,1,SF60653,2026-07-01 0:00
M,USD,MXN,2021-06-04,19.9277,1,1,SF60653,2026-07-01 0:00
M,USD,MXN,2021-06-05,20.0605,1,1,SF60653,2026-07-01 0:00
M,USD,MXN,2021-06-06,20.0605,1,1,SF60653,2026-07-01 0:00
M,USD,MXN,2021-06-07,20.0605,1,1,SF60653,2026-07-01 0:00
M,USD,MXN,2021-06-08,19.9328,1,1,SF60653,2026-07-01 0:00
M,USD,MXN,2021-06-09,19.797,1,1,SF60653,2026-07-01 0:00
M,USD,MXN,2021-06-10,19.7728,1,1,SF60653,2026-07-01 0:00
M,USD,MXN,2021-06-11,19.6897,1,1,SF60653,2026-07-01 0:00
M,USD,MXN,2021-06-12,19.7002,1,1,SF60653,2026-07-01 0:00
M,USD,MXN,2021-06-13,19.7002,1,1,SF60653,2026-07-01 0:00
M,USD,MXN,2021-06-14,19.7002,1,1,SF60653,2026-07-01 0:00
M,USD,MXN,2021-06-15,19.8823,1,1,SF60653,2026-07-01 0:00
M,USD,MXN,2021-06-16,19.9065,1,1,SF60653,2026-07-01 0:00
M,USD,MXN,2021-06-17,20.1235,1,1,SF60653,2026-07-01 0:00
M,USD,MXN,2021-06-18,20.0588,1,1,SF60653,2026-07-01 0:00
M,USD,MXN,2021-06-19,20.4292,1,1,SF60653,2026-07-01 0:00
M,USD,MXN,2021-06-20,20.4292,1,1,SF60653,2026-07-01 0:00
M,USD,MXN,2021-06-21,20.4292,1,1,SF60653,2026-07-01 0:00
M,USD,MXN,2021-06-22,20.7002,1,1,SF60653,2026-07-01 0:00
M,USD,MXN,2021-06-23,20.6,1,1,SF60653,2026-07-01 0:00
M,USD,MXN,2021-06-24,20.5712,1,1,SF60653,2026-07-01 0:00
M,USD,MXN,2021-06-25,20.2505,1,1,SF60653,2026-07-01 0:00
M,USD,MXN,2021-06-26,20.0483,1,1,SF60653,2026-07-01 0:00
M,USD,MXN,2021-06-27,20.0483,1,1,SF60653,2026-07-01 0:00
M,USD,MXN,2021-06-28,20.0483,1,1,SF60653,2026-07-01 0:00
M,USD,MXN,2021-06-29,19.793,1,1,SF60653,2026-07-01 0:00
M,USD,MXN,2021-06-30,19.8027,1,1,SF60653,2026-07-01 0:00
M,USD,MXN,2021-07-01,19.8157,1,1,SF60653,2026-07-01 0:00
M,USD,MXN,2021-07-02,19.9062,1,1,SF60653,2026-07-01 0:00
M,USD,MXN,2021-07-03,20.0368,1,1,SF60653,2026-07-01 0:00
M,USD,MXN,2021-07-04,20.0368,1,1,SF60653,2026-07-01 0:00
M,USD,MXN,2021-07-05,20.0368,1,1,SF60653,2026-07-01 0:00
M,USD,MXN,2021-07-06,19.8817,1,1,SF60653,2026-07-01 0:00
M,USD,MXN,2021-07-07,19.8532,1,1,SF60653,2026-07-01 0:00
M,USD,MXN,2021-07-08,19.9658,1,1,SF60653,2026-07-01 0:00
M,USD,MXN,2021-07-09,19.9915,1,1,SF60653,2026-07-01 0:00
M,USD,MXN,2021-07-10,20.007,1,1,SF60653,2026-07-01 0:00
M,USD,MXN,2021-07-11,20.007,1,1,SF60653,2026-07-01 0:00
M,USD,MXN,2021-07-12,20.007,1,1,SF60653,2026-07-01 0:00
M,USD,MXN,2021-07-13,19.88,1,1,SF60653,2026-07-01 0:00
M,USD,MXN,2021-07-14,19.8577,1,1,SF60653,2026-07-01 0:00
M,USD,MXN,2021-07-15,19.9988,1,1,SF60653,2026-07-01 0:00
M,USD,MXN,2021-07-16,19.8992,1,1,SF60653,2026-07-01 0:00
M,USD,MXN,2021-07-17,19.9412,1,1,SF60653,2026-07-01 0:00
M,USD,MXN,2021-07-18,19.9412,1,1,SF60653,2026-07-01 0:00
M,USD,MXN,2021-07-19,19.9412,1,1,SF60653,2026-07-01 0:00
M,USD,MXN,2021-07-20,19.8537,1,1,SF60653,2026-07-01 0:00
M,USD,MXN,2021-07-21,20,1,1,SF60653,2026-07-01 0:00
M,USD,MXN,2021-07-22,20.1348,1,1,SF60653,2026-07-01 0:00
M,USD,MXN,2021-07-23,20.1907,1,1,SF60653,2026-07-01 0:00
M,USD,MXN,2021-07-24,20.1812,1,1,SF60653,2026-07-01 0:00
M,USD,MXN,2021-07-25,20.1812,1,1,SF60653,2026-07-01 0:00
M,USD,MXN,2021-07-26,20.1812,1,1,SF60653,2026-07-01 0:00
M,USD,MXN,2021-07-27,20.0238,1,1,SF60653,2026-07-01 0:00
M,USD,MXN,2021-07-28,20.0245,1,1,SF60653,2026-07-01 0:00
M,USD,MXN,2021-07-29,19.977,1,1,SF60653,2026-07-01 0:00
M,USD,MXN,2021-07-30,19.9535,1,1,SF60653,2026-07-01 0:00
M,USD,MXN,2021-07-31,19.8448,1,1,SF60653,2026-07-01 0:00
M,USD,MXN,2021-08-01,19.8448,1,1,SF60653,2026-07-01 0:00
M,USD,MXN,2021-08-02,19.8448,1,1,SF60653,2026-07-01 0:00
M,USD,MXN,2021-08-03,19.8455,1,1,SF60653,2026-07-01 0:00
M,USD,MXN,2021-08-04,19.852,1,1,SF60653,2026-07-01 0:00
M,USD,MXN,2021-08-05,19.892,1,1,SF60653,2026-07-01 0:00
M,USD,MXN,2021-08-06,19.9547,1,1,SF60653,2026-07-01 0:00
M,USD,MXN,2021-08-07,19.9293,1,1,SF60653,2026-07-01 0:00
M,USD,MXN,2021-08-08,19.9293,1,1,SF60653,2026-07-01 0:00
M,USD,MXN,2021-08-09,19.9293,1,1,SF60653,2026-07-01 0:00
M,USD,MXN,2021-08-10,20.0037,1,1,SF60653,2026-07-01 0:00
M,USD,MXN,2021-08-11,20.0648,1,1,SF60653,2026-07-01 0:00
M,USD,MXN,2021-08-12,20.1038,1,1,SF60653,2026-07-01 0:00
M,USD,MXN,2021-08-13,19.953,1,1,SF60653,2026-07-01 0:00
M,USD,MXN,2021-08-14,19.8907,1,1,SF60653,2026-07-01 0:00
M,USD,MXN,2021-08-15,19.8907,1,1,SF60653,2026-07-01 0:00
M,USD,MXN,2021-08-16,19.8907,1,1,SF60653,2026-07-01 0:00
M,USD,MXN,2021-08-17,19.8603,1,1,SF60653,2026-07-01 0:00
M,USD,MXN,2021-08-18,19.8863,1,1,SF60653,2026-07-01 0:00
M,USD,MXN,2021-08-19,19.9912,1,1,SF60653,2026-07-01 0:00
M,USD,MXN,2021-08-20,20.0107,1,1,SF60653,2026-07-01 0:00
M,USD,MXN,2021-08-21,20.1175,1,1,SF60653,2026-07-01 0:00
M,USD,MXN,2021-08-22,20.1175,1,1,SF60653,2026-07-01 0:00
M,USD,MXN,2021-08-23,20.1175,1,1,SF60653,2026-07-01 0:00
M,USD,MXN,2021-08-24,20.402,1,1,SF60653,2026-07-01 0:00
M,USD,MXN,2021-08-25,20.3907,1,1,SF60653,2026-07-01 0:00
M,USD,MXN,2021-08-26,20.2967,1,1,SF60653,2026-07-01 0:00
M,USD,MXN,2021-08-27,20.2933,1,1,SF60653,2026-07-01 0:00
M,USD,MXN,2021-08-28,20.3522,1,1,SF60653,2026-07-01 0:00
M,USD,MXN,2021-08-29,20.3522,1,1,SF60653,2026-07-01 0:00
M,USD,MXN,2021-08-30,20.3522,1,1,SF60653,2026-07-01 0:00
M,USD,MXN,2021-08-31,20.2293,1,1,SF60653,2026-07-01 0:00
M,USD,MXN,2021-09-01,20.1403,1,1,SF60653,2026-07-01 0:00
M,USD,MXN,2021-09-02,20.0605,1,1,SF60653,2026-07-01 0:00
M,USD,MXN,2021-09-03,19.9615,1,1,SF60653,2026-07-01 0:00
M,USD,MXN,2021-09-04,19.9703,1,1,SF60653,2026-07-01 0:00
M,USD,MXN,2021-09-05,19.9703,1,1,SF60653,2026-07-01 0:00
M,USD,MXN,2021-09-06,19.9703,1,1,SF60653,2026-07-01 0:00
M,USD,MXN,2021-09-07,19.8992,1,1,SF60653,2026-07-01 0:00
M,USD,MXN,2021-09-08,19.8878,1,1,SF60653,2026-07-01 0:00
M,USD,MXN,2021-09-09,19.944,1,1,SF60653,2026-07-01 0:00
M,USD,MXN,2021-09-10,19.9383,1,1,SF60653,2026-07-01 0:00
M,USD,MXN,2021-09-11,19.9318,1,1,SF60653,2026-07-01 0:00
M,USD,MXN,2021-09-12,19.9318,1,1,SF60653,2026-07-01 0:00
M,USD,MXN,2021-09-13,19.9318,1,1,SF60653,2026-07-01 0:00
M,USD,MXN,2021-09-14,19.8717,1,1,SF60653,2026-07-01 0:00
M,USD,MXN,2021-09-15,19.8677,1,1,SF60653,2026-07-01 0:00
M,USD,MXN,2021-09-16,19.9035,1,1,SF60653,2026-07-01 0:00
M,USD,MXN,2021-09-17,19.9035,1,1,SF60653,2026-07-01 0:00
M,USD,MXN,2021-09-18,19.9003,1,1,SF60653,2026-07-01 0:00
M,USD,MXN,2021-09-19,19.9003,1,1,SF60653,2026-07-01 0:00
M,USD,MXN,2021-09-20,19.9003,1,1,SF60653,2026-07-01 0:00
M,USD,MXN,2021-09-21,19.9853,1,1,SF60653,2026-07-01 0:00
M,USD,MXN,2021-09-22,20.1735,1,1,SF60653,2026-07-01 0:00
M,USD,MXN,2021-09-23,20.1438,1,1,SF60653,2026-07-01 0:00
M,USD,MXN,2021-09-24,20.0328,1,1,SF60653,2026-07-01 0:00
M,USD,MXN,2021-09-25,20.028,1,1,SF60653,2026-07-01 0:00
M,USD,MXN,2021-09-26,20.028,1,1,SF60653,2026-07-01 0:00
M,USD,MXN,2021-09-27,20.028,1,1,SF60653,2026-07-01 0:00
M,USD,MXN,2021-09-28,20.1118,1,1,SF60653,2026-07-01 0:00
M,USD,MXN,2021-09-29,20.1052,1,1,SF60653,2026-07-01 0:00
M,USD,MXN,2021-09-30,20.306,1,1,SF60653,2026-07-01 0:00
M,USD,MXN,2021-10-01,20.4977,1,1,SF60653,2026-07-01 0:00
M,USD,MXN,2021-10-02,20.5623,1,1,SF60653,2026-07-01 0:00
M,USD,MXN,2021-10-03,20.5623,1,1,SF60653,2026-07-01 0:00
M,USD,MXN,2021-10-04,20.5623,1,1,SF60653,2026-07-01 0:00
M,USD,MXN,2021-10-05,20.5103,1,1,SF60653,2026-07-01 0:00
M,USD,MXN,2021-10-06,20.5747,1,1,SF60653,2026-07-01 0:00
M,USD,MXN,2021-10-07,20.5818,1,1,SF60653,2026-07-01 0:00
M,USD,MXN,2021-10-08,20.6947,1,1,SF60653,2026-07-01 0:00
M,USD,MXN,2021-10-09,20.604,1,1,SF60653,2026-07-01 0:00
M,USD,MXN,2021-10-10,20.604,1,1,SF60653,2026-07-01 0:00
M,USD,MXN,2021-10-11,20.604,1,1,SF60653,2026-07-01 0:00
M,USD,MXN,2021-10-12,20.7293,1,1,SF60653,2026-07-01 0:00
M,USD,MXN,2021-10-13,20.8017,1,1,SF60653,2026-07-01 0:00
M,USD,MXN,2021-10-14,20.7767,1,1,SF60653,2026-07-01 0:00
M,USD,MXN,2021-10-15,20.6827,1,1,SF60653,2026-07-01 0:00
M,USD,MXN,2021-10-16,20.6075,1,1,SF60653,2026-07-01 0:00
M,USD,MXN,2021-10-17,20.6075,1,1,SF60653,2026-07-01 0:00
M,USD,MXN,2021-10-18,20.6075,1,1,SF60653,2026-07-01 0:00
M,USD,MXN,2021-10-19,20.4672,1,1,SF60653,2026-07-01 0:00
M,USD,MXN,2021-10-20,20.3587,1,1,SF60653,2026-07-01 0:00
M,USD,MXN,2021-10-21,20.2647,1,1,SF60653,2026-07-01 0:00
M,USD,MXN,2021-10-22,20.185,1,1,SF60653,2026-07-01 0:00
M,USD,MXN,2021-10-23,20.2643,1,1,SF60653,2026-07-01 0:00
M,USD,MXN,2021-10-24,20.2643,1,1,SF60653,2026-07-01 0:00
M,USD,MXN,2021-10-25,20.2643,1,1,SF60653,2026-07-01 0:00
M,USD,MXN,2021-10-26,20.1837,1,1,SF60653,2026-07-01 0:00
M,USD,MXN,2021-10-27,20.1897,1,1,SF60653,2026-07-01 0:00
M,USD,MXN,2021-10-28,20.1888,1,1,SF60653,2026-07-01 0:00
M,USD,MXN,2021-10-29,20.193,1,1,SF60653,2026-07-01 0:00
M,USD,MXN,2021-10-30,20.3255,1,1,SF60653,2026-07-01 0:00
M,USD,MXN,2021-10-31,20.3255,1,1,SF60653,2026-07-01 0:00
M,USD,MXN,2021-11-01,20.3255,1,1,SF60653,2026-07-01 0:00
M,USD,MXN,2021-11-02,20.5297,1,1,SF60653,2026-07-01 0:00
M,USD,MXN,2021-11-03,20.5297,1,1,SF60653,2026-07-01 0:00
M,USD,MXN,2021-11-04,20.8598,1,1,SF60653,2026-07-01 0:00
M,USD,MXN,2021-11-05,20.8352,1,1,SF60653,2026-07-01 0:00
M,USD,MXN,2021-11-06,20.6242,1,1,SF60653,2026-07-01 0:00
M,USD,MXN,2021-11-07,20.6242,1,1,SF60653,2026-07-01 0:00
M,USD,MXN,2021-11-08,20.6242,1,1,SF60653,2026-07-01 0:00
M,USD,MXN,2021-11-09,20.3925,1,1,SF60653,2026-07-01 0:00
M,USD,MXN,2021-11-10,20.3265,1,1,SF60653,2026-07-01 0:00
M,USD,MXN,2021-11-11,20.2833,1,1,SF60653,2026-07-01 0:00
M,USD,MXN,2021-11-12,20.4702,1,1,SF60653,2026-07-01 0:00
M,USD,MXN,2021-11-13,20.4652,1,1,SF60653,2026-07-01 0:00
M,USD,MXN,2021-11-14,20.4652,1,1,SF60653,2026-07-01 0:00
M,USD,MXN,2021-11-15,20.4652,1,1,SF60653,2026-07-01 0:00
M,USD,MXN,2021-11-16,20.4652,1,1,SF60653,2026-07-01 0:00
M,USD,MXN,2021-11-17,20.5072,1,1,SF60653,2026-07-01 0:00
M,USD,MXN,2021-11-18,20.8092,1,1,SF60653,2026-07-01 0:00
M,USD,MXN,2021-11-19,20.6912,1,1,SF60653,2026-07-01 0:00
M,USD,MXN,2021-11-20,20.7628,1,1,SF60653,2026-07-01 0:00
M,USD,MXN,2021-11-21,20.7628,1,1,SF60653,2026-07-01 0:00
M,USD,MXN,2021-11-22,20.7628,1,1,SF60653,2026-07-01 0:00
M,USD,MXN,2021-11-23,20.8283,1,1,SF60653,2026-07-01 0:00
M,USD,MXN,2021-11-24,20.9632,1,1,SF60653,2026-07-01 0:00
M,USD,MXN,2021-11-25,21.2107,1,1,SF60653,2026-07-01 0:00
M,USD,MXN,2021-11-26,21.4357,1,1,SF60653,2026-07-01 0:00
M,USD,MXN,2021-11-27,21.5462,1,1,SF60653,2026-07-01 0:00
M,USD,MXN,2021-11-28,21.5462,1,1,SF60653,2026-07-01 0:00
M,USD,MXN,2021-11-29,21.5462,1,1,SF60653,2026-07-01 0:00
M,USD,MXN,2021-11-30,21.8185,1,1,SF60653,2026-07-01 0:00
M,USD,MXN,2021-12-01,21.7333,1,1,SF60653,2026-07-01 0:00
M,USD,MXN,2021-12-02,21.4453,1,1,SF60653,2026-07-01 0:00
M,USD,MXN,2021-12-03,21.271,1,1,SF60653,2026-07-01 0:00
M,USD,MXN,2021-12-04,21.3033,1,1,SF60653,2026-07-01 0:00
M,USD,MXN,2021-12-05,21.3033,1,1,SF60653,2026-07-01 0:00
M,USD,MXN,2021-12-06,21.3033,1,1,SF60653,2026-07-01 0:00
M,USD,MXN,2021-12-07,21.4177,1,1,SF60653,2026-07-01 0:00
M,USD,MXN,2021-12-08,21.2047,1,1,SF60653,2026-07-01 0:00
M,USD,MXN,2021-12-09,21.0907,1,1,SF60653,2026-07-01 0:00
M,USD,MXN,2021-12-10,20.933,1,1,SF60653,2026-07-01 0:00
M,USD,MXN,2021-12-11,21.0328,1,1,SF60653,2026-07-01 0:00
M,USD,MXN,2021-12-12,21.0328,1,1,SF60653,2026-07-01 0:00
M,USD,MXN,2021-12-13,21.0328,1,1,SF60653,2026-07-01 0:00
M,USD,MXN,2021-12-14,20.8922,1,1,SF60653,2026-07-01 0:00
M,USD,MXN,2021-12-15,20.9383,1,1,SF60653,2026-07-01 0:00
M,USD,MXN,2021-12-16,21.165,1,1,SF60653,2026-07-01 0:00
M,USD,MXN,2021-12-17,21.2393,1,1,SF60653,2026-07-01 0:00
M,USD,MXN,2021-12-18,20.9238,1,1,SF60653,2026-07-01 0:00
M,USD,MXN,2021-12-19,20.9238,1,1,SF60653,2026-07-01 0:00
M,USD,MXN,2021-12-20,20.9238,1,1,SF60653,2026-07-01 0:00
M,USD,MXN,2021-12-21,20.7337,1,1,SF60653,2026-07-01 0:00
M,USD,MXN,2021-12-22,20.7363,1,1,SF60653,2026-07-01 0:00
M,USD,MXN,2021-12-23,20.7823,1,1,SF60653,2026-07-01 0:00
M,USD,MXN,2021-12-24,20.7527,1,1,SF60653,2026-07-01 0:00
M,USD,MXN,2021-12-25,20.6582,1,1,SF60653,2026-07-01 0:00
M,USD,MXN,2021-12-26,20.6582,1,1,SF60653,2026-07-01 0:00
M,USD,MXN,2021-12-27,20.6582,1,1,SF60653,2026-07-01 0:00
M,USD,MXN,2021-12-28,20.6112,1,1,SF60653,2026-07-01 0:00
M,USD,MXN,2021-12-29,20.6828,1,1,SF60653,2026-07-01 0:00
M,USD,MXN,2021-12-30,20.577,1,1,SF60653,2026-07-01 0:00
M,USD,MXN,2021-12-31,20.5835,1,1,SF60653,2026-07-01 0:00
M,USD,MXN,2022-01-01,20.5157,1,1,SF60653,2026-07-01 0:00
M,USD,MXN,2022-01-02,20.5157,1,1,SF60653,2026-07-01 0:00
M,USD,MXN,2022-01-03,20.5157,1,1,SF60653,2026-07-01 0:00
M,USD,MXN,2022-01-04,20.4672,1,1,SF60653,2026-07-01 0:00
M,USD,MXN,2022-01-05,20.589,1,1,SF60653,2026-07-01 0:00
M,USD,MXN,2022-01-06,20.4742,1,1,SF60653,2026-07-01 0:00
M,USD,MXN,2022-01-07,20.3977,1,1,SF60653,2026-07-01 0:00
M,USD,MXN,2022-01-08,20.4588,1,1,SF60653,2026-07-01 0:00
M,USD,MXN,2022-01-09,20.4588,1,1,SF60653,2026-07-01 0:00
M,USD,MXN,2022-01-10,20.4588,1,1,SF60653,2026-07-01 0:00
M,USD,MXN,2022-01-11,20.4237,1,1,SF60653,2026-07-01 0:00
M,USD,MXN,2022-01-12,20.4453,1,1,SF60653,2026-07-01 0:00
M,USD,MXN,2022-01-13,20.3785,1,1,SF60653,2026-07-01 0:00
M,USD,MXN,2022-01-14,20.366,1,1,SF60653,2026-07-01 0:00
M,USD,MXN,2022-01-15,20.3607,1,1,SF60653,2026-07-01 0:00
M,USD,MXN,2022-01-16,20.3607,1,1,SF60653,2026-07-01 0:00
M,USD,MXN,2022-01-17,20.3607,1,1,SF60653,2026-07-01 0:00
M,USD,MXN,2022-01-18,20.3118,1,1,SF60653,2026-07-01 0:00
M,USD,MXN,2022-01-19,20.3002,1,1,SF60653,2026-07-01 0:00
M,USD,MXN,2022-01-20,20.403,1,1,SF60653,2026-07-01 0:00
M,USD,MXN,2022-01-21,20.46,1,1,SF60653,2026-07-01 0:00
M,USD,MXN,2022-01-22,20.4507,1,1,SF60653,2026-07-01 0:00
M,USD,MXN,2022-01-23,20.4507,1,1,SF60653,2026-07-01 0:00
M,USD,MXN,2022-01-24,20.4507,1,1,SF60653,2026-07-01 0:00
M,USD,MXN,2022-01-25,20.4598,1,1,SF60653,2026-07-01 0:00
M,USD,MXN,2022-01-26,20.6308,1,1,SF60653,2026-07-01 0:00
M,USD,MXN,2022-01-27,20.6683,1,1,SF60653,2026-07-01 0:00
M,USD,MXN,2022-01-28,20.6415,1,1,SF60653,2026-07-01 0:00
M,USD,MXN,2022-01-29,20.7383,1,1,SF60653,2026-07-01 0:00
M,USD,MXN,2022-01-30,20.7383,1,1,SF60653,2026-07-01 0:00
M,USD,MXN,2022-01-31,20.7383,1,1,SF60653,2026-07-01 0:00
M,USD,MXN,2022-02-01,20.8597,1,1,SF60653,2026-07-01 0:00
M,USD,MXN,2022-02-02,20.6352,1,1,SF60653,2026-07-01 0:00
M,USD,MXN,2022-02-03,20.58,1,1,SF60653,2026-07-01 0:00
M,USD,MXN,2022-02-04,20.6003,1,1,SF60653,2026-07-01 0:00
M,USD,MXN,2022-02-05,20.5562,1,1,SF60653,2026-07-01 0:00
M,USD,MXN,2022-02-06,20.5562,1,1,SF60653,2026-07-01 0:00
M,USD,MXN,2022-02-07,20.5562,1,1,SF60653,2026-07-01 0:00
M,USD,MXN,2022-02-08,20.5562,1,1,SF60653,2026-07-01 0:00
M,USD,MXN,2022-02-09,20.7325,1,1,SF60653,2026-07-01 0:00
M,USD,MXN,2022-02-10,20.6413,1,1,SF60653,2026-07-01 0:00
M,USD,MXN,2022-02-11,20.5008,1,1,SF60653,2026-07-01 0:00
M,USD,MXN,2022-02-12,20.4148,1,1,SF60653,2026-07-01 0:00
M,USD,MXN,2022-02-13,20.4148,1,1,SF60653,2026-07-01 0:00
M,USD,MXN,2022-02-14,20.4148,1,1,SF60653,2026-07-01 0:00
M,USD,MXN,2022-02-15,20.4188,1,1,SF60653,2026-07-01 0:00
M,USD,MXN,2022-02-16,20.411,1,1,SF60653,2026-07-01 0:00
M,USD,MXN,2022-02-17,20.3992,1,1,SF60653,2026-07-01 0:00
M,USD,MXN,2022-02-18,20.3335,1,1,SF60653,2026-07-01 0:00
M,USD,MXN,2022-02-19,20.2978,1,1,SF60653,2026-07-01 0:00
M,USD,MXN,2022-02-20,20.2978,1,1,SF60653,2026-07-01 0:00
M,USD,MXN,2022-02-21,20.2978,1,1,SF60653,2026-07-01 0:00
M,USD,MXN,2022-02-22,20.3063,1,1,SF60653,2026-07-01 0:00
M,USD,MXN,2022-02-23,20.2825,1,1,SF60653,2026-07-01 0:00
M,USD,MXN,2022-02-24,20.2977,1,1,SF60653,2026-07-01 0:00
M,USD,MXN,2022-02-25,20.2435,1,1,SF60653,2026-07-01 0:00
M,USD,MXN,2022-02-26,20.6525,1,1,SF60653,2026-07-01 0:00
M,USD,MXN,2022-02-27,20.6525,1,1,SF60653,2026-07-01 0:00
M,USD,MXN,2022-02-28,20.6525,1,1,SF60653,2026-07-01 0:00
M,USD,MXN,2022-03-01,20.4465,1,1,SF60653,2026-07-01 0:00
M,USD,MXN,2022-03-02,20.4257,1,1,SF60653,2026-07-01 0:00
M,USD,MXN,2022-03-03,20.5272,1,1,SF60653,2026-07-01 0:00
M,USD,MXN,2022-03-04,20.7193,1,1,SF60653,2026-07-01 0:00
M,USD,MXN,2022-03-05,20.7033,1,1,SF60653,2026-07-01 0:00
M,USD,MXN,2022-03-06,20.7033,1,1,SF60653,2026-07-01 0:00
M,USD,MXN,2022-03-07,20.7033,1,1,SF60653,2026-07-01 0:00
M,USD,MXN,2022-03-08,20.9262,1,1,SF60653,2026-07-01 0:00
M,USD,MXN,2022-03-09,21.1947,1,1,SF60653,2026-07-01 0:00
M,USD,MXN,2022-03-10,21.3775,1,1,SF60653,2026-07-01 0:00
M,USD,MXN,2022-03-11,20.9677,1,1,SF60653,2026-07-01 0:00
M,USD,MXN,2022-03-12,20.9743,1,1,SF60653,2026-07-01 0:00
M,USD,MXN,2022-03-13,20.9743,1,1,SF60653,2026-07-01 0:00
M,USD,MXN,2022-03-14,20.9743,1,1,SF60653,2026-07-01 0:00
M,USD,MXN,2022-03-15,20.9695,1,1,SF60653,2026-07-01 0:00
M,USD,MXN,2022-03-16,20.8908,1,1,SF60653,2026-07-01 0:00
M,USD,MXN,2022-03-17,20.8743,1,1,SF60653,2026-07-01 0:00
M,USD,MXN,2022-03-18,20.7035,1,1,SF60653,2026-07-01 0:00
M,USD,MXN,2022-03-19,20.5585,1,1,SF60653,2026-07-01 0:00
M,USD,MXN,2022-03-20,20.5585,1,1,SF60653,2026-07-01 0:00
M,USD,MXN,2022-03-21,20.5585,1,1,SF60653,2026-07-01 0:00
M,USD,MXN,2022-03-22,20.5585,1,1,SF60653,2026-07-01 0:00
M,USD,MXN,2022-03-23,20.4145,1,1,SF60653,2026-07-01 0:00
M,USD,MXN,2022-03-24,20.2782,1,1,SF60653,2026-07-01 0:00
M,USD,MXN,2022-03-25,20.18,1,1,SF60653,2026-07-01 0:00
M,USD,MXN,2022-03-26,20.1313,1,1,SF60653,2026-07-01 0:00
M,USD,MXN,2022-03-27,20.1313,1,1,SF60653,2026-07-01 0:00
M,USD,MXN,2022-03-28,20.1313,1,1,SF60653,2026-07-01 0:00
M,USD,MXN,2022-03-29,19.9577,1,1,SF60653,2026-07-01 0:00
M,USD,MXN,2022-03-30,20.1195,1,1,SF60653,2026-07-01 0:00
M,USD,MXN,2022-03-31,19.9942,1,1,SF60653,2026-07-01 0:00
M,USD,MXN,2022-04-01,19.8632,1,1,SF60653,2026-07-01 0:00
M,USD,MXN,2022-04-02,19.9112,1,1,SF60653,2026-07-01 0:00
M,USD,MXN,2022-04-03,19.9112,1,1,SF60653,2026-07-01 0:00
M,USD,MXN,2022-04-04,19.9112,1,1,SF60653,2026-07-01 0:00
M,USD,MXN,2022-04-05,19.8432,1,1,SF60653,2026-07-01 0:00
M,USD,MXN,2022-04-06,19.7443,1,1,SF60653,2026-07-01 0:00
M,USD,MXN,2022-04-07,19.9012,1,1,SF60653,2026-07-01 0:00
M,USD,MXN,2022-04-08,20.0665,1,1,SF60653,2026-07-01 0:00
M,USD,MXN,2022-04-09,20.1605,1,1,SF60653,2026-07-01 0:00
M,USD,MXN,2022-04-10,20.1605,1,1,SF60653,2026-07-01 0:00
M,USD,MXN,2022-04-11,20.1605,1,1,SF60653,2026-07-01 0:00
M,USD,MXN,2022-04-12,20.12,1,1,SF60653,2026-07-01 0:00
M,USD,MXN,2022-04-13,20.0093,1,1,SF60653,2026-07-01 0:00
M,USD,MXN,2022-04-14,19.8407,1,1,SF60653,2026-07-01 0:00
M,USD,MXN,2022-04-15,19.8407,1,1,SF60653,2026-07-01 0:00
M,USD,MXN,2022-04-16,19.8407,1,1,SF60653,2026-07-01 0:00
M,USD,MXN,2022-04-17,19.8407,1,1,SF60653,2026-07-01 0:00
M,USD,MXN,2022-04-18,19.8407,1,1,SF60653,2026-07-01 0:00
M,USD,MXN,2022-04-19,19.7967,1,1,SF60653,2026-07-01 0:00
M,USD,MXN,2022-04-20,19.9377,1,1,SF60653,2026-07-01 0:00
M,USD,MXN,2022-04-21,20.0447,1,1,SF60653,2026-07-01 0:00
M,USD,MXN,2022-04-22,20.0383,1,1,SF60653,2026-07-01 0:00
M,USD,MXN,2022-04-23,20.1802,1,1,SF60653,2026-07-01 0:00
M,USD,MXN,2022-04-24,20.1802,1,1,SF60653,2026-07-01 0:00
M,USD,MXN,2022-04-25,20.1802,1,1,SF60653,2026-07-01 0:00
M,USD,MXN,2022-04-26,20.3183,1,1,SF60653,2026-07-01 0:00
M,USD,MXN,2022-04-27,20.2992,1,1,SF60653,2026-07-01 0:00
M,USD,MXN,2022-04-28,20.356,1,1,SF60653,2026-07-01 0:00
M,USD,MXN,2022-04-29,20.4707,1,1,SF60653,2026-07-01 0:00
M,USD,MXN,2022-04-30,20.567,1,1,SF60653,2026-07-01 0:00
M,USD,MXN,2022-05-01,20.567,1,1,SF60653,2026-07-01 0:00
M,USD,MXN,2022-05-02,20.567,1,1,SF60653,2026-07-01 0:00
M,USD,MXN,2022-05-03,20.3728,1,1,SF60653,2026-07-01 0:00
M,USD,MXN,2022-05-04,20.4075,1,1,SF60653,2026-07-01 0:00
M,USD,MXN,2022-05-05,20.335,1,1,SF60653,2026-07-01 0:00
M,USD,MXN,2022-05-06,20.2535,1,1,SF60653,2026-07-01 0:00
M,USD,MXN,2022-05-07,20.2218,1,1,SF60653,2026-07-01 0:00
M,USD,MXN,2022-05-08,20.2218,1,1,SF60653,2026-07-01 0:00
M,USD,MXN,2022-05-09,20.2218,1,1,SF60653,2026-07-01 0:00
M,USD,MXN,2022-05-10,20.1085,1,1,SF60653,2026-07-01 0:00
M,USD,MXN,2022-05-11,20.3172,1,1,SF60653,2026-07-01 0:00
M,USD,MXN,2022-05-12,20.372,1,1,SF60653,2026-07-01 0:00
M,USD,MXN,2022-05-13,20.2592,1,1,SF60653,2026-07-01 0:00
M,USD,MXN,2022-05-14,20.32,1,1,SF60653,2026-07-01 0:00
M,USD,MXN,2022-05-15,20.32,1,1,SF60653,2026-07-01 0:00
M,USD,MXN,2022-05-16,20.32,1,1,SF60653,2026-07-01 0:00
M,USD,MXN,2022-05-17,20.1443,1,1,SF60653,2026-07-01 0:00
M,USD,MXN,2022-05-18,20.0782,1,1,SF60653,2026-07-01 0:00
M,USD,MXN,2022-05-19,19.9637,1,1,SF60653,2026-07-01 0:00
M,USD,MXN,2022-05-20,19.9663,1,1,SF60653,2026-07-01 0:00
M,USD,MXN,2022-05-21,19.9267,1,1,SF60653,2026-07-01 0:00
M,USD,MXN,2022-05-22,19.9267,1,1,SF60653,2026-07-01 0:00
M,USD,MXN,2022-05-23,19.9267,1,1,SF60653,2026-07-01 0:00
M,USD,MXN,2022-05-24,19.8657,1,1,SF60653,2026-07-01 0:00
M,USD,MXN,2022-05-25,19.8282,1,1,SF60653,2026-07-01 0:00
M,USD,MXN,2022-05-26,19.887,1,1,SF60653,2026-07-01 0:00
M,USD,MXN,2022-05-27,19.8377,1,1,SF60653,2026-07-01 0:00
M,USD,MXN,2022-05-28,19.7933,1,1,SF60653,2026-07-01 0:00
M,USD,MXN,2022-05-29,19.7933,1,1,SF60653,2026-07-01 0:00
M,USD,MXN,2022-05-30,19.7933,1,1,SF60653,2026-07-01 0:00
M,USD,MXN,2022-05-31,19.5965,1,1,SF60653,2026-07-01 0:00
M,USD,MXN,2022-06-01,19.4953,1,1,SF60653,2026-07-01 0:00
M,USD,MXN,2022-06-02,19.694,1,1,SF60653,2026-07-01 0:00
M,USD,MXN,2022-06-03,19.7388,1,1,SF60653,2026-07-01 0:00
M,USD,MXN,2022-06-04,19.5585,1,1,SF60653,2026-07-01 0:00
M,USD,MXN,2022-06-05,19.5585,1,1,SF60653,2026-07-01 0:00
M,USD,MXN,2022-06-06,19.5585,1,1,SF60653,2026-07-01 0:00
M,USD,MXN,2022-06-07,19.5742,1,1,SF60653,2026-07-01 0:00
M,USD,MXN,2022-06-08,19.5547,1,1,SF60653,2026-07-01 0:00
M,USD,MXN,2022-06-09,19.5998,1,1,SF60653,2026-07-01 0:00
M,USD,MXN,2022-06-10,19.59,1,1,SF60653,2026-07-01 0:00
M,USD,MXN,2022-06-11,19.6128,1,1,SF60653,2026-07-01 0:00
M,USD,MXN,2022-06-12,19.6128,1,1,SF60653,2026-07-01 0:00
M,USD,MXN,2022-06-13,19.6128,1,1,SF60653,2026-07-01 0:00
M,USD,MXN,2022-06-14,19.9297,1,1,SF60653,2026-07-01 0:00
M,USD,MXN,2022-06-15,20.4527,1,1,SF60653,2026-07-01 0:00
M,USD,MXN,2022-06-16,20.6583,1,1,SF60653,2026-07-01 0:00
M,USD,MXN,2022-06-17,20.6675,1,1,SF60653,2026-07-01 0:00
M,USD,MXN,2022-06-18,20.5728,1,1,SF60653,2026-07-01 0:00
M,USD,MXN,2022-06-19,20.5728,1,1,SF60653,2026-07-01 0:00
M,USD,MXN,2022-06-20,20.5728,1,1,SF60653,2026-07-01 0:00
M,USD,MXN,2022-06-21,20.476,1,1,SF60653,2026-07-01 0:00
M,USD,MXN,2022-06-22,20.2442,1,1,SF60653,2026-07-01 0:00
M,USD,MXN,2022-06-23,20.1963,1,1,SF60653,2026-07-01 0:00
M,USD,MXN,2022-06-24,20.0465,1,1,SF60653,2026-07-01 0:00
M,USD,MXN,2022-06-25,20.0365,1,1,SF60653,2026-07-01 0:00
M,USD,MXN,2022-06-26,20.0365,1,1,SF60653,2026-07-01 0:00
M,USD,MXN,2022-06-27,20.0365,1,1,SF60653,2026-07-01 0:00
M,USD,MXN,2022-06-28,19.8707,1,1,SF60653,2026-07-01 0:00
M,USD,MXN,2022-06-29,19.8797,1,1,SF60653,2026-07-01 0:00
M,USD,MXN,2022-06-30,19.9847,1,1,SF60653,2026-07-01 0:00
M,USD,MXN,2022-07-01,20.1443,1,1,SF60653,2026-07-01 0:00
M,USD,MXN,2022-07-02,20.1335,1,1,SF60653,2026-07-01 0:00
M,USD,MXN,2022-07-03,20.1335,1,1,SF60653,2026-07-01 0:00
M,USD,MXN,2022-07-04,20.1335,1,1,SF60653,2026-07-01 0:00
M,USD,MXN,2022-07-05,20.3817,1,1,SF60653,2026-07-01 0:00
M,USD,MXN,2022-07-06,20.2877,1,1,SF60653,2026-07-01 0:00
M,USD,MXN,2022-07-07,20.5598,1,1,SF60653,2026-07-01 0:00
M,USD,MXN,2022-07-08,20.7228,1,1,SF60653,2026-07-01 0:00
M,USD,MXN,2022-07-09,20.6022,1,1,SF60653,2026-07-01 0:00
M,USD,MXN,2022-07-10,20.6022,1,1,SF60653,2026-07-01 0:00
M,USD,MXN,2022-07-11,20.6022,1,1,SF60653,2026-07-01 0:00
M,USD,MXN,2022-07-12,20.4423,1,1,SF60653,2026-07-01 0:00
M,USD,MXN,2022-07-13,20.7473,1,1,SF60653,2026-07-01 0:00
M,USD,MXN,2022-07-14,20.7882,1,1,SF60653,2026-07-01 0:00
M,USD,MXN,2022-07-15,20.7613,1,1,SF60653,2026-07-01 0:00
M,USD,MXN,2022-07-16,20.9415,1,1,SF60653,2026-07-01 0:00
M,USD,MXN,2022-07-17,20.9415,1,1,SF60653,2026-07-01 0:00
M,USD,MXN,2022-07-18,20.9415,1,1,SF60653,2026-07-01 0:00
M,USD,MXN,2022-07-19,20.611,1,1,SF60653,2026-07-01 0:00
M,USD,MXN,2022-07-20,20.3957,1,1,SF60653,2026-07-01 0:00
M,USD,MXN,2022-07-21,20.4407,1,1,SF60653,2026-07-01 0:00
M,USD,MXN,2022-07-22,20.4913,1,1,SF60653,2026-07-01 0:00
M,USD,MXN,2022-07-23,20.6562,1,1,SF60653,2026-07-01 0:00
M,USD,MXN,2022-07-24,20.6562,1,1,SF60653,2026-07-01 0:00
M,USD,MXN,2022-07-25,20.6562,1,1,SF60653,2026-07-01 0:00
M,USD,MXN,2022-07-26,20.515,1,1,SF60653,2026-07-01 0:00
M,USD,MXN,2022-07-27,20.4652,1,1,SF60653,2026-07-01 0:00
M,USD,MXN,2022-07-28,20.433,1,1,SF60653,2026-07-01 0:00
M,USD,MXN,2022-07-29,20.512,1,1,SF60653,2026-07-01 0:00
M,USD,MXN,2022-07-30,20.3778,1,1,SF60653,2026-07-01 0:00
M,USD,MXN,2022-07-31,20.3778,1,1,SF60653,2026-07-01 0:00
M,USD,MXN,2022-08-01,20.3778,1,1,SF60653,2026-07-01 0:00
M,USD,MXN,2022-08-02,20.3485,1,1,SF60653,2026-07-01 0:00
M,USD,MXN,2022-08-03,20.2633,1,1,SF60653,2026-07-01 0:00
M,USD,MXN,2022-08-04,20.5152,1,1,SF60653,2026-07-01 0:00
M,USD,MXN,2022-08-05,20.6305,1,1,SF60653,2026-07-01 0:00
M,USD,MXN,2022-08-06,20.3358,1,1,SF60653,2026-07-01 0:00
M,USD,MXN,2022-08-07,20.3358,1,1,SF60653,2026-07-01 0:00
M,USD,MXN,2022-08-08,20.3358,1,1,SF60653,2026-07-01 0:00
M,USD,MXN,2022-08-09,20.401,1,1,SF60653,2026-07-01 0:00
M,USD,MXN,2022-08-10,20.2789,1,1,SF60653,2026-07-01 0:00
M,USD,MXN,2022-08-11,20.2715,1,1,SF60653,2026-07-01 0:00
M,USD,MXN,2022-08-12,19.9562,1,1,SF60653,2026-07-01 0:00
M,USD,MXN,2022-08-13,19.9595,1,1,SF60653,2026-07-01 0:00
M,USD,MXN,2022-08-14,19.9595,1,1,SF60653,2026-07-01 0:00
M,USD,MXN,2022-08-15,19.9595,1,1,SF60653,2026-07-01 0:00
M,USD,MXN,2022-08-16,19.874,1,1,SF60653,2026-07-01 0:00
M,USD,MXN,2022-08-17,19.8618,1,1,SF60653,2026-07-01 0:00
M,USD,MXN,2022-08-18,19.9303,1,1,SF60653,2026-07-01 0:00
M,USD,MXN,2022-08-19,20.0387,1,1,SF60653,2026-07-01 0:00
M,USD,MXN,2022-08-20,20.0835,1,1,SF60653,2026-07-01 0:00
M,USD,MXN,2022-08-21,20.0835,1,1,SF60653,2026-07-01 0:00
M,USD,MXN,2022-08-22,20.0835,1,1,SF60653,2026-07-01 0:00
M,USD,MXN,2022-08-23,20.1957,1,1,SF60653,2026-07-01 0:00
M,USD,MXN,2022-08-24,20.1598,1,1,SF60653,2026-07-01 0:00
M,USD,MXN,2022-08-25,19.9982,1,1,SF60653,2026-07-01 0:00
M,USD,MXN,2022-08-26,19.9198,1,1,SF60653,2026-07-01 0:00
M,USD,MXN,2022-08-27,19.9437,1,1,SF60653,2026-07-01 0:00
M,USD,MXN,2022-08-28,19.9437,1,1,SF60653,2026-07-01 0:00
M,USD,MXN,2022-08-29,19.9437,1,1,SF60653,2026-07-01 0:00
M,USD,MXN,2022-08-30,19.9268,1,1,SF60653,2026-07-01 0:00
M,USD,MXN,2022-08-31,19.9945,1,1,SF60653,2026-07-01 0:00
M,USD,MXN,2022-09-01,20.1465,1,1,SF60653,2026-07-01 0:00
M,USD,MXN,2022-09-02,20.0962,1,1,SF60653,2026-07-01 0:00
M,USD,MXN,2022-09-03,20.2473,1,1,SF60653,2026-07-01 0:00
M,USD,MXN,2022-09-04,20.2473,1,1,SF60653,2026-07-01 0:00
M,USD,MXN,2022-09-05,20.2473,1,1,SF60653,2026-07-01 0:00
M,USD,MXN,2022-09-06,19.9753,1,1,SF60653,2026-07-01 0:00
M,USD,MXN,2022-09-07,19.962,1,1,SF60653,2026-07-01 0:00
M,USD,MXN,2022-09-08,20.138,1,1,SF60653,2026-07-01 0:00
M,USD,MXN,2022-09-09,20.0297,1,1,SF60653,2026-07-01 0:00
M,USD,MXN,2022-09-10,20.0203,1,1,SF60653,2026-07-01 0:00
M,USD,MXN,2022-09-11,20.0203,1,1,SF60653,2026-07-01 0:00
M,USD,MXN,2022-09-12,20.0203,1,1,SF60653,2026-07-01 0:00
M,USD,MXN,2022-09-13,19.9027,1,1,SF60653,2026-07-01 0:00
M,USD,MXN,2022-09-14,19.7957,1,1,SF60653,2026-07-01 0:00
M,USD,MXN,2022-09-15,20.055,1,1,SF60653,2026-07-01 0:00
M,USD,MXN,2022-09-16,19.9768,1,1,SF60653,2026-07-01 0:00
M,USD,MXN,2022-09-17,19.9768,1,1,SF60653,2026-07-01 0:00
M,USD,MXN,2022-09-18,19.9768,1,1,SF60653,2026-07-01 0:00
M,USD,MXN,2022-09-19,19.9768,1,1,SF60653,2026-07-01 0:00
M,USD,MXN,2022-09-20,20.0525,1,1,SF60653,2026-07-01 0:00
M,USD,MXN,2022-09-21,19.9943,1,1,SF60653,2026-07-01 0:00
M,USD,MXN,2022-09-22,20,1,1,SF60653,2026-07-01 0:00
M,USD,MXN,2022-09-23,20.0027,1,1,SF60653,2026-07-01 0:00
M,USD,MXN,2022-09-24,19.9608,1,1,SF60653,2026-07-01 0:00
M,USD,MXN,2022-09-25,19.9608,1,1,SF60653,2026-07-01 0:00
M,USD,MXN,2022-09-26,19.9608,1,1,SF60653,2026-07-01 0:00
M,USD,MXN,2022-09-27,20.1627,1,1,SF60653,2026-07-01 0:00
M,USD,MXN,2022-09-28,20.3517,1,1,SF60653,2026-07-01 0:00
M,USD,MXN,2022-09-29,20.357,1,1,SF60653,2026-07-01 0:00
M,USD,MXN,2022-09-30,20.3058,1,1,SF60653,2026-07-01 0:00
M,USD,MXN,2022-10-01,20.1927,1,1,SF60653,2026-07-01 0:00
M,USD,MXN,2022-10-02,20.1927,1,1,SF60653,2026-07-01 0:00
M,USD,MXN,2022-10-03,20.1927,1,1,SF60653,2026-07-01 0:00
M,USD,MXN,2022-10-04,20.0925,1,1,SF60653,2026-07-01 0:00
M,USD,MXN,2022-10-05,20.0008,1,1,SF60653,2026-07-01 0:00
M,USD,MXN,2022-10-06,19.9698,1,1,SF60653,2026-07-01 0:00
M,USD,MXN,2022-10-07,20.1267,1,1,SF60653,2026-07-01 0:00
M,USD,MXN,2022-10-08,20.1087,1,1,SF60653,2026-07-01 0:00
M,USD,MXN,2022-10-09,20.1087,1,1,SF60653,2026-07-01 0:00
M,USD,MXN,2022-10-10,20.1087,1,1,SF60653,2026-07-01 0:00
M,USD,MXN,2022-10-11,20.0502,1,1,SF60653,2026-07-01 0:00
M,USD,MXN,2022-10-12,19.9752,1,1,SF60653,2026-07-01 0:00
M,USD,MXN,2022-10-13,19.9652,1,1,SF60653,2026-07-01 0:00
M,USD,MXN,2022-10-14,20.0352,1,1,SF60653,2026-07-01 0:00
M,USD,MXN,2022-10-15,20.0398,1,1,SF60653,2026-07-01 0:00
M,USD,MXN,2022-10-16,20.0398,1,1,SF60653,2026-07-01 0:00
M,USD,MXN,2022-10-17,20.0398,1,1,SF60653,2026-07-01 0:00
M,USD,MXN,2022-10-18,20.0838,1,1,SF60653,2026-07-01 0:00
M,USD,MXN,2022-10-19,19.9913,1,1,SF60653,2026-07-01 0:00
M,USD,MXN,2022-10-20,20.0207,1,1,SF60653,2026-07-01 0:00
M,USD,MXN,2022-10-21,20.1272,1,1,SF60653,2026-07-01 0:00
M,USD,MXN,2022-10-22,20.0448,1,1,SF60653,2026-07-01 0:00
M,USD,MXN,2022-10-23,20.0448,1,1,SF60653,2026-07-01 0:00
M,USD,MXN,2022-10-24,20.0448,1,1,SF60653,2026-07-01 0:00
M,USD,MXN,2022-10-25,19.9647,1,1,SF60653,2026-07-01 0:00
M,USD,MXN,2022-10-26,19.9535,1,1,SF60653,2026-07-01 0:00
M,USD,MXN,2022-10-27,19.8712,1,1,SF60653,2026-07-01 0:00
M,USD,MXN,2022-10-28,19.8553,1,1,SF60653,2026-07-01 0:00
M,USD,MXN,2022-10-29,19.8365,1,1,SF60653,2026-07-01 0:00
M,USD,MXN,2022-10-30,19.8365,1,1,SF60653,2026-07-01 0:00
M,USD,MXN,2022-10-31,19.8365,1,1,SF60653,2026-07-01 0:00
M,USD,MXN,2022-11-01,19.8303,1,1,SF60653,2026-07-01 0:00
M,USD,MXN,2022-11-02,19.8245,1,1,SF60653,2026-07-01 0:00
M,USD,MXN,2022-11-03,19.8245,1,1,SF60653,2026-07-01 0:00
M,USD,MXN,2022-11-04,19.7463,1,1,SF60653,2026-07-01 0:00
M,USD,MXN,2022-11-05,19.6673,1,1,SF60653,2026-07-01 0:00
M,USD,MXN,2022-11-06,19.6673,1,1,SF60653,2026-07-01 0:00
M,USD,MXN,2022-11-07,19.6673,1,1,SF60653,2026-07-01 0:00
M,USD,MXN,2022-11-08,19.5202,1,1,SF60653,2026-07-01 0:00
M,USD,MXN,2022-11-09,19.4647,1,1,SF60653,2026-07-01 0:00
M,USD,MXN,2022-11-10,19.4775,1,1,SF60653,2026-07-01 0:00
M,USD,MXN,2022-11-11,19.5887,1,1,SF60653,2026-07-01 0:00
M,USD,MXN,2022-11-12,19.394,1,1,SF60653,2026-07-01 0:00
M,USD,MXN,2022-11-13,19.394,1,1,SF60653,2026-07-01 0:00
M,USD,MXN,2022-11-14,19.394,1,1,SF60653,2026-07-01 0:00
M,USD,MXN,2022-11-15,19.5353,1,1,SF60653,2026-07-01 0:00
M,USD,MXN,2022-11-16,19.4015,1,1,SF60653,2026-07-01 0:00
M,USD,MXN,2022-11-17,19.3818,1,1,SF60653,2026-07-01 0:00
M,USD,MXN,2022-11-18,19.3137,1,1,SF60653,2026-07-01 0:00
M,USD,MXN,2022-11-19,19.4333,1,1,SF60653,2026-07-01 0:00
M,USD,MXN,2022-11-20,19.4333,1,1,SF60653,2026-07-01 0:00
M,USD,MXN,2022-11-21,19.4333,1,1,SF60653,2026-07-01 0:00
M,USD,MXN,2022-11-22,19.4333,1,1,SF60653,2026-07-01 0:00
M,USD,MXN,2022-11-23,19.493,1,1,SF60653,2026-07-01 0:00
M,USD,MXN,2022-11-24,19.4667,1,1,SF60653,2026-07-01 0:00
M,USD,MXN,2022-11-25,19.3683,1,1,SF60653,2026-07-01 0:00
M,USD,MXN,2022-11-26,19.3692,1,1,SF60653,2026-07-01 0:00
M,USD,MXN,2022-11-27,19.3692,1,1,SF60653,2026-07-01 0:00
M,USD,MXN,2022-11-28,19.3692,1,1,SF60653,2026-07-01 0:00
M,USD,MXN,2022-11-29,19.3393,1,1,SF60653,2026-07-01 0:00
M,USD,MXN,2022-11-30,19.325,1,1,SF60653,2026-07-01 0:00
M,USD,MXN,2022-12-01,19.216,1,1,SF60653,2026-07-01 0:00
M,USD,MXN,2022-12-02,19.3965,1,1,SF60653,2026-07-01 0:00
M,USD,MXN,2022-12-03,19.1433,1,1,SF60653,2026-07-01 0:00
M,USD,MXN,2022-12-04,19.1433,1,1,SF60653,2026-07-01 0:00
M,USD,MXN,2022-12-05,19.1433,1,1,SF60653,2026-07-01 0:00
M,USD,MXN,2022-12-06,19.3422,1,1,SF60653,2026-07-01 0:00
M,USD,MXN,2022-12-07,19.7567,1,1,SF60653,2026-07-01 0:00
M,USD,MXN,2022-12-08,19.803,1,1,SF60653,2026-07-01 0:00
M,USD,MXN,2022-12-09,19.6977,1,1,SF60653,2026-07-01 0:00
M,USD,MXN,2022-12-10,19.6732,1,1,SF60653,2026-07-01 0:00
M,USD,MXN,2022-12-11,19.6732,1,1,SF60653,2026-07-01 0:00
M,USD,MXN,2022-12-12,19.6732,1,1,SF60653,2026-07-01 0:00
M,USD,MXN,2022-12-13,19.6732,1,1,SF60653,2026-07-01 0:00
M,USD,MXN,2022-12-14,19.8192,1,1,SF60653,2026-07-01 0:00
M,USD,MXN,2022-12-15,19.6458,1,1,SF60653,2026-07-01 0:00
M,USD,MXN,2022-12-16,19.6955,1,1,SF60653,2026-07-01 0:00
M,USD,MXN,2022-12-17,19.7963,1,1,SF60653,2026-07-01 0:00
M,USD,MXN,2022-12-18,19.7963,1,1,SF60653,2026-07-01 0:00
M,USD,MXN,2022-12-19,19.7963,1,1,SF60653,2026-07-01 0:00
M,USD,MXN,2022-12-20,19.7932,1,1,SF60653,2026-07-01 0:00
M,USD,MXN,2022-12-21,19.7557,1,1,SF60653,2026-07-01 0:00
M,USD,MXN,2022-12-22,19.7482,1,1,SF60653,2026-07-01 0:00
M,USD,MXN,2022-12-23,19.6932,1,1,SF60653,2026-07-01 0:00
M,USD,MXN,2022-12-24,19.574,1,1,SF60653,2026-07-01 0:00
M,USD,MXN,2022-12-25,19.574,1,1,SF60653,2026-07-01 0:00
M,USD,MXN,2022-12-26,19.574,1,1,SF60653,2026-07-01 0:00
M,USD,MXN,2022-12-27,19.4287,1,1,SF60653,2026-07-01 0:00
M,USD,MXN,2022-12-28,19.3983,1,1,SF60653,2026-07-01 0:00
M,USD,MXN,2022-12-29,19.4407,1,1,SF60653,2026-07-01 0:00
M,USD,MXN,2022-12-30,19.4143,1,1,SF60653,2026-07-01 0:00
M,USD,MXN,2022-12-31,19.3615,1,1,SF60653,2026-07-01 0:00
M,USD,MXN,2023-01-01,19.3615,1,1,SF60653,2026-07-01 0:00
M,USD,MXN,2023-01-02,19.3615,1,1,SF60653,2026-07-01 0:00
M,USD,MXN,2023-01-03,19.4715,1,1,SF60653,2026-07-01 0:00
M,USD,MXN,2023-01-04,19.4883,1,1,SF60653,2026-07-01 0:00
M,USD,MXN,2023-01-05,19.422,1,1,SF60653,2026-07-01 0:00
M,USD,MXN,2023-01-06,19.3568,1,1,SF60653,2026-07-01 0:00
M,USD,MXN,2023-01-07,19.3672,1,1,SF60653,2026-07-01 0:00
M,USD,MXN,2023-01-08,19.3672,1,1,SF60653,2026-07-01 0:00
M,USD,MXN,2023-01-09,19.3672,1,1,SF60653,2026-07-01 0:00
M,USD,MXN,2023-01-10,19.1753,1,1,SF60653,2026-07-01 0:00
M,USD,MXN,2023-01-11,19.1648,1,1,SF60653,2026-07-01 0:00
M,USD,MXN,2023-01-12,19.1108,1,1,SF60653,2026-07-01 0:00
M,USD,MXN,2023-01-13,19.026,1,1,SF60653,2026-07-01 0:00
M,USD,MXN,2023-01-14,18.8735,1,1,SF60653,2026-07-01 0:00
M,USD,MXN,2023-01-15,18.8735,1,1,SF60653,2026-07-01 0:00
M,USD,MXN,2023-01-16,18.8735,1,1,SF60653,2026-07-01 0:00
M,USD,MXN,2023-01-17,18.7922,1,1,SF60653,2026-07-01 0:00
M,USD,MXN,2023-01-18,18.7913,1,1,SF60653,2026-07-01 0:00
M,USD,MXN,2023-01-19,18.7493,1,1,SF60653,2026-07-01 0:00
M,USD,MXN,2023-01-20,18.7493,1,1,SF60653,2026-07-01 0:00
M,USD,MXN,2023-01-21,19.0327,1,1,SF60653,2026-07-01 0:00
M,USD,MXN,2023-01-22,19.0327,1,1,SF60653,2026-07-01 0:00
M,USD,MXN,2023-01-23,19.0327,1,1,SF60653,2026-07-01 0:00
M,USD,MXN,2023-01-24,18.9257,1,1,SF60653,2026-07-01 0:00
M,USD,MXN,2023-01-25,18.8267,1,1,SF60653,2026-07-01 0:00
M,USD,MXN,2023-01-26,18.8318,1,1,SF60653,2026-07-01 0:00
M,USD,MXN,2023-01-27,18.82,1,1,SF60653,2026-07-01 0:00
M,USD,MXN,2023-01-28,18.8355,1,1,SF60653,2026-07-01 0:00
M,USD,MXN,2023-01-29,18.8355,1,1,SF60653,2026-07-01 0:00
M,USD,MXN,2023-01-30,18.8355,1,1,SF60653,2026-07-01 0:00
M,USD,MXN,2023-01-31,18.7872,1,1,SF60653,2026-07-01 0:00
M,USD,MXN,2023-02-01,18.7793,1,1,SF60653,2026-07-01 0:00
M,USD,MXN,2023-02-02,18.7937,1,1,SF60653,2026-07-01 0:00
M,USD,MXN,2023-02-03,18.739,1,1,SF60653,2026-07-01 0:00
M,USD,MXN,2023-02-04,18.6232,1,1,SF60653,2026-07-01 0:00
M,USD,MXN,2023-02-05,18.6232,1,1,SF60653,2026-07-01 0:00
M,USD,MXN,2023-02-06,18.6232,1,1,SF60653,2026-07-01 0:00
M,USD,MXN,2023-02-07,18.6232,1,1,SF60653,2026-07-01 0:00
M,USD,MXN,2023-02-08,18.8895,1,1,SF60653,2026-07-01 0:00
M,USD,MXN,2023-02-09,19.0517,1,1,SF60653,2026-07-01 0:00
M,USD,MXN,2023-02-10,18.9435,1,1,SF60653,2026-07-01 0:00
M,USD,MXN,2023-02-11,18.9543,1,1,SF60653,2026-07-01 0:00
M,USD,MXN,2023-02-12,18.9543,1,1,SF60653,2026-07-01 0:00
M,USD,MXN,2023-02-13,18.9543,1,1,SF60653,2026-07-01 0:00
M,USD,MXN,2023-02-14,18.6893,1,1,SF60653,2026-07-01 0:00
M,USD,MXN,2023-02-15,18.6327,1,1,SF60653,2026-07-01 0:00
M,USD,MXN,2023-02-16,18.5383,1,1,SF60653,2026-07-01 0:00
M,USD,MXN,2023-02-17,18.6428,1,1,SF60653,2026-07-01 0:00
M,USD,MXN,2023-02-18,18.5497,1,1,SF60653,2026-07-01 0:00
M,USD,MXN,2023-02-19,18.5497,1,1,SF60653,2026-07-01 0:00
M,USD,MXN,2023-02-20,18.5497,1,1,SF60653,2026-07-01 0:00
M,USD,MXN,2023-02-21,18.4142,1,1,SF60653,2026-07-01 0:00
M,USD,MXN,2023-02-22,18.397,1,1,SF60653,2026-07-01 0:00
M,USD,MXN,2023-02-23,18.3938,1,1,SF60653,2026-07-01 0:00
M,USD,MXN,2023-02-24,18.3483,1,1,SF60653,2026-07-01 0:00
M,USD,MXN,2023-02-25,18.4107,1,1,SF60653,2026-07-01 0:00
M,USD,MXN,2023-02-26,18.4107,1,1,SF60653,2026-07-01 0:00
M,USD,MXN,2023-02-27,18.4107,1,1,SF60653,2026-07-01 0:00
M,USD,MXN,2023-02-28,18.4023,1,1,SF60653,2026-07-01 0:00
M,USD,MXN,2023-03-01,18.4077,1,1,SF60653,2026-07-01 0:00
M,USD,MXN,2023-03-02,18.3448,1,1,SF60653,2026-07-01 0:00
M,USD,MXN,2023-03-03,18.17,1,1,SF60653,2026-07-01 0:00
M,USD,MXN,2023-03-04,18.126,1,1,SF60653,2026-07-01 0:00
M,USD,MXN,2023-03-05,18.126,1,1,SF60653,2026-07-01 0:00
M,USD,MXN,2023-03-06,18.126,1,1,SF60653,2026-07-01 0:00
M,USD,MXN,2023-03-07,18.0123,1,1,SF60653,2026-07-01 0:00
M,USD,MXN,2023-03-08,18.0122,1,1,SF60653,2026-07-01 0:00
M,USD,MXN,2023-03-09,18.1155,1,1,SF60653,2026-07-01 0:00
M,USD,MXN,2023-03-10,17.9662,1,1,SF60653,2026-07-01 0:00
M,USD,MXN,2023-03-11,18.0577,1,1,SF60653,2026-07-01 0:00
M,USD,MXN,2023-03-12,18.0577,1,1,SF60653,2026-07-01 0:00
M,USD,MXN,2023-03-13,18.0577,1,1,SF60653,2026-07-01 0:00
M,USD,MXN,2023-03-14,18.4083,1,1,SF60653,2026-07-01 0:00
M,USD,MXN,2023-03-15,18.8302,1,1,SF60653,2026-07-01 0:00
M,USD,MXN,2023-03-16,18.6427,1,1,SF60653,2026-07-01 0:00
M,USD,MXN,2023-03-17,18.9972,1,1,SF60653,2026-07-01 0:00
M,USD,MXN,2023-03-18,18.9095,1,1,SF60653,2026-07-01 0:00
M,USD,MXN,2023-03-19,18.9095,1,1,SF60653,2026-07-01 0:00
M,USD,MXN,2023-03-20,18.9095,1,1,SF60653,2026-07-01 0:00
M,USD,MXN,2023-03-21,18.9095,1,1,SF60653,2026-07-01 0:00
M,USD,MXN,2023-03-22,18.8977,1,1,SF60653,2026-07-01 0:00
M,USD,MXN,2023-03-23,18.6755,1,1,SF60653,2026-07-01 0:00
M,USD,MXN,2023-03-24,18.5437,1,1,SF60653,2026-07-01 0:00
M,USD,MXN,2023-03-25,18.4902,1,1,SF60653,2026-07-01 0:00
M,USD,MXN,2023-03-26,18.4902,1,1,SF60653,2026-07-01 0:00
M,USD,MXN,2023-03-27,18.4902,1,1,SF60653,2026-07-01 0:00
M,USD,MXN,2023-03-28,18.5178,1,1,SF60653,2026-07-01 0:00
M,USD,MXN,2023-03-29,18.383,1,1,SF60653,2026-07-01 0:00
M,USD,MXN,2023-03-30,18.2523,1,1,SF60653,2026-07-01 0:00
M,USD,MXN,2023-03-31,18.1052,1,1,SF60653,2026-07-01 0:00
M,USD,MXN,2023-04-01,18.0932,1,1,SF60653,2026-07-01 0:00
M,USD,MXN,2023-04-02,18.0932,1,1,SF60653,2026-07-01 0:00
M,USD,MXN,2023-04-03,18.0932,1,1,SF60653,2026-07-01 0:00
M,USD,MXN,2023-04-04,18.0415,1,1,SF60653,2026-07-01 0:00
M,USD,MXN,2023-04-05,18.107,1,1,SF60653,2026-07-01 0:00
M,USD,MXN,2023-04-06,18.1185,1,1,SF60653,2026-07-01 0:00
M,USD,MXN,2023-04-07,18.1185,1,1,SF60653,2026-07-01 0:00
M,USD,MXN,2023-04-08,18.1185,1,1,SF60653,2026-07-01 0:00
M,USD,MXN,2023-04-09,18.1185,1,1,SF60653,2026-07-01 0:00
M,USD,MXN,2023-04-10,18.1185,1,1,SF60653,2026-07-01 0:00
M,USD,MXN,2023-04-11,18.3323,1,1,SF60653,2026-07-01 0:00
M,USD,MXN,2023-04-12,18.1765,1,1,SF60653,2026-07-01 0:00
M,USD,MXN,2023-04-13,18.187,1,1,SF60653,2026-07-01 0:00
M,USD,MXN,2023-04-14,18.066,1,1,SF60653,2026-07-01 0:00
M,USD,MXN,2023-04-15,18.0152,1,1,SF60653,2026-07-01 0:00
M,USD,MXN,2023-04-16,18.0152,1,1,SF60653,2026-07-01 0:00
M,USD,MXN,2023-04-17,18.0152,1,1,SF60653,2026-07-01 0:00
M,USD,MXN,2023-04-18,18.0638,1,1,SF60653,2026-07-01 0:00
M,USD,MXN,2023-04-19,18.0868,1,1,SF60653,2026-07-01 0:00
M,USD,MXN,2023-04-20,18.063,1,1,SF60653,2026-07-01 0:00
M,USD,MXN,2023-04-21,18.0448,1,1,SF60653,2026-07-01 0:00
M,USD,MXN,2023-04-22,18.009,1,1,SF60653,2026-07-01 0:00
M,USD,MXN,2023-04-23,18.009,1,1,SF60653,2026-07-01 0:00
M,USD,MXN,2023-04-24,18.009,1,1,SF60653,2026-07-01 0:00
M,USD,MXN,2023-04-25,17.9988,1,1,SF60653,2026-07-01 0:00
M,USD,MXN,2023-04-26,18.0082,1,1,SF60653,2026-07-01 0:00
M,USD,MXN,2023-04-27,18.0892,1,1,SF60653,2026-07-01 0:00
M,USD,MXN,2023-04-28,18.103,1,1,SF60653,2026-07-01 0:00
M,USD,MXN,2023-04-29,18.0723,1,1,SF60653,2026-07-01 0:00
M,USD,MXN,2023-04-30,18.0723,1,1,SF60653,2026-07-01 0:00
M,USD,MXN,2023-05-01,18.0723,1,1,SF60653,2026-07-01 0:00
M,USD,MXN,2023-05-02,18.0723,1,1,SF60653,2026-07-01 0:00
M,USD,MXN,2023-05-03,17.9975,1,1,SF60653,2026-07-01 0:00
M,USD,MXN,2023-05-04,18.0325,1,1,SF60653,2026-07-01 0:00
M,USD,MXN,2023-05-05,17.906,1,1,SF60653,2026-07-01 0:00
M,USD,MXN,2023-05-06,17.9575,1,1,SF60653,2026-07-01 0:00
M,USD,MXN,2023-05-07,17.9575,1,1,SF60653,2026-07-01 0:00
M,USD,MXN,2023-05-08,17.9575,1,1,SF60653,2026-07-01 0:00
M,USD,MXN,2023-05-09,17.7863,1,1,SF60653,2026-07-01 0:00
M,USD,MXN,2023-05-10,17.8213,1,1,SF60653,2026-07-01 0:00
M,USD,MXN,2023-05-11,17.7608,1,1,SF60653,2026-07-01 0:00
M,USD,MXN,2023-05-12,17.5845,1,1,SF60653,2026-07-01 0:00
M,USD,MXN,2023-05-13,17.6287,1,1,SF60653,2026-07-01 0:00
M,USD,MXN,2023-05-14,17.6287,1,1,SF60653,2026-07-01 0:00
M,USD,MXN,2023-05-15,17.6287,1,1,SF60653,2026-07-01 0:00
M,USD,MXN,2023-05-16,17.6142,1,1,SF60653,2026-07-01 0:00
M,USD,MXN,2023-05-17,17.538,1,1,SF60653,2026-07-01 0:00
M,USD,MXN,2023-05-18,17.4672,1,1,SF60653,2026-07-01 0:00
M,USD,MXN,2023-05-19,17.5872,1,1,SF60653,2026-07-01 0:00
M,USD,MXN,2023-05-20,17.7342,1,1,SF60653,2026-07-01 0:00
M,USD,MXN,2023-05-21,17.7342,1,1,SF60653,2026-07-01 0:00
M,USD,MXN,2023-05-22,17.7342,1,1,SF60653,2026-07-01 0:00
M,USD,MXN,2023-05-23,17.693,1,1,SF60653,2026-07-01 0:00
M,USD,MXN,2023-05-24,17.868,1,1,SF60653,2026-07-01 0:00
M,USD,MXN,2023-05-25,17.9687,1,1,SF60653,2026-07-01 0:00
M,USD,MXN,2023-05-26,17.8195,1,1,SF60653,2026-07-01 0:00
M,USD,MXN,2023-05-27,17.8252,1,1,SF60653,2026-07-01 0:00
M,USD,MXN,2023-05-28,17.8252,1,1,SF60653,2026-07-01 0:00
M,USD,MXN,2023-05-29,17.8252,1,1,SF60653,2026-07-01 0:00
M,USD,MXN,2023-05-30,17.6723,1,1,SF60653,2026-07-01 0:00
M,USD,MXN,2023-05-31,17.5605,1,1,SF60653,2026-07-01 0:00
M,USD,MXN,2023-06-01,17.6532,1,1,SF60653,2026-07-01 0:00
M,USD,MXN,2023-06-02,17.7418,1,1,SF60653,2026-07-01 0:00
M,USD,MXN,2023-06-03,17.5673,1,1,SF60653,2026-07-01 0:00
M,USD,MXN,2023-06-04,17.5673,1,1,SF60653,2026-07-01 0:00
M,USD,MXN,2023-06-05,17.5673,1,1,SF60653,2026-07-01 0:00
M,USD,MXN,2023-06-06,17.5063,1,1,SF60653,2026-07-01 0:00
M,USD,MXN,2023-06-07,17.4732,1,1,SF60653,2026-07-01 0:00
M,USD,MXN,2023-06-08,17.4192,1,1,SF60653,2026-07-01 0:00
M,USD,MXN,2023-06-09,17.3608,1,1,SF60653,2026-07-01 0:00
M,USD,MXN,2023-06-10,17.4085,1,1,SF60653,2026-07-01 0:00
M,USD,MXN,2023-06-11,17.4085,1,1,SF60653,2026-07-01 0:00
M,USD,MXN,2023-06-12,17.4085,1,1,SF60653,2026-07-01 0:00
M,USD,MXN,2023-06-13,17.284,1,1,SF60653,2026-07-01 0:00
M,USD,MXN,2023-06-14,17.312,1,1,SF60653,2026-07-01 0:00
M,USD,MXN,2023-06-15,17.2185,1,1,SF60653,2026-07-01 0:00
M,USD,MXN,2023-06-16,17.1247,1,1,SF60653,2026-07-01 0:00
M,USD,MXN,2023-06-17,17.1762,1,1,SF60653,2026-07-01 0:00
M,USD,MXN,2023-06-18,17.1762,1,1,SF60653,2026-07-01 0:00
M,USD,MXN,2023-06-19,17.1762,1,1,SF60653,2026-07-01 0:00
M,USD,MXN,2023-06-20,17.0792,1,1,SF60653,2026-07-01 0:00
M,USD,MXN,2023-06-21,17.0945,1,1,SF60653,2026-07-01 0:00
M,USD,MXN,2023-06-22,17.2043,1,1,SF60653,2026-07-01 0:00
M,USD,MXN,2023-06-23,17.1547,1,1,SF60653,2026-07-01 0:00
M,USD,MXN,2023-06-24,17.1713,1,1,SF60653,2026-07-01 0:00
M,USD,MXN,2023-06-25,17.1713,1,1,SF60653,2026-07-01 0:00
M,USD,MXN,2023-06-26,17.1713,1,1,SF60653,2026-07-01 0:00
M,USD,MXN,2023-06-27,17.1795,1,1,SF60653,2026-07-01 0:00
M,USD,MXN,2023-06-28,17.1445,1,1,SF60653,2026-07-01 0:00
M,USD,MXN,2023-06-29,17.1013,1,1,SF60653,2026-07-01 0:00
M,USD,MXN,2023-06-30,17.072,1,1,SF60653,2026-07-01 0:00
M,USD,MXN,2023-07-01,17.1187,1,1,SF60653,2026-07-01 0:00
M,USD,MXN,2023-07-02,17.1187,1,1,SF60653,2026-07-01 0:00
M,USD,MXN,2023-07-03,17.1187,1,1,SF60653,2026-07-01 0:00
M,USD,MXN,2023-07-04,17.1358,1,1,SF60653,2026-07-01 0:00
M,USD,MXN,2023-07-05,17.0517,1,1,SF60653,2026-07-01 0:00
M,USD,MXN,2023-07-06,17.026,1,1,SF60653,2026-07-01 0:00
M,USD,MXN,2023-07-07,17.004,1,1,SF60653,2026-07-01 0:00
M,USD,MXN,2023-07-08,17.2825,1,1,SF60653,2026-07-01 0:00
M,USD,MXN,2023-07-09,17.2825,1,1,SF60653,2026-07-01 0:00
M,USD,MXN,2023-07-10,17.2825,1,1,SF60653,2026-07-01 0:00
M,USD,MXN,2023-07-11,17.1012,1,1,SF60653,2026-07-01 0:00
M,USD,MXN,2023-07-12,17.0605,1,1,SF60653,2026-07-01 0:00
M,USD,MXN,2023-07-13,17.0783,1,1,SF60653,2026-07-01 0:00
M,USD,MXN,2023-07-14,16.8537,1,1,SF60653,2026-07-01 0:00
M,USD,MXN,2023-07-15,16.8905,1,1,SF60653,2026-07-01 0:00
M,USD,MXN,2023-07-16,16.8905,1,1,SF60653,2026-07-01 0:00
M,USD,MXN,2023-07-17,16.8905,1,1,SF60653,2026-07-01 0:00
M,USD,MXN,2023-07-18,16.7892,1,1,SF60653,2026-07-01 0:00
M,USD,MXN,2023-07-19,16.7858,1,1,SF60653,2026-07-01 0:00
M,USD,MXN,2023-07-20,16.748,1,1,SF60653,2026-07-01 0:00
M,USD,MXN,2023-07-21,16.7667,1,1,SF60653,2026-07-01 0:00
M,USD,MXN,2023-07-22,16.846,1,1,SF60653,2026-07-01 0:00
M,USD,MXN,2023-07-23,16.846,1,1,SF60653,2026-07-01 0:00
M,USD,MXN,2023-07-24,16.846,1,1,SF60653,2026-07-01 0:00
M,USD,MXN,2023-07-25,16.9393,1,1,SF60653,2026-07-01 0:00
M,USD,MXN,2023-07-26,16.8367,1,1,SF60653,2026-07-01 0:00
M,USD,MXN,2023-07-27,16.9075,1,1,SF60653,2026-07-01 0:00
M,USD,MXN,2023-07-28,16.8825,1,1,SF60653,2026-07-01 0:00
M,USD,MXN,2023-07-29,16.7338,1,1,SF60653,2026-07-01 0:00
M,USD,MXN,2023-07-30,16.7338,1,1,SF60653,2026-07-01 0:00
M,USD,MXN,2023-07-31,16.7338,1,1,SF60653,2026-07-01 0:00
M,USD,MXN,2023-08-01,16.6895,1,1,SF60653,2026-07-01 0:00
M,USD,MXN,2023-08-02,16.7303,1,1,SF60653,2026-07-01 0:00
M,USD,MXN,2023-08-03,16.8533,1,1,SF60653,2026-07-01 0:00
M,USD,MXN,2023-08-04,17.0193,1,1,SF60653,2026-07-01 0:00
M,USD,MXN,2023-08-05,17.2892,1,1,SF60653,2026-07-01 0:00
M,USD,MXN,2023-08-06,17.2892,1,1,SF60653,2026-07-01 0:00
M,USD,MXN,2023-08-07,17.2892,1,1,SF60653,2026-07-01 0:00
M,USD,MXN,2023-08-08,17.0555,1,1,SF60653,2026-07-01 0:00
M,USD,MXN,2023-08-09,17.0608,1,1,SF60653,2026-07-01 0:00
M,USD,MXN,2023-08-10,17.1122,1,1,SF60653,2026-07-01 0:00
M,USD,MXN,2023-08-11,17.0767,1,1,SF60653,2026-07-01 0:00
M,USD,MXN,2023-08-12,16.9548,1,1,SF60653,2026-07-01 0:00
M,USD,MXN,2023-08-13,16.9548,1,1,SF60653,2026-07-01 0:00
M,USD,MXN,2023-08-14,16.9548,1,1,SF60653,2026-07-01 0:00
M,USD,MXN,2023-08-15,17.0045,1,1,SF60653,2026-07-01 0:00
M,USD,MXN,2023-08-16,17.0672,1,1,SF60653,2026-07-01 0:00
M,USD,MXN,2023-08-17,17.1388,1,1,SF60653,2026-07-01 0:00
M,USD,MXN,2023-08-18,17.0768,1,1,SF60653,2026-07-01 0:00
M,USD,MXN,2023-08-19,17.1225,1,1,SF60653,2026-07-01 0:00
M,USD,MXN,2023-08-20,17.1225,1,1,SF60653,2026-07-01 0:00
M,USD,MXN,2023-08-21,17.1225,1,1,SF60653,2026-07-01 0:00
M,USD,MXN,2023-08-22,17.0477,1,1,SF60653,2026-07-01 0:00
M,USD,MXN,2023-08-23,17.0202,1,1,SF60653,2026-07-01 0:00
M,USD,MXN,2023-08-24,16.9267,1,1,SF60653,2026-07-01 0:00
M,USD,MXN,2023-08-25,16.8077,1,1,SF60653,2026-07-01 0:00
M,USD,MXN,2023-08-26,16.809,1,1,SF60653,2026-07-01 0:00
M,USD,MXN,2023-08-27,16.809,1,1,SF60653,2026-07-01 0:00
M,USD,MXN,2023-08-28,16.809,1,1,SF60653,2026-07-01 0:00
M,USD,MXN,2023-08-29,16.7718,1,1,SF60653,2026-07-01 0:00
M,USD,MXN,2023-08-30,16.7432,1,1,SF60653,2026-07-01 0:00
M,USD,MXN,2023-08-31,16.8402,1,1,SF60653,2026-07-01 0:00
M,USD,MXN,2023-09-01,16.7477,1,1,SF60653,2026-07-01 0:00
M,USD,MXN,2023-09-02,16.917,1,1,SF60653,2026-07-01 0:00
M,USD,MXN,2023-09-03,16.917,1,1,SF60653,2026-07-01 0:00
M,USD,MXN,2023-09-04,16.917,1,1,SF60653,2026-07-01 0:00
M,USD,MXN,2023-09-05,17.1113,1,1,SF60653,2026-07-01 0:00
M,USD,MXN,2023-09-06,17.175,1,1,SF60653,2026-07-01 0:00
M,USD,MXN,2023-09-07,17.3492,1,1,SF60653,2026-07-01 0:00
M,USD,MXN,2023-09-08,17.5805,1,1,SF60653,2026-07-01 0:00
M,USD,MXN,2023-09-09,17.5543,1,1,SF60653,2026-07-01 0:00
M,USD,MXN,2023-09-10,17.5543,1,1,SF60653,2026-07-01 0:00
M,USD,MXN,2023-09-11,17.5543,1,1,SF60653,2026-07-01 0:00
M,USD,MXN,2023-09-12,17.5767,1,1,SF60653,2026-07-01 0:00
M,USD,MXN,2023-09-13,17.3813,1,1,SF60653,2026-07-01 0:00
M,USD,MXN,2023-09-14,17.2553,1,1,SF60653,2026-07-01 0:00
M,USD,MXN,2023-09-15,17.1235,1,1,SF60653,2026-07-01 0:00
M,USD,MXN,2023-09-16,17.1042,1,1,SF60653,2026-07-01 0:00
M,USD,MXN,2023-09-17,17.1042,1,1,SF60653,2026-07-01 0:00
M,USD,MXN,2023-09-18,17.1042,1,1,SF60653,2026-07-01 0:00
M,USD,MXN,2023-09-19,17.0807,1,1,SF60653,2026-07-01 0:00
M,USD,MXN,2023-09-20,17.1307,1,1,SF60653,2026-07-01 0:00
M,USD,MXN,2023-09-21,17.0805,1,1,SF60653,2026-07-01 0:00
M,USD,MXN,2023-09-22,17.024,1,1,SF60653,2026-07-01 0:00
M,USD,MXN,2023-09-23,17.1675,1,1,SF60653,2026-07-01 0:00
M,USD,MXN,2023-09-24,17.1675,1,1,SF60653,2026-07-01 0:00
M,USD,MXN,2023-09-25,17.1675,1,1,SF60653,2026-07-01 0:00
M,USD,MXN,2023-09-26,17.1568,1,1,SF60653,2026-07-01 0:00
M,USD,MXN,2023-09-27,17.3733,1,1,SF60653,2026-07-01 0:00
M,USD,MXN,2023-09-28,17.4758,1,1,SF60653,2026-07-01 0:00
M,USD,MXN,2023-09-29,17.7287,1,1,SF60653,2026-07-01 0:00
M,USD,MXN,2023-09-30,17.6195,1,1,SF60653,2026-07-01 0:00
M,USD,MXN,2023-10-01,17.6195,1,1,SF60653,2026-07-01 0:00
M,USD,MXN,2023-10-02,17.6195,1,1,SF60653,2026-07-01 0:00
M,USD,MXN,2023-10-03,17.4127,1,1,SF60653,2026-07-01 0:00
M,USD,MXN,2023-10-04,17.592,1,1,SF60653,2026-07-01 0:00
M,USD,MXN,2023-10-05,17.9025,1,1,SF60653,2026-07-01 0:00
M,USD,MXN,2023-10-06,18.017,1,1,SF60653,2026-07-01 0:00
M,USD,MXN,2023-10-07,18.2407,1,1,SF60653,2026-07-01 0:00
M,USD,MXN,2023-10-08,18.2407,1,1,SF60653,2026-07-01 0:00
M,USD,MXN,2023-10-09,18.2407,1,1,SF60653,2026-07-01 0:00
M,USD,MXN,2023-10-10,18.1837,1,1,SF60653,2026-07-01 0:00
M,USD,MXN,2023-10-11,18.3482,1,1,SF60653,2026-07-01 0:00
M,USD,MXN,2023-10-12,17.9917,1,1,SF60653,2026-07-01 0:00
M,USD,MXN,2023-10-13,17.842,1,1,SF60653,2026-07-01 0:00
M,USD,MXN,2023-10-14,17.9132,1,1,SF60653,2026-07-01 0:00
M,USD,MXN,2023-10-15,17.9132,1,1,SF60653,2026-07-01 0:00
M,USD,MXN,2023-10-16,17.9132,1,1,SF60653,2026-07-01 0:00
M,USD,MXN,2023-10-17,18.0362,1,1,SF60653,2026-07-01 0:00
M,USD,MXN,2023-10-18,17.9568,1,1,SF60653,2026-07-01 0:00
M,USD,MXN,2023-10-19,17.9097,1,1,SF60653,2026-07-01 0:00
M,USD,MXN,2023-10-20,18.244,1,1,SF60653,2026-07-01 0:00
M,USD,MXN,2023-10-21,18.2873,1,1,SF60653,2026-07-01 0:00
M,USD,MXN,2023-10-22,18.2873,1,1,SF60653,2026-07-01 0:00
M,USD,MXN,2023-10-23,18.2873,1,1,SF60653,2026-07-01 0:00
M,USD,MXN,2023-10-24,18.2343,1,1,SF60653,2026-07-01 0:00
M,USD,MXN,2023-10-25,18.1218,1,1,SF60653,2026-07-01 0:00
M,USD,MXN,2023-10-26,18.2842,1,1,SF60653,2026-07-01 0:00
M,USD,MXN,2023-10-27,18.3122,1,1,SF60653,2026-07-01 0:00
M,USD,MXN,2023-10-28,18.2178,1,1,SF60653,2026-07-01 0:00
M,USD,MXN,2023-10-29,18.2178,1,1,SF60653,2026-07-01 0:00
M,USD,MXN,2023-10-30,18.2178,1,1,SF60653,2026-07-01 0:00
M,USD,MXN,2023-10-31,18.0752,1,1,SF60653,2026-07-01 0:00
M,USD,MXN,2023-11-01,18.064,1,1,SF60653,2026-07-01 0:00
M,USD,MXN,2023-11-02,18.0368,1,1,SF60653,2026-07-01 0:00
M,USD,MXN,2023-11-03,18.0368,1,1,SF60653,2026-07-01 0:00
M,USD,MXN,2023-11-04,17.9305,1,1,SF60653,2026-07-01 0:00
M,USD,MXN,2023-11-05,17.9305,1,1,SF60653,2026-07-01 0:00
M,USD,MXN,2023-11-06,17.9305,1,1,SF60653,2026-07-01 0:00
M,USD,MXN,2023-11-07,17.4117,1,1,SF60653,2026-07-01 0:00
M,USD,MXN,2023-11-08,17.5308,1,1,SF60653,2026-07-01 0:00
M,USD,MXN,2023-11-09,17.5097,1,1,SF60653,2026-07-01 0:00
M,USD,MXN,2023-11-10,17.5017,1,1,SF60653,2026-07-01 0:00
M,USD,MXN,2023-11-11,17.4888,1,1,SF60653,2026-07-01 0:00
M,USD,MXN,2023-11-12,17.4888,1,1,SF60653,2026-07-01 0:00
M,USD,MXN,2023-11-13,17.4888,1,1,SF60653,2026-07-01 0:00
M,USD,MXN,2023-11-14,17.748,1,1,SF60653,2026-07-01 0:00
M,USD,MXN,2023-11-15,17.6138,1,1,SF60653,2026-07-01 0:00
M,USD,MXN,2023-11-16,17.3917,1,1,SF60653,2026-07-01 0:00
M,USD,MXN,2023-11-17,17.3387,1,1,SF60653,2026-07-01 0:00
M,USD,MXN,2023-11-18,17.2708,1,1,SF60653,2026-07-01 0:00
M,USD,MXN,2023-11-19,17.2708,1,1,SF60653,2026-07-01 0:00
M,USD,MXN,2023-11-20,17.2708,1,1,SF60653,2026-07-01 0:00
M,USD,MXN,2023-11-21,17.2708,1,1,SF60653,2026-07-01 0:00
M,USD,MXN,2023-11-22,17.2175,1,1,SF60653,2026-07-01 0:00
M,USD,MXN,2023-11-23,17.2102,1,1,SF60653,2026-07-01 0:00
M,USD,MXN,2023-11-24,17.2133,1,1,SF60653,2026-07-01 0:00
M,USD,MXN,2023-11-25,17.1787,1,1,SF60653,2026-07-01 0:00
M,USD,MXN,2023-11-26,17.1787,1,1,SF60653,2026-07-01 0:00
M,USD,MXN,2023-11-27,17.1787,1,1,SF60653,2026-07-01 0:00
M,USD,MXN,2023-11-28,17.1268,1,1,SF60653,2026-07-01 0:00
M,USD,MXN,2023-11-29,17.1555,1,1,SF60653,2026-07-01 0:00
M,USD,MXN,2023-11-30,17.1357,1,1,SF60653,2026-07-01 0:00
M,USD,MXN,2023-12-01,17.187,1,1,SF60653,2026-07-01 0:00
M,USD,MXN,2023-12-02,17.373,1,1,SF60653,2026-07-01 0:00
M,USD,MXN,2023-12-03,17.373,1,1,SF60653,2026-07-01 0:00
M,USD,MXN,2023-12-04,17.373,1,1,SF60653,2026-07-01 0:00
M,USD,MXN,2023-12-05,17.2143,1,1,SF60653,2026-07-01 0:00
M,USD,MXN,2023-12-06,17.406,1,1,SF60653,2026-07-01 0:00
M,USD,MXN,2023-12-07,17.4215,1,1,SF60653,2026-07-01 0:00
M,USD,MXN,2023-12-08,17.2685,1,1,SF60653,2026-07-01 0:00
M,USD,MXN,2023-12-09,17.4197,1,1,SF60653,2026-07-01 0:00
M,USD,MXN,2023-12-10,17.4197,1,1,SF60653,2026-07-01 0:00
M,USD,MXN,2023-12-11,17.4197,1,1,SF60653,2026-07-01 0:00
M,USD,MXN,2023-12-12,17.3688,1,1,SF60653,2026-07-01 0:00
M,USD,MXN,2023-12-13,17.3688,1,1,SF60653,2026-07-01 0:00
M,USD,MXN,2023-12-14,17.447,1,1,SF60653,2026-07-01 0:00
M,USD,MXN,2023-12-15,17.398,1,1,SF60653,2026-07-01 0:00
M,USD,MXN,2023-12-16,17.299,1,1,SF60653,2026-07-01 0:00
M,USD,MXN,2023-12-17,17.299,1,1,SF60653,2026-07-01 0:00
M,USD,MXN,2023-12-18,17.299,1,1,SF60653,2026-07-01 0:00
M,USD,MXN,2023-12-19,17.1908,1,1,SF60653,2026-07-01 0:00
M,USD,MXN,2023-12-20,17.2277,1,1,SF60653,2026-07-01 0:00
M,USD,MXN,2023-12-21,17.0652,1,1,SF60653,2026-07-01 0:00
M,USD,MXN,2023-12-22,17.0673,1,1,SF60653,2026-07-01 0:00
M,USD,MXN,2023-12-23,17.059,1,1,SF60653,2026-07-01 0:00
M,USD,MXN,2023-12-24,17.059,1,1,SF60653,2026-07-01 0:00
M,USD,MXN,2023-12-25,17.059,1,1,SF60653,2026-07-01 0:00
M,USD,MXN,2023-12-26,17.059,1,1,SF60653,2026-07-01 0:00
M,USD,MXN,2023-12-27,16.9738,1,1,SF60653,2026-07-01 0:00
M,USD,MXN,2023-12-28,16.9727,1,1,SF60653,2026-07-01 0:00
M,USD,MXN,2023-12-29,16.922,1,1,SF60653,2026-07-01 0:00
M,USD,MXN,2023-12-30,16.8935,1,1,SF60653,2026-07-01 0:00
M,USD,MXN,2023-12-31,16.8935,1,1,SF60653,2026-07-01 0:00
M,USD,MXN,2024-01-01,16.8935,1,1,SF60653,2026-07-01 0:00
M,USD,MXN,2024-01-02,16.8935,1,1,SF60653,2026-07-01 0:00
M,USD,MXN,2024-01-03,16.919,1,1,SF60653,2026-07-01 0:00
M,USD,MXN,2024-01-04,17.0297,1,1,SF60653,2026-07-01 0:00
M,USD,MXN,2024-01-05,17.0492,1,1,SF60653,2026-07-01 0:00
M,USD,MXN,2024-01-06,17.0458,1,1,SF60653,2026-07-01 0:00
M,USD,MXN,2024-01-07,17.0458,1,1,SF60653,2026-07-01 0:00
M,USD,MXN,2024-01-08,17.0458,1,1,SF60653,2026-07-01 0:00
M,USD,MXN,2024-01-09,16.8987,1,1,SF60653,2026-07-01 0:00
M,USD,MXN,2024-01-10,16.8133,1,1,SF60653,2026-07-01 0:00
M,USD,MXN,2024-01-11,16.9347,1,1,SF60653,2026-07-01 0:00
M,USD,MXN,2024-01-12,16.9912,1,1,SF60653,2026-07-01 0:00
M,USD,MXN,2024-01-13,16.9898,1,1,SF60653,2026-07-01 0:00
M,USD,MXN,2024-01-14,16.9898,1,1,SF60653,2026-07-01 0:00
M,USD,MXN,2024-01-15,16.9898,1,1,SF60653,2026-07-01 0:00
M,USD,MXN,2024-01-16,16.858,1,1,SF60653,2026-07-01 0:00
M,USD,MXN,2024-01-17,16.8983,1,1,SF60653,2026-07-01 0:00
M,USD,MXN,2024-01-18,17.1598,1,1,SF60653,2026-07-01 0:00
M,USD,MXN,2024-01-19,17.2957,1,1,SF60653,2026-07-01 0:00
M,USD,MXN,2024-01-20,17.1995,1,1,SF60653,2026-07-01 0:00
M,USD,MXN,2024-01-21,17.1995,1,1,SF60653,2026-07-01 0:00
M,USD,MXN,2024-01-22,17.1995,1,1,SF60653,2026-07-01 0:00
M,USD,MXN,2024-01-23,17.1325,1,1,SF60653,2026-07-01 0:00
M,USD,MXN,2024-01-24,17.1125,1,1,SF60653,2026-07-01 0:00
M,USD,MXN,2024-01-25,17.352,1,1,SF60653,2026-07-01 0:00
M,USD,MXN,2024-01-26,17.1673,1,1,SF60653,2026-07-01 0:00
M,USD,MXN,2024-01-27,17.2375,1,1,SF60653,2026-07-01 0:00
M,USD,MXN,2024-01-28,17.2375,1,1,SF60653,2026-07-01 0:00
M,USD,MXN,2024-01-29,17.2375,1,1,SF60653,2026-07-01 0:00
M,USD,MXN,2024-01-30,17.1657,1,1,SF60653,2026-07-01 0:00
M,USD,MXN,2024-01-31,17.2333,1,1,SF60653,2026-07-01 0:00
M,USD,MXN,2024-02-01,17.1932,1,1,SF60653,2026-07-01 0:00
M,USD,MXN,2024-02-02,17.1633,1,1,SF60653,2026-07-01 0:00
M,USD,MXN,2024-02-03,17.1335,1,1,SF60653,2026-07-01 0:00
M,USD,MXN,2024-02-04,17.1335,1,1,SF60653,2026-07-01 0:00
M,USD,MXN,2024-02-05,17.1335,1,1,SF60653,2026-07-01 0:00
M,USD,MXN,2024-02-06,17.1335,1,1,SF60653,2026-07-01 0:00
M,USD,MXN,2024-02-07,17.1447,1,1,SF60653,2026-07-01 0:00
M,USD,MXN,2024-02-08,17.0357,1,1,SF60653,2026-07-01 0:00
M,USD,MXN,2024-02-09,17.0398,1,1,SF60653,2026-07-01 0:00
M,USD,MXN,2024-02-10,17.1023,1,1,SF60653,2026-07-01 0:00
M,USD,MXN,2024-02-11,17.1023,1,1,SF60653,2026-07-01 0:00
M,USD,MXN,2024-02-12,17.1023,1,1,SF60653,2026-07-01 0:00
M,USD,MXN,2024-02-13,17.0855,1,1,SF60653,2026-07-01 0:00
M,USD,MXN,2024-02-14,17.068,1,1,SF60653,2026-07-01 0:00
M,USD,MXN,2024-02-15,17.1982,1,1,SF60653,2026-07-01 0:00
M,USD,MXN,2024-02-16,17.1105,1,1,SF60653,2026-07-01 0:00
M,USD,MXN,2024-02-17,17.068,1,1,SF60653,2026-07-01 0:00
M,USD,MXN,2024-02-18,17.068,1,1,SF60653,2026-07-01 0:00
M,USD,MXN,2024-02-19,17.068,1,1,SF60653,2026-07-01 0:00
M,USD,MXN,2024-02-20,17.0602,1,1,SF60653,2026-07-01 0:00
M,USD,MXN,2024-02-21,17.05,1,1,SF60653,2026-07-01 0:00
M,USD,MXN,2024-02-22,17.0458,1,1,SF60653,2026-07-01 0:00
M,USD,MXN,2024-02-23,17.0603,1,1,SF60653,2026-07-01 0:00
M,USD,MXN,2024-02-24,17.121,1,1,SF60653,2026-07-01 0:00
M,USD,MXN,2024-02-25,17.121,1,1,SF60653,2026-07-01 0:00
M,USD,MXN,2024-02-26,17.121,1,1,SF60653,2026-07-01 0:00
M,USD,MXN,2024-02-27,17.126,1,1,SF60653,2026-07-01 0:00
M,USD,MXN,2024-02-28,17.126,1,1,SF60653,2026-07-01 0:00
M,USD,MXN,2024-02-29,17.0605,1,1,SF60653,2026-07-01 0:00
M,USD,MXN,2024-03-01,17.0962,1,1,SF60653,2026-07-01 0:00
M,USD,MXN,2024-03-02,17.0633,1,1,SF60653,2026-07-01 0:00
M,USD,MXN,2024-03-03,17.0633,1,1,SF60653,2026-07-01 0:00
M,USD,MXN,2024-03-04,17.0633,1,1,SF60653,2026-07-01 0:00
M,USD,MXN,2024-03-05,17.0217,1,1,SF60653,2026-07-01 0:00
M,USD,MXN,2024-03-06,16.9828,1,1,SF60653,2026-07-01 0:00
M,USD,MXN,2024-03-07,16.9257,1,1,SF60653,2026-07-01 0:00
M,USD,MXN,2024-03-08,16.8728,1,1,SF60653,2026-07-01 0:00
M,USD,MXN,2024-03-09,16.877,1,1,SF60653,2026-07-01 0:00
M,USD,MXN,2024-03-10,16.877,1,1,SF60653,2026-07-01 0:00
M,USD,MXN,2024-03-11,16.877,1,1,SF60653,2026-07-01 0:00
M,USD,MXN,2024-03-12,16.7985,1,1,SF60653,2026-07-01 0:00
M,USD,MXN,2024-03-13,16.8083,1,1,SF60653,2026-07-01 0:00
M,USD,MXN,2024-03-14,16.8272,1,1,SF60653,2026-07-01 0:00
M,USD,MXN,2024-03-15,16.7127,1,1,SF60653,2026-07-01 0:00
M,USD,MXN,2024-03-16,16.692,1,1,SF60653,2026-07-01 0:00
M,USD,MXN,2024-03-17,16.692,1,1,SF60653,2026-07-01 0:00
M,USD,MXN,2024-03-18,16.692,1,1,SF60653,2026-07-01 0:00
M,USD,MXN,2024-03-19,16.692,1,1,SF60653,2026-07-01 0:00
M,USD,MXN,2024-03-20,16.71,1,1,SF60653,2026-07-01 0:00
M,USD,MXN,2024-03-21,16.8523,1,1,SF60653,2026-07-01 0:00
M,USD,MXN,2024-03-22,16.759,1,1,SF60653,2026-07-01 0:00
M,USD,MXN,2024-03-23,16.762,1,1,SF60653,2026-07-01 0:00
M,USD,MXN,2024-03-24,16.762,1,1,SF60653,2026-07-01 0:00
M,USD,MXN,2024-03-25,16.762,1,1,SF60653,2026-07-01 0:00
M,USD,MXN,2024-03-26,16.7367,1,1,SF60653,2026-07-01 0:00
M,USD,MXN,2024-03-27,16.7032,1,1,SF60653,2026-07-01 0:00
M,USD,MXN,2024-03-28,16.678,1,1,SF60653,2026-07-01 0:00
M,USD,MXN,2024-03-29,16.678,1,1,SF60653,2026-07-01 0:00
M,USD,MXN,2024-03-30,16.678,1,1,SF60653,2026-07-01 0:00
M,USD,MXN,2024-03-31,16.678,1,1,SF60653,2026-07-01 0:00
M,USD,MXN,2024-04-01,16.678,1,1,SF60653,2026-07-01 0:00
M,USD,MXN,2024-04-02,16.5323,1,1,SF60653,2026-07-01 0:00
M,USD,MXN,2024-04-03,16.6578,1,1,SF60653,2026-07-01 0:00
M,USD,MXN,2024-04-04,16.5673,1,1,SF60653,2026-07-01 0:00
M,USD,MXN,2024-04-05,16.5415,1,1,SF60653,2026-07-01 0:00
M,USD,MXN,2024-04-06,16.5173,1,1,SF60653,2026-07-01 0:00
M,USD,MXN,2024-04-07,16.5173,1,1,SF60653,2026-07-01 0:00
M,USD,MXN,2024-04-08,16.5173,1,1,SF60653,2026-07-01 0:00
M,USD,MXN,2024-04-09,16.4758,1,1,SF60653,2026-07-01 0:00
M,USD,MXN,2024-04-10,16.3357,1,1,SF60653,2026-07-01 0:00
M,USD,MXN,2024-04-11,16.3932,1,1,SF60653,2026-07-01 0:00
M,USD,MXN,2024-04-12,16.4883,1,1,SF60653,2026-07-01 0:00
M,USD,MXN,2024-04-13,16.4583,1,1,SF60653,2026-07-01 0:00
M,USD,MXN,2024-04-14,16.4583,1,1,SF60653,2026-07-01 0:00
M,USD,MXN,2024-04-15,16.4583,1,1,SF60653,2026-07-01 0:00
M,USD,MXN,2024-04-16,16.6693,1,1,SF60653,2026-07-01 0:00
M,USD,MXN,2024-04-17,16.6815,1,1,SF60653,2026-07-01 0:00
M,USD,MXN,2024-04-18,17.0252,1,1,SF60653,2026-07-01 0:00
M,USD,MXN,2024-04-19,16.9948,1,1,SF60653,2026-07-01 0:00
M,USD,MXN,2024-04-20,17.1145,1,1,SF60653,2026-07-01 0:00
M,USD,MXN,2024-04-21,17.1145,1,1,SF60653,2026-07-01 0:00
M,USD,MXN,2024-04-22,17.1145,1,1,SF60653,2026-07-01 0:00
M,USD,MXN,2024-04-23,17.212,1,1,SF60653,2026-07-01 0:00
M,USD,MXN,2024-04-24,17.1243,1,1,SF60653,2026-07-01 0:00
M,USD,MXN,2024-04-25,16.9995,1,1,SF60653,2026-07-01 0:00
M,USD,MXN,2024-04-26,17.1098,1,1,SF60653,2026-07-01 0:00
M,USD,MXN,2024-04-27,17.1883,1,1,SF60653,2026-07-01 0:00
M,USD,MXN,2024-04-28,17.1883,1,1,SF60653,2026-07-01 0:00
M,USD,MXN,2024-04-29,17.1883,1,1,SF60653,2026-07-01 0:00
M,USD,MXN,2024-04-30,17.1552,1,1,SF60653,2026-07-01 0:00
M,USD,MXN,2024-05-01,17.0243,1,1,SF60653,2026-07-01 0:00
M,USD,MXN,2024-05-02,17.0243,1,1,SF60653,2026-07-01 0:00
M,USD,MXN,2024-05-03,17.0958,1,1,SF60653,2026-07-01 0:00
M,USD,MXN,2024-05-04,16.9393,1,1,SF60653,2026-07-01 0:00
M,USD,MXN,2024-05-05,16.9393,1,1,SF60653,2026-07-01 0:00
M,USD,MXN,2024-05-06,16.9393,1,1,SF60653,2026-07-01 0:00
M,USD,MXN,2024-05-07,17.0042,1,1,SF60653,2026-07-01 0:00
M,USD,MXN,2024-05-08,16.8947,1,1,SF60653,2026-07-01 0:00
M,USD,MXN,2024-05-09,16.9083,1,1,SF60653,2026-07-01 0:00
M,USD,MXN,2024-05-10,16.9087,1,1,SF60653,2026-07-01 0:00
M,USD,MXN,2024-05-11,16.866,1,1,SF60653,2026-07-01 0:00
M,USD,MXN,2024-05-12,16.866,1,1,SF60653,2026-07-01 0:00
M,USD,MXN,2024-05-13,16.866,1,1,SF60653,2026-07-01 0:00
M,USD,MXN,2024-05-14,16.769,1,1,SF60653,2026-07-01 0:00
M,USD,MXN,2024-05-15,16.8072,1,1,SF60653,2026-07-01 0:00
M,USD,MXN,2024-05-16,16.846,1,1,SF60653,2026-07-01 0:00
M,USD,MXN,2024-05-17,16.6782,1,1,SF60653,2026-07-01 0:00
M,USD,MXN,2024-05-18,16.6893,1,1,SF60653,2026-07-01 0:00
M,USD,MXN,2024-05-19,16.6893,1,1,SF60653,2026-07-01 0:00
M,USD,MXN,2024-05-20,16.6893,1,1,SF60653,2026-07-01 0:00
M,USD,MXN,2024-05-21,16.6217,1,1,SF60653,2026-07-01 0:00
M,USD,MXN,2024-05-22,16.5668,1,1,SF60653,2026-07-01 0:00
M,USD,MXN,2024-05-23,16.6138,1,1,SF60653,2026-07-01 0:00
M,USD,MXN,2024-05-24,16.6405,1,1,SF60653,2026-07-01 0:00
M,USD,MXN,2024-05-25,16.6945,1,1,SF60653,2026-07-01 0:00
M,USD,MXN,2024-05-26,16.6945,1,1,SF60653,2026-07-01 0:00
M,USD,MXN,2024-05-27,16.6945,1,1,SF60653,2026-07-01 0:00
M,USD,MXN,2024-05-28,16.7023,1,1,SF60653,2026-07-01 0:00
M,USD,MXN,2024-05-29,16.6568,1,1,SF60653,2026-07-01 0:00
M,USD,MXN,2024-05-30,16.7457,1,1,SF60653,2026-07-01 0:00
M,USD,MXN,2024-05-31,16.95,1,1,SF60653,2026-07-01 0:00
M,USD,MXN,2024-06-01,16.9377,1,1,SF60653,2026-07-01 0:00
M,USD,MXN,2024-06-02,16.9377,1,1,SF60653,2026-07-01 0:00
M,USD,MXN,2024-06-03,16.9377,1,1,SF60653,2026-07-01 0:00
M,USD,MXN,2024-06-04,17.0177,1,1,SF60653,2026-07-01 0:00
M,USD,MXN,2024-06-05,17.6338,1,1,SF60653,2026-07-01 0:00
M,USD,MXN,2024-06-06,17.8607,1,1,SF60653,2026-07-01 0:00
M,USD,MXN,2024-06-07,17.5592,1,1,SF60653,2026-07-01 0:00
M,USD,MXN,2024-06-08,17.5335,1,1,SF60653,2026-07-01 0:00
M,USD,MXN,2024-06-09,17.5335,1,1,SF60653,2026-07-01 0:00
M,USD,MXN,2024-06-10,17.5335,1,1,SF60653,2026-07-01 0:00
M,USD,MXN,2024-06-11,18.2622,1,1,SF60653,2026-07-01 0:00
M,USD,MXN,2024-06-12,18.3848,1,1,SF60653,2026-07-01 0:00
M,USD,MXN,2024-06-13,18.4457,1,1,SF60653,2026-07-01 0:00
M,USD,MXN,2024-06-14,18.7832,1,1,SF60653,2026-07-01 0:00
M,USD,MXN,2024-06-15,18.5385,1,1,SF60653,2026-07-01 0:00
M,USD,MXN,2024-06-16,18.5385,1,1,SF60653,2026-07-01 0:00
M,USD,MXN,2024-06-17,18.5385,1,1,SF60653,2026-07-01 0:00
M,USD,MXN,2024-06-18,18.4512,1,1,SF60653,2026-07-01 0:00
M,USD,MXN,2024-06-19,18.5248,1,1,SF60653,2026-07-01 0:00
M,USD,MXN,2024-06-20,18.4128,1,1,SF60653,2026-07-01 0:00
M,USD,MXN,2024-06-21,18.423,1,1,SF60653,2026-07-01 0:00
M,USD,MXN,2024-06-22,18.4027,1,1,SF60653,2026-07-01 0:00
M,USD,MXN,2024-06-23,18.4027,1,1,SF60653,2026-07-01 0:00
M,USD,MXN,2024-06-24,18.4027,1,1,SF60653,2026-07-01 0:00
M,USD,MXN,2024-06-25,18.1848,1,1,SF60653,2026-07-01 0:00
M,USD,MXN,2024-06-26,17.9627,1,1,SF60653,2026-07-01 0:00
M,USD,MXN,2024-06-27,18.1372,1,1,SF60653,2026-07-01 0:00
M,USD,MXN,2024-06-28,18.2215,1,1,SF60653,2026-07-01 0:00
M,USD,MXN,2024-06-29,18.3773,1,1,SF60653,2026-07-01 0:00
M,USD,MXN,2024-06-30,18.3773,1,1,SF60653,2026-07-01 0:00
M,USD,MXN,2024-07-01,18.3773,1,1,SF60653,2026-07-01 0:00
M,USD,MXN,2024-07-02,18.2478,1,1,SF60653,2026-07-01 0:00
M,USD,MXN,2024-07-03,18.3897,1,1,SF60653,2026-07-01 0:00
M,USD,MXN,2024-07-04,18.2485,1,1,SF60653,2026-07-01 0:00
M,USD,MXN,2024-07-05,18.1355,1,1,SF60653,2026-07-01 0:00
M,USD,MXN,2024-07-06,18.0958,1,1,SF60653,2026-07-01 0:00
M,USD,MXN,2024-07-07,18.0958,1,1,SF60653,2026-07-01 0:00
M,USD,MXN,2024-07-08,18.0958,1,1,SF60653,2026-07-01 0:00
M,USD,MXN,2024-07-09,18.0977,1,1,SF60653,2026-07-01 0:00
M,USD,MXN,2024-07-10,18.0095,1,1,SF60653,2026-07-01 0:00
M,USD,MXN,2024-07-11,17.9428,1,1,SF60653,2026-07-01 0:00
M,USD,MXN,2024-07-12,17.8288,1,1,SF60653,2026-07-01 0:00
M,USD,MXN,2024-07-13,17.8192,1,1,SF60653,2026-07-01 0:00
M,USD,MXN,2024-07-14,17.8192,1,1,SF60653,2026-07-01 0:00
M,USD,MXN,2024-07-15,17.8192,1,1,SF60653,2026-07-01 0:00
M,USD,MXN,2024-07-16,17.6502,1,1,SF60653,2026-07-01 0:00
M,USD,MXN,2024-07-17,17.7837,1,1,SF60653,2026-07-01 0:00
M,USD,MXN,2024-07-18,17.6795,1,1,SF60653,2026-07-01 0:00
M,USD,MXN,2024-07-19,17.7438,1,1,SF60653,2026-07-01 0:00
M,USD,MXN,2024-07-20,17.8907,1,1,SF60653,2026-07-01 0:00
M,USD,MXN,2024-07-21,17.8907,1,1,SF60653,2026-07-01 0:00
M,USD,MXN,2024-07-22,17.8907,1,1,SF60653,2026-07-01 0:00
M,USD,MXN,2024-07-23,17.997,1,1,SF60653,2026-07-01 0:00
M,USD,MXN,2024-07-24,17.9107,1,1,SF60653,2026-07-01 0:00
M,USD,MXN,2024-07-25,18.0987,1,1,SF60653,2026-07-01 0:00
M,USD,MXN,2024-07-26,18.3458,1,1,SF60653,2026-07-01 0:00
M,USD,MXN,2024-07-27,18.385,1,1,SF60653,2026-07-01 0:00
M,USD,MXN,2024-07-28,18.385,1,1,SF60653,2026-07-01 0:00
M,USD,MXN,2024-07-29,18.385,1,1,SF60653,2026-07-01 0:00
M,USD,MXN,2024-07-30,18.4475,1,1,SF60653,2026-07-01 0:00
M,USD,MXN,2024-07-31,18.6818,1,1,SF60653,2026-07-01 0:00
M,USD,MXN,2024-08-01,18.79,1,1,SF60653,2026-07-01 0:00
M,USD,MXN,2024-08-02,18.597,1,1,SF60653,2026-07-01 0:00
M,USD,MXN,2024-08-03,18.706,1,1,SF60653,2026-07-01 0:00
M,USD,MXN,2024-08-04,18.706,1,1,SF60653,2026-07-01 0:00
M,USD,MXN,2024-08-05,18.706,1,1,SF60653,2026-07-01 0:00
M,USD,MXN,2024-08-06,19.0442,1,1,SF60653,2026-07-01 0:00
M,USD,MXN,2024-08-07,19.3905,1,1,SF60653,2026-07-01 0:00
M,USD,MXN,2024-08-08,19.33,1,1,SF60653,2026-07-01 0:00
M,USD,MXN,2024-08-09,19.189,1,1,SF60653,2026-07-01 0:00
M,USD,MXN,2024-08-10,19.09,1,1,SF60653,2026-07-01 0:00
M,USD,MXN,2024-08-11,19.09,1,1,SF60653,2026-07-01 0:00
M,USD,MXN,2024-08-12,19.09,1,1,SF60653,2026-07-01 0:00
M,USD,MXN,2024-08-13,18.8368,1,1,SF60653,2026-07-01 0:00
M,USD,MXN,2024-08-14,19.032,1,1,SF60653,2026-07-01 0:00
M,USD,MXN,2024-08-15,19.0387,1,1,SF60653,2026-07-01 0:00
M,USD,MXN,2024-08-16,18.8478,1,1,SF60653,2026-07-01 0:00
M,USD,MXN,2024-08-17,18.6513,1,1,SF60653,2026-07-01 0:00
M,USD,MXN,2024-08-18,18.6513,1,1,SF60653,2026-07-01 0:00
M,USD,MXN,2024-08-19,18.6513,1,1,SF60653,2026-07-01 0:00
M,USD,MXN,2024-08-20,18.6228,1,1,SF60653,2026-07-01 0:00
M,USD,MXN,2024-08-21,18.7357,1,1,SF60653,2026-07-01 0:00
M,USD,MXN,2024-08-22,18.9448,1,1,SF60653,2026-07-01 0:00
M,USD,MXN,2024-08-23,19.2535,1,1,SF60653,2026-07-01 0:00
M,USD,MXN,2024-08-24,19.4235,1,1,SF60653,2026-07-01 0:00
M,USD,MXN,2024-08-25,19.4235,1,1,SF60653,2026-07-01 0:00
M,USD,MXN,2024-08-26,19.4235,1,1,SF60653,2026-07-01 0:00
M,USD,MXN,2024-08-27,19.0708,1,1,SF60653,2026-07-01 0:00
M,USD,MXN,2024-08-28,19.382,1,1,SF60653,2026-07-01 0:00
M,USD,MXN,2024-08-29,19.6692,1,1,SF60653,2026-07-01 0:00
M,USD,MXN,2024-08-30,19.6037,1,1,SF60653,2026-07-01 0:00
M,USD,MXN,2024-08-31,19.8168,1,1,SF60653,2026-07-01 0:00
M,USD,MXN,2024-09-01,19.8168,1,1,SF60653,2026-07-01 0:00
M,USD,MXN,2024-09-02,19.8168,1,1,SF60653,2026-07-01 0:00
M,USD,MXN,2024-09-03,19.6535,1,1,SF60653,2026-07-01 0:00
M,USD,MXN,2024-09-04,19.798,1,1,SF60653,2026-07-01 0:00
M,USD,MXN,2024-09-05,19.8335,1,1,SF60653,2026-07-01 0:00
M,USD,MXN,2024-09-06,19.846,1,1,SF60653,2026-07-01 0:00
M,USD,MXN,2024-09-07,20.0028,1,1,SF60653,2026-07-01 0:00
M,USD,MXN,2024-09-08,20.0028,1,1,SF60653,2026-07-01 0:00
M,USD,MXN,2024-09-09,20.0028,1,1,SF60653,2026-07-01 0:00
M,USD,MXN,2024-09-10,20.0172,1,1,SF60653,2026-07-01 0:00
M,USD,MXN,2024-09-11,19.8798,1,1,SF60653,2026-07-01 0:00
M,USD,MXN,2024-09-12,20.0583,1,1,SF60653,2026-07-01 0:00
M,USD,MXN,2024-09-13,19.839,1,1,SF60653,2026-07-01 0:00
M,USD,MXN,2024-09-14,19.5887,1,1,SF60653,2026-07-01 0:00
M,USD,MXN,2024-09-15,19.5887,1,1,SF60653,2026-07-01 0:00
M,USD,MXN,2024-09-16,19.5887,1,1,SF60653,2026-07-01 0:00
M,USD,MXN,2024-09-17,19.5887,1,1,SF60653,2026-07-01 0:00
M,USD,MXN,2024-09-18,19.2483,1,1,SF60653,2026-07-01 0:00
M,USD,MXN,2024-09-19,19.267,1,1,SF60653,2026-07-01 0:00
M,USD,MXN,2024-09-20,19.3033,1,1,SF60653,2026-07-01 0:00
M,USD,MXN,2024-09-21,19.2773,1,1,SF60653,2026-07-01 0:00
M,USD,MXN,2024-09-22,19.2773,1,1,SF60653,2026-07-01 0:00
M,USD,MXN,2024-09-23,19.2773,1,1,SF60653,2026-07-01 0:00
M,USD,MXN,2024-09-24,19.3725,1,1,SF60653,2026-07-01 0:00
M,USD,MXN,2024-09-25,19.415,1,1,SF60653,2026-07-01 0:00
M,USD,MXN,2024-09-26,19.3562,1,1,SF60653,2026-07-01 0:00
M,USD,MXN,2024-09-27,19.587,1,1,SF60653,2026-07-01 0:00
M,USD,MXN,2024-09-28,19.629,1,1,SF60653,2026-07-01 0:00
M,USD,MXN,2024-09-29,19.629,1,1,SF60653,2026-07-01 0:00
M,USD,MXN,2024-09-30,19.629,1,1,SF60653,2026-07-01 0:00
M,USD,MXN,2024-10-01,19.6697,1,1,SF60653,2026-07-01 0:00
M,USD,MXN,2024-10-02,19.6697,1,1,SF60653,2026-07-01 0:00
M,USD,MXN,2024-10-03,19.644,1,1,SF60653,2026-07-01 0:00
M,USD,MXN,2024-10-04,19.3885,1,1,SF60653,2026-07-01 0:00
M,USD,MXN,2024-10-05,19.4678,1,1,SF60653,2026-07-01 0:00
M,USD,MXN,2024-10-06,19.4678,1,1,SF60653,2026-07-01 0:00
M,USD,MXN,2024-10-07,19.4678,1,1,SF60653,2026-07-01 0:00
M,USD,MXN,2024-10-08,19.2127,1,1,SF60653,2026-07-01 0:00
M,USD,MXN,2024-10-09,19.3388,1,1,SF60653,2026-07-01 0:00
M,USD,MXN,2024-10-10,19.3532,1,1,SF60653,2026-07-01 0:00
M,USD,MXN,2024-10-11,19.4175,1,1,SF60653,2026-07-01 0:00
M,USD,MXN,2024-10-12,19.5113,1,1,SF60653,2026-07-01 0:00
M,USD,MXN,2024-10-13,19.5113,1,1,SF60653,2026-07-01 0:00
M,USD,MXN,2024-10-14,19.5113,1,1,SF60653,2026-07-01 0:00
M,USD,MXN,2024-10-15,19.3983,1,1,SF60653,2026-07-01 0:00
M,USD,MXN,2024-10-16,19.342,1,1,SF60653,2026-07-01 0:00
M,USD,MXN,2024-10-17,19.62,1,1,SF60653,2026-07-01 0:00
M,USD,MXN,2024-10-18,19.8925,1,1,SF60653,2026-07-01 0:00
M,USD,MXN,2024-10-19,19.9313,1,1,SF60653,2026-07-01 0:00
M,USD,MXN,2024-10-20,19.9313,1,1,SF60653,2026-07-01 0:00
M,USD,MXN,2024-10-21,19.9313,1,1,SF60653,2026-07-01 0:00
M,USD,MXN,2024-10-22,19.8325,1,1,SF60653,2026-07-01 0:00
M,USD,MXN,2024-10-23,20.0075,1,1,SF60653,2026-07-01 0:00
M,USD,MXN,2024-10-24,19.8985,1,1,SF60653,2026-07-01 0:00
M,USD,MXN,2024-10-25,19.9338,1,1,SF60653,2026-07-01 0:00
M,USD,MXN,2024-10-26,19.8385,1,1,SF60653,2026-07-01 0:00
M,USD,MXN,2024-10-27,19.8385,1,1,SF60653,2026-07-01 0:00
M,USD,MXN,2024-10-28,19.8385,1,1,SF60653,2026-07-01 0:00
M,USD,MXN,2024-10-29,19.9303,1,1,SF60653,2026-07-01 0:00
M,USD,MXN,2024-10-30,20.0007,1,1,SF60653,2026-07-01 0:00
M,USD,MXN,2024-10-31,20.0208,1,1,SF60653,2026-07-01 0:00
M,USD,MXN,2024-11-01,20.1617,1,1,SF60653,2026-07-01 0:00
M,USD,MXN,2024-11-02,20.0378,1,1,SF60653,2026-07-01 0:00
M,USD,MXN,2024-11-03,20.0378,1,1,SF60653,2026-07-01 0:00
M,USD,MXN,2024-11-04,20.0378,1,1,SF60653,2026-07-01 0:00
M,USD,MXN,2024-11-05,20.0908,1,1,SF60653,2026-07-01 0:00
M,USD,MXN,2024-11-06,20.0367,1,1,SF60653,2026-07-01 0:00
M,USD,MXN,2024-11-07,20.2695,1,1,SF60653,2026-07-01 0:00
M,USD,MXN,2024-11-08,20.3093,1,1,SF60653,2026-07-01 0:00
M,USD,MXN,2024-11-09,19.8277,1,1,SF60653,2026-07-01 0:00
M,USD,MXN,2024-11-10,19.8277,1,1,SF60653,2026-07-01 0:00
M,USD,MXN,2024-11-11,19.8277,1,1,SF60653,2026-07-01 0:00
M,USD,MXN,2024-11-12,20.1332,1,1,SF60653,2026-07-01 0:00
M,USD,MXN,2024-11-13,20.4502,1,1,SF60653,2026-07-01 0:00
M,USD,MXN,2024-11-14,20.5693,1,1,SF60653,2026-07-01 0:00
M,USD,MXN,2024-11-15,20.6025,1,1,SF60653,2026-07-01 0:00
M,USD,MXN,2024-11-16,20.494,1,1,SF60653,2026-07-01 0:00
M,USD,MXN,2024-11-17,20.494,1,1,SF60653,2026-07-01 0:00
M,USD,MXN,2024-11-18,20.494,1,1,SF60653,2026-07-01 0:00
M,USD,MXN,2024-11-19,20.494,1,1,SF60653,2026-07-01 0:00
M,USD,MXN,2024-11-20,20.3887,1,1,SF60653,2026-07-01 0:00
M,USD,MXN,2024-11-21,20.1848,1,1,SF60653,2026-07-01 0:00
M,USD,MXN,2024-11-22,20.2903,1,1,SF60653,2026-07-01 0:00
M,USD,MXN,2024-11-23,20.3775,1,1,SF60653,2026-07-01 0:00
M,USD,MXN,2024-11-24,20.3775,1,1,SF60653,2026-07-01 0:00
M,USD,MXN,2024-11-25,20.3775,1,1,SF60653,2026-07-01 0:00
M,USD,MXN,2024-11-26,20.4872,1,1,SF60653,2026-07-01 0:00
M,USD,MXN,2024-11-27,20.2993,1,1,SF60653,2026-07-01 0:00
M,USD,MXN,2024-11-28,20.7185,1,1,SF60653,2026-07-01 0:00
M,USD,MXN,2024-11-29,20.6418,1,1,SF60653,2026-07-01 0:00
M,USD,MXN,2024-11-30,20.4173,1,1,SF60653,2026-07-01 0:00
M,USD,MXN,2024-12-01,20.4173,1,1,SF60653,2026-07-01 0:00
M,USD,MXN,2024-12-02,20.4173,1,1,SF60653,2026-07-01 0:00
M,USD,MXN,2024-12-03,20.3212,1,1,SF60653,2026-07-01 0:00
M,USD,MXN,2024-12-04,20.4357,1,1,SF60653,2026-07-01 0:00
M,USD,MXN,2024-12-05,20.3233,1,1,SF60653,2026-07-01 0:00
M,USD,MXN,2024-12-06,20.283,1,1,SF60653,2026-07-01 0:00
M,USD,MXN,2024-12-07,20.1963,1,1,SF60653,2026-07-01 0:00
M,USD,MXN,2024-12-08,20.1963,1,1,SF60653,2026-07-01 0:00
M,USD,MXN,2024-12-09,20.1963,1,1,SF60653,2026-07-01 0:00
M,USD,MXN,2024-12-10,20.2275,1,1,SF60653,2026-07-01 0:00
M,USD,MXN,2024-12-11,20.1547,1,1,SF60653,2026-07-01 0:00
M,USD,MXN,2024-12-12,20.2485,1,1,SF60653,2026-07-01 0:00
M,USD,MXN,2024-12-13,20.2485,1,1,SF60653,2026-07-01 0:00
M,USD,MXN,2024-12-14,20.1647,1,1,SF60653,2026-07-01 0:00
M,USD,MXN,2024-12-15,20.1647,1,1,SF60653,2026-07-01 0:00
M,USD,MXN,2024-12-16,20.1647,1,1,SF60653,2026-07-01 0:00
M,USD,MXN,2024-12-17,20.142,1,1,SF60653,2026-07-01 0:00
M,USD,MXN,2024-12-18,20.1448,1,1,SF60653,2026-07-01 0:00
M,USD,MXN,2024-12-19,20.2363,1,1,SF60653,2026-07-01 0:00
M,USD,MXN,2024-12-20,20.1395,1,1,SF60653,2026-07-01 0:00
M,USD,MXN,2024-12-21,20.4402,1,1,SF60653,2026-07-01 0:00
M,USD,MXN,2024-12-22,20.4402,1,1,SF60653,2026-07-01 0:00
M,USD,MXN,2024-12-23,20.4402,1,1,SF60653,2026-07-01 0:00
M,USD,MXN,2024-12-24,20.1035,1,1,SF60653,2026-07-01 0:00
M,USD,MXN,2024-12-25,20.1948,1,1,SF60653,2026-07-01 0:00
M,USD,MXN,2024-12-26,20.1948,1,1,SF60653,2026-07-01 0:00
M,USD,MXN,2024-12-27,20.1558,1,1,SF60653,2026-07-01 0:00
M,USD,MXN,2024-12-28,20.1657,1,1,SF60653,2026-07-01 0:00
M,USD,MXN,2024-12-29,20.1657,1,1,SF60653,2026-07-01 0:00
M,USD,MXN,2024-12-30,20.1657,1,1,SF60653,2026-07-01 0:00
M,USD,MXN,2024-12-31,20.2683,1,1,SF60653,2026-07-01 0:00
M,USD,MXN,2025-01-01,20.5103,1,1,SF60653,2026-07-01 0:00
M,USD,MXN,2025-01-02,20.5103,1,1,SF60653,2026-07-01 0:00
M,USD,MXN,2025-01-03,20.7862,1,1,SF60653,2026-07-01 0:00
M,USD,MXN,2025-01-04,20.6917,1,1,SF60653,2026-07-01 0:00
M,USD,MXN,2025-01-05,20.6917,1,1,SF60653,2026-07-01 0:00
M,USD,MXN,2025-01-06,20.6917,1,1,SF60653,2026-07-01 0:00
M,USD,MXN,2025-01-07,20.6708,1,1,SF60653,2026-07-01 0:00
M,USD,MXN,2025-01-08,20.3195,1,1,SF60653,2026-07-01 0:00
M,USD,MXN,2025-01-09,20.344,1,1,SF60653,2026-07-01 0:00
M,USD,MXN,2025-01-10,20.3823,1,1,SF60653,2026-07-01 0:00
M,USD,MXN,2025-01-11,20.4742,1,1,SF60653,2026-07-01 0:00
M,USD,MXN,2025-01-12,20.4742,1,1,SF60653,2026-07-01 0:00
M,USD,MXN,2025-01-13,20.4742,1,1,SF60653,2026-07-01 0:00
M,USD,MXN,2025-01-14,20.7045,1,1,SF60653,2026-07-01 0:00
M,USD,MXN,2025-01-15,20.8012,1,1,SF60653,2026-07-01 0:00
M,USD,MXN,2025-01-16,20.482,1,1,SF60653,2026-07-01 0:00
M,USD,MXN,2025-01-17,20.4875,1,1,SF60653,2026-07-01 0:00
M,USD,MXN,2025-01-18,20.7732,1,1,SF60653,2026-07-01 0:00
M,USD,MXN,2025-01-19,20.7732,1,1,SF60653,2026-07-01 0:00
M,USD,MXN,2025-01-20,20.7732,1,1,SF60653,2026-07-01 0:00
M,USD,MXN,2025-01-21,20.718,1,1,SF60653,2026-07-01 0:00
M,USD,MXN,2025-01-22,20.543,1,1,SF60653,2026-07-01 0:00
M,USD,MXN,2025-01-23,20.6358,1,1,SF60653,2026-07-01 0:00
M,USD,MXN,2025-01-24,20.5397,1,1,SF60653,2026-07-01 0:00
M,USD,MXN,2025-01-25,20.3943,1,1,SF60653,2026-07-01 0:00
M,USD,MXN,2025-01-26,20.3943,1,1,SF60653,2026-07-01 0:00
M,USD,MXN,2025-01-27,20.3943,1,1,SF60653,2026-07-01 0:00
M,USD,MXN,2025-01-28,20.2255,1,1,SF60653,2026-07-01 0:00
M,USD,MXN,2025-01-29,20.7002,1,1,SF60653,2026-07-01 0:00
M,USD,MXN,2025-01-30,20.5668,1,1,SF60653,2026-07-01 0:00
M,USD,MXN,2025-01-31,20.5677,1,1,SF60653,2026-07-01 0:00
M,USD,MXN,2025-02-01,20.4497,1,1,SF60653,2026-07-01 0:00
M,USD,MXN,2025-02-02,20.4497,1,1,SF60653,2026-07-01 0:00
M,USD,MXN,2025-02-03,20.4497,1,1,SF60653,2026-07-01 0:00
M,USD,MXN,2025-02-04,20.4497,1,1,SF60653,2026-07-01 0:00
M,USD,MXN,2025-02-05,20.6068,1,1,SF60653,2026-07-01 0:00
M,USD,MXN,2025-02-06,20.4268,1,1,SF60653,2026-07-01 0:00
M,USD,MXN,2025-02-07,20.6363,1,1,SF60653,2026-07-01 0:00
M,USD,MXN,2025-02-08,20.5125,1,1,SF60653,2026-07-01 0:00
M,USD,MXN,2025-02-09,20.5125,1,1,SF60653,2026-07-01 0:00
M,USD,MXN,2025-02-10,20.5125,1,1,SF60653,2026-07-01 0:00
M,USD,MXN,2025-02-11,20.5512,1,1,SF60653,2026-07-01 0:00
M,USD,MXN,2025-02-12,20.6693,1,1,SF60653,2026-07-01 0:00
M,USD,MXN,2025-02-13,20.568,1,1,SF60653,2026-07-01 0:00
M,USD,MXN,2025-02-14,20.4917,1,1,SF60653,2026-07-01 0:00
M,USD,MXN,2025-02-15,20.4978,1,1,SF60653,2026-07-01 0:00
M,USD,MXN,2025-02-16,20.4978,1,1,SF60653,2026-07-01 0:00
M,USD,MXN,2025-02-17,20.4978,1,1,SF60653,2026-07-01 0:00
M,USD,MXN,2025-02-18,20.3082,1,1,SF60653,2026-07-01 0:00
M,USD,MXN,2025-02-19,20.283,1,1,SF60653,2026-07-01 0:00
M,USD,MXN,2025-02-20,20.2617,1,1,SF60653,2026-07-01 0:00
M,USD,MXN,2025-02-21,20.4208,1,1,SF60653,2026-07-01 0:00
M,USD,MXN,2025-02-22,20.3733,1,1,SF60653,2026-07-01 0:00
M,USD,MXN,2025-02-23,20.3733,1,1,SF60653,2026-07-01 0:00
M,USD,MXN,2025-02-24,20.3733,1,1,SF60653,2026-07-01 0:00
M,USD,MXN,2025-02-25,20.3448,1,1,SF60653,2026-07-01 0:00
M,USD,MXN,2025-02-26,20.464,1,1,SF60653,2026-07-01 0:00
M,USD,MXN,2025-02-27,20.4683,1,1,SF60653,2026-07-01 0:00
M,USD,MXN,2025-02-28,20.4277,1,1,SF60653,2026-07-01 0:00
M,USD,MXN,2025-03-01,20.4722,1,1,SF60653,2026-07-01 0:00
M,USD,MXN,2025-03-02,20.4722,1,1,SF60653,2026-07-01 0:00
M,USD,MXN,2025-03-03,20.4722,1,1,SF60653,2026-07-01 0:00
M,USD,MXN,2025-03-04,20.508,1,1,SF60653,2026-07-01 0:00
M,USD,MXN,2025-03-05,20.4333,1,1,SF60653,2026-07-01 0:00
M,USD,MXN,2025-03-06,20.8518,1,1,SF60653,2026-07-01 0:00
M,USD,MXN,2025-03-07,20.3893,1,1,SF60653,2026-07-01 0:00
M,USD,MXN,2025-03-08,20.2777,1,1,SF60653,2026-07-01 0:00
M,USD,MXN,2025-03-09,20.2777,1,1,SF60653,2026-07-01 0:00
M,USD,MXN,2025-03-10,20.2777,1,1,SF60653,2026-07-01 0:00
M,USD,MXN,2025-03-11,20.283,1,1,SF60653,2026-07-01 0:00
M,USD,MXN,2025-03-12,20.2922,1,1,SF60653,2026-07-01 0:00
M,USD,MXN,2025-03-13,20.3388,1,1,SF60653,2026-07-01 0:00
M,USD,MXN,2025-03-14,20.1828,1,1,SF60653,2026-07-01 0:00
M,USD,MXN,2025-03-15,20.0848,1,1,SF60653,2026-07-01 0:00
M,USD,MXN,2025-03-16,20.0848,1,1,SF60653,2026-07-01 0:00
M,USD,MXN,2025-03-17,20.0848,1,1,SF60653,2026-07-01 0:00
M,USD,MXN,2025-03-18,20.0848,1,1,SF60653,2026-07-01 0:00
M,USD,MXN,2025-03-19,19.8693,1,1,SF60653,2026-07-01 0:00
M,USD,MXN,2025-03-20,19.9845,1,1,SF60653,2026-07-01 0:00
M,USD,MXN,2025-03-21,20.0553,1,1,SF60653,2026-07-01 0:00
M,USD,MXN,2025-03-22,20.1345,1,1,SF60653,2026-07-01 0:00
M,USD,MXN,2025-03-23,20.1345,1,1,SF60653,2026-07-01 0:00
M,USD,MXN,2025-03-24,20.1345,1,1,SF60653,2026-07-01 0:00
M,USD,MXN,2025-03-25,20.2163,1,1,SF60653,2026-07-01 0:00
M,USD,MXN,2025-03-26,20.1123,1,1,SF60653,2026-07-01 0:00
M,USD,MXN,2025-03-27,20.0762,1,1,SF60653,2026-07-01 0:00
M,USD,MXN,2025-03-28,20.0963,1,1,SF60653,2026-07-01 0:00
M,USD,MXN,2025-03-29,20.3182,1,1,SF60653,2026-07-01 0:00
M,USD,MXN,2025-03-30,20.3182,1,1,SF60653,2026-07-01 0:00
M,USD,MXN,2025-03-31,20.3182,1,1,SF60653,2026-07-01 0:00
M,USD,MXN,2025-04-01,20.4003,1,1,SF60653,2026-07-01 0:00
M,USD,MXN,2025-04-02,20.438,1,1,SF60653,2026-07-01 0:00
M,USD,MXN,2025-04-03,20.3587,1,1,SF60653,2026-07-01 0:00
M,USD,MXN,2025-04-04,20.4568,1,1,SF60653,2026-07-01 0:00
M,USD,MXN,2025-04-05,19.9708,1,1,SF60653,2026-07-01 0:00
M,USD,MXN,2025-04-06,19.9708,1,1,SF60653,2026-07-01 0:00
M,USD,MXN,2025-04-07,19.9708,1,1,SF60653,2026-07-01 0:00
M,USD,MXN,2025-04-08,20.501,1,1,SF60653,2026-07-01 0:00
M,USD,MXN,2025-04-09,20.6947,1,1,SF60653,2026-07-01 0:00
M,USD,MXN,2025-04-10,20.6867,1,1,SF60653,2026-07-01 0:00
M,USD,MXN,2025-04-11,20.7653,1,1,SF60653,2026-07-01 0:00
M,USD,MXN,2025-04-12,20.492,1,1,SF60653,2026-07-01 0:00
M,USD,MXN,2025-04-13,20.492,1,1,SF60653,2026-07-01 0:00
M,USD,MXN,2025-04-14,20.492,1,1,SF60653,2026-07-01 0:00
M,USD,MXN,2025-04-15,20.3363,1,1,SF60653,2026-07-01 0:00
M,USD,MXN,2025-04-16,20.1025,1,1,SF60653,2026-07-01 0:00
M,USD,MXN,2025-04-17,20.0213,1,1,SF60653,2026-07-01 0:00
M,USD,MXN,2025-04-18,20.0213,1,1,SF60653,2026-07-01 0:00
M,USD,MXN,2025-04-19,20.0213,1,1,SF60653,2026-07-01 0:00
M,USD,MXN,2025-04-20,20.0213,1,1,SF60653,2026-07-01 0:00
M,USD,MXN,2025-04-21,20.0213,1,1,SF60653,2026-07-01 0:00
M,USD,MXN,2025-04-22,19.9737,1,1,SF60653,2026-07-01 0:00
M,USD,MXN,2025-04-23,19.6718,1,1,SF60653,2026-07-01 0:00
M,USD,MXN,2025-04-24,19.5688,1,1,SF60653,2026-07-01 0:00
M,USD,MXN,2025-04-25,19.6278,1,1,SF60653,2026-07-01 0:00
M,USD,MXN,2025-04-26,19.5825,1,1,SF60653,2026-07-01 0:00
M,USD,MXN,2025-04-27,19.5825,1,1,SF60653,2026-07-01 0:00
M,USD,MXN,2025-04-28,19.5825,1,1,SF60653,2026-07-01 0:00
M,USD,MXN,2025-04-29,19.5478,1,1,SF60653,2026-07-01 0:00
M,USD,MXN,2025-04-30,19.5723,1,1,SF60653,2026-07-01 0:00
M,USD,MXN,2025-05-01,19.5868,1,1,SF60653,2026-07-01 0:00
M,USD,MXN,2025-05-02,19.5868,1,1,SF60653,2026-07-01 0:00
M,USD,MXN,2025-05-03,19.6095,1,1,SF60653,2026-07-01 0:00
M,USD,MXN,2025-05-04,19.6095,1,1,SF60653,2026-07-01 0:00
M,USD,MXN,2025-05-05,19.6095,1,1,SF60653,2026-07-01 0:00
M,USD,MXN,2025-05-06,19.657,1,1,SF60653,2026-07-01 0:00
M,USD,MXN,2025-05-07,19.6365,1,1,SF60653,2026-07-01 0:00
M,USD,MXN,2025-05-08,19.6785,1,1,SF60653,2026-07-01 0:00
M,USD,MXN,2025-05-09,19.588,1,1,SF60653,2026-07-01 0:00
M,USD,MXN,2025-05-10,19.5642,1,1,SF60653,2026-07-01 0:00
M,USD,MXN,2025-05-11,19.5642,1,1,SF60653,2026-07-01 0:00
M,USD,MXN,2025-05-12,19.5642,1,1,SF60653,2026-07-01 0:00
M,USD,MXN,2025-05-13,19.4912,1,1,SF60653,2026-07-01 0:00
M,USD,MXN,2025-05-14,19.6162,1,1,SF60653,2026-07-01 0:00
M,USD,MXN,2025-05-15,19.4373,1,1,SF60653,2026-07-01 0:00
M,USD,MXN,2025-05-16,19.363,1,1,SF60653,2026-07-01 0:00
M,USD,MXN,2025-05-17,19.478,1,1,SF60653,2026-07-01 0:00
M,USD,MXN,2025-05-18,19.478,1,1,SF60653,2026-07-01 0:00
M,USD,MXN,2025-05-19,19.478,1,1,SF60653,2026-07-01 0:00
M,USD,MXN,2025-05-20,19.5147,1,1,SF60653,2026-07-01 0:00
M,USD,MXN,2025-05-21,19.3723,1,1,SF60653,2026-07-01 0:00
M,USD,MXN,2025-05-22,19.2648,1,1,SF60653,2026-07-01 0:00
M,USD,MXN,2025-05-23,19.3198,1,1,SF60653,2026-07-01 0:00
M,USD,MXN,2025-05-24,19.3227,1,1,SF60653,2026-07-01 0:00
M,USD,MXN,2025-05-25,19.3227,1,1,SF60653,2026-07-01 0:00
M,USD,MXN,2025-05-26,19.3227,1,1,SF60653,2026-07-01 0:00
M,USD,MXN,2025-05-27,19.2748,1,1,SF60653,2026-07-01 0:00
M,USD,MXN,2025-05-28,19.2188,1,1,SF60653,2026-07-01 0:00
M,USD,MXN,2025-05-29,19.2338,1,1,SF60653,2026-07-01 0:00
M,USD,MXN,2025-05-30,19.4,1,1,SF60653,2026-07-01 0:00
M,USD,MXN,2025-05-31,19.328,1,1,SF60653,2026-07-01 0:00
M,USD,MXN,2025-06-01,19.328,1,1,SF60653,2026-07-01 0:00
M,USD,MXN,2025-06-02,19.328,1,1,SF60653,2026-07-01 0:00
M,USD,MXN,2025-06-03,19.3858,1,1,SF60653,2026-07-01 0:00
M,USD,MXN,2025-06-04,19.2338,1,1,SF60653,2026-07-01 0:00
M,USD,MXN,2025-06-05,19.2638,1,1,SF60653,2026-07-01 0:00
M,USD,MXN,2025-06-06,19.1932,1,1,SF60653,2026-07-01 0:00
M,USD,MXN,2025-06-07,19.17,1,1,SF60653,2026-07-01 0:00
M,USD,MXN,2025-06-08,19.17,1,1,SF60653,2026-07-01 0:00
M,USD,MXN,2025-06-09,19.17,1,1,SF60653,2026-07-01 0:00
M,USD,MXN,2025-06-10,19.1317,1,1,SF60653,2026-07-01 0:00
M,USD,MXN,2025-06-11,19.0595,1,1,SF60653,2026-07-01 0:00
M,USD,MXN,2025-06-12,19.0518,1,1,SF60653,2026-07-01 0:00
M,USD,MXN,2025-06-13,18.879,1,1,SF60653,2026-07-01 0:00
M,USD,MXN,2025-06-14,18.9068,1,1,SF60653,2026-07-01 0:00
M,USD,MXN,2025-06-15,18.9068,1,1,SF60653,2026-07-01 0:00
M,USD,MXN,2025-06-16,18.9068,1,1,SF60653,2026-07-01 0:00
M,USD,MXN,2025-06-17,18.9302,1,1,SF60653,2026-07-01 0:00
M,USD,MXN,2025-06-18,18.9083,1,1,SF60653,2026-07-01 0:00
M,USD,MXN,2025-06-19,18.9872,1,1,SF60653,2026-07-01 0:00
M,USD,MXN,2025-06-20,19.0047,1,1,SF60653,2026-07-01 0:00
M,USD,MXN,2025-06-21,19.0898,1,1,SF60653,2026-07-01 0:00
M,USD,MXN,2025-06-22,19.0898,1,1,SF60653,2026-07-01 0:00
M,USD,MXN,2025-06-23,19.0898,1,1,SF60653,2026-07-01 0:00
M,USD,MXN,2025-06-24,19.1458,1,1,SF60653,2026-07-01 0:00
M,USD,MXN,2025-06-25,19.1527,1,1,SF60653,2026-07-01 0:00
M,USD,MXN,2025-06-26,19.0267,1,1,SF60653,2026-07-01 0:00
M,USD,MXN,2025-06-27,18.9203,1,1,SF60653,2026-07-01 0:00
M,USD,MXN,2025-06-28,18.8928,1,1,SF60653,2026-07-01 0:00
M,USD,MXN,2025-06-29,18.8928,1,1,SF60653,2026-07-01 0:00
M,USD,MXN,2025-06-30,18.8928,1,1,SF60653,2026-07-01 0:00
M,USD,MXN,2025-07-01,18.8483,1,1,SF60653,2026-07-01 0:00
M,USD,MXN,2025-07-02,18.8332,1,1,SF60653,2026-07-01 0:00
M,USD,MXN,2025-07-03,18.765,1,1,SF60653,2026-07-01 0:00
M,USD,MXN,2025-07-04,18.754,1,1,SF60653,2026-07-01 0:00
M,USD,MXN,2025-07-05,18.6652,1,1,SF60653,2026-07-01 0:00
M,USD,MXN,2025-07-06,18.6652,1,1,SF60653,2026-07-01 0:00
M,USD,MXN,2025-07-07,18.6652,1,1,SF60653,2026-07-01 0:00
M,USD,MXN,2025-07-08,18.6327,1,1,SF60653,2026-07-01 0:00
M,USD,MXN,2025-07-09,18.6698,1,1,SF60653,2026-07-01 0:00
M,USD,MXN,2025-07-10,18.714,1,1,SF60653,2026-07-01 0:00
M,USD,MXN,2025-07-11,18.5733,1,1,SF60653,2026-07-01 0:00
M,USD,MXN,2025-07-12,18.6267,1,1,SF60653,2026-07-01 0:00
M,USD,MXN,2025-07-13,18.6267,1,1,SF60653,2026-07-01 0:00
M,USD,MXN,2025-07-14,18.6267,1,1,SF60653,2026-07-01 0:00
M,USD,MXN,2025-07-15,18.6595,1,1,SF60653,2026-07-01 0:00
M,USD,MXN,2025-07-16,18.751,1,1,SF60653,2026-07-01 0:00
M,USD,MXN,2025-07-17,18.8397,1,1,SF60653,2026-07-01 0:00
M,USD,MXN,2025-07-18,18.7178,1,1,SF60653,2026-07-01 0:00
M,USD,MXN,2025-07-19,18.7685,1,1,SF60653,2026-07-01 0:00
M,USD,MXN,2025-07-20,18.7685,1,1,SF60653,2026-07-01 0:00
M,USD,MXN,2025-07-21,18.7685,1,1,SF60653,2026-07-01 0:00
M,USD,MXN,2025-07-22,18.72,1,1,SF60653,2026-07-01 0:00
M,USD,MXN,2025-07-23,18.6455,1,1,SF60653,2026-07-01 0:00
M,USD,MXN,2025-07-24,18.6212,1,1,SF60653,2026-07-01 0:00
M,USD,MXN,2025-07-25,18.5735,1,1,SF60653,2026-07-01 0:00
M,USD,MXN,2025-07-26,18.5538,1,1,SF60653,2026-07-01 0:00
M,USD,MXN,2025-07-27,18.5538,1,1,SF60653,2026-07-01 0:00
M,USD,MXN,2025-07-28,18.5538,1,1,SF60653,2026-07-01 0:00
M,USD,MXN,2025-07-29,18.557,1,1,SF60653,2026-07-01 0:00
M,USD,MXN,2025-07-30,18.7267,1,1,SF60653,2026-07-01 0:00
M,USD,MXN,2025-07-31,18.7642,1,1,SF60653,2026-07-01 0:00
M,USD,MXN,2025-08-01,18.796,1,1,SF60653,2026-07-01 0:00
M,USD,MXN,2025-08-02,18.7963,1,1,SF60653,2026-07-01 0:00
M,USD,MXN,2025-08-03,18.7963,1,1,SF60653,2026-07-01 0:00
M,USD,MXN,2025-08-04,18.7963,1,1,SF60653,2026-07-01 0:00
M,USD,MXN,2025-08-05,18.916,1,1,SF60653,2026-07-01 0:00
M,USD,MXN,2025-08-06,18.8783,1,1,SF60653,2026-07-01 0:00
M,USD,MXN,2025-08-07,18.762,1,1,SF60653,2026-07-01 0:00
M,USD,MXN,2025-08-08,18.6192,1,1,SF60653,2026-07-01 0:00
M,USD,MXN,2025-08-09,18.6765,1,1,SF60653,2026-07-01 0:00
M,USD,MXN,2025-08-10,18.6765,1,1,SF60653,2026-07-01 0:00
M,USD,MXN,2025-08-11,18.6765,1,1,SF60653,2026-07-01 0:00
M,USD,MXN,2025-08-12,18.5518,1,1,SF60653,2026-07-01 0:00
M,USD,MXN,2025-08-13,18.6683,1,1,SF60653,2026-07-01 0:00
M,USD,MXN,2025-08-14,18.5657,1,1,SF60653,2026-07-01 0:00
M,USD,MXN,2025-08-15,18.6353,1,1,SF60653,2026-07-01 0:00
M,USD,MXN,2025-08-16,18.8137,1,1,SF60653,2026-07-01 0:00
M,USD,MXN,2025-08-17,18.8137,1,1,SF60653,2026-07-01 0:00
M,USD,MXN,2025-08-18,18.8137,1,1,SF60653,2026-07-01 0:00
M,USD,MXN,2025-08-19,18.7295,1,1,SF60653,2026-07-01 0:00
M,USD,MXN,2025-08-20,18.784,1,1,SF60653,2026-07-01 0:00
M,USD,MXN,2025-08-21,18.7982,1,1,SF60653,2026-07-01 0:00
M,USD,MXN,2025-08-22,18.7572,1,1,SF60653,2026-07-01 0:00
M,USD,MXN,2025-08-23,18.7737,1,1,SF60653,2026-07-01 0:00
M,USD,MXN,2025-08-24,18.7737,1,1,SF60653,2026-07-01 0:00
M,USD,MXN,2025-08-25,18.7737,1,1,SF60653,2026-07-01 0:00
M,USD,MXN,2025-08-26,18.595,1,1,SF60653,2026-07-01 0:00
M,USD,MXN,2025-08-27,18.6368,1,1,SF60653,2026-07-01 0:00
M,USD,MXN,2025-08-28,18.6843,1,1,SF60653,2026-07-01 0:00
M,USD,MXN,2025-08-29,18.6912,1,1,SF60653,2026-07-01 0:00
M,USD,MXN,2025-08-30,18.6522,1,1,SF60653,2026-07-01 0:00
M,USD,MXN,2025-08-31,18.6522,1,1,SF60653,2026-07-01 0:00
M,USD,MXN,2025-09-01,18.6522,1,1,SF60653,2026-07-01 0:00
M,USD,MXN,2025-09-02,18.644,1,1,SF60653,2026-07-01 0:00
M,USD,MXN,2025-09-03,18.646,1,1,SF60653,2026-07-01 0:00
M,USD,MXN,2025-09-04,18.7072,1,1,SF60653,2026-07-01 0:00
M,USD,MXN,2025-09-05,18.6873,1,1,SF60653,2026-07-01 0:00
M,USD,MXN,2025-09-06,18.7577,1,1,SF60653,2026-07-01 0:00
M,USD,MXN,2025-09-07,18.7577,1,1,SF60653,2026-07-01 0:00
M,USD,MXN,2025-09-08,18.7577,1,1,SF60653,2026-07-01 0:00
M,USD,MXN,2025-09-09,18.6792,1,1,SF60653,2026-07-01 0:00
M,USD,MXN,2025-09-10,18.655,1,1,SF60653,2026-07-01 0:00
M,USD,MXN,2025-09-11,18.6353,1,1,SF60653,2026-07-01 0:00
M,USD,MXN,2025-09-12,18.592,1,1,SF60653,2026-07-01 0:00
M,USD,MXN,2025-09-13,18.5287,1,1,SF60653,2026-07-01 0:00
M,USD,MXN,2025-09-14,18.5287,1,1,SF60653,2026-07-01 0:00
M,USD,MXN,2025-09-15,18.5287,1,1,SF60653,2026-07-01 0:00
M,USD,MXN,2025-09-16,18.4757,1,1,SF60653,2026-07-01 0:00
M,USD,MXN,2025-09-17,18.4757,1,1,SF60653,2026-07-01 0:00
M,USD,MXN,2025-09-18,18.3635,1,1,SF60653,2026-07-01 0:00
M,USD,MXN,2025-09-19,18.3257,1,1,SF60653,2026-07-01 0:00
M,USD,MXN,2025-09-20,18.361,1,1,SF60653,2026-07-01 0:00
M,USD,MXN,2025-09-21,18.361,1,1,SF60653,2026-07-01 0:00
M,USD,MXN,2025-09-22,18.361,1,1,SF60653,2026-07-01 0:00
M,USD,MXN,2025-09-23,18.3892,1,1,SF60653,2026-07-01 0:00
M,USD,MXN,2025-09-24,18.4082,1,1,SF60653,2026-07-01 0:00
M,USD,MXN,2025-09-25,18.3232,1,1,SF60653,2026-07-01 0:00
M,USD,MXN,2025-09-26,18.4312,1,1,SF60653,2026-07-01 0:00
M,USD,MXN,2025-09-27,18.4457,1,1,SF60653,2026-07-01 0:00
M,USD,MXN,2025-09-28,18.4457,1,1,SF60653,2026-07-01 0:00
M,USD,MXN,2025-09-29,18.4457,1,1,SF60653,2026-07-01 0:00
M,USD,MXN,2025-09-30,18.3825,1,1,SF60653,2026-07-01 0:00
M,USD,MXN,2025-10-01,18.3507,1,1,SF60653,2026-07-01 0:00
M,USD,MXN,2025-10-02,18.3342,1,1,SF60653,2026-07-01 0:00
M,USD,MXN,2025-10-03,18.3477,1,1,SF60653,2026-07-01 0:00
M,USD,MXN,2025-10-04,18.4843,1,1,SF60653,2026-07-01 0:00
M,USD,MXN,2025-10-05,18.4843,1,1,SF60653,2026-07-01 0:00
M,USD,MXN,2025-10-06,18.4843,1,1,SF60653,2026-07-01 0:00
M,USD,MXN,2025-10-07,18.3902,1,1,SF60653,2026-07-01 0:00
M,USD,MXN,2025-10-08,18.3528,1,1,SF60653,2026-07-01 0:00
M,USD,MXN,2025-10-09,18.3762,1,1,SF60653,2026-07-01 0:00
M,USD,MXN,2025-10-10,18.3477,1,1,SF60653,2026-07-01 0:00
M,USD,MXN,2025-10-11,18.383,1,1,SF60653,2026-07-01 0:00
M,USD,MXN,2025-10-12,18.383,1,1,SF60653,2026-07-01 0:00
M,USD,MXN,2025-10-13,18.383,1,1,SF60653,2026-07-01 0:00
M,USD,MXN,2025-10-14,18.5567,1,1,SF60653,2026-07-01 0:00
M,USD,MXN,2025-10-15,18.44,1,1,SF60653,2026-07-01 0:00
M,USD,MXN,2025-10-16,18.522,1,1,SF60653,2026-07-01 0:00
M,USD,MXN,2025-10-17,18.4808,1,1,SF60653,2026-07-01 0:00
M,USD,MXN,2025-10-18,18.4108,1,1,SF60653,2026-07-01 0:00
M,USD,MXN,2025-10-19,18.4108,1,1,SF60653,2026-07-01 0:00
M,USD,MXN,2025-10-20,18.4108,1,1,SF60653,2026-07-01 0:00
M,USD,MXN,2025-10-21,18.407,1,1,SF60653,2026-07-01 0:00
M,USD,MXN,2025-10-22,18.4032,1,1,SF60653,2026-07-01 0:00
M,USD,MXN,2025-10-23,18.4252,1,1,SF60653,2026-07-01 0:00
M,USD,MXN,2025-10-24,18.4333,1,1,SF60653,2026-07-01 0:00
M,USD,MXN,2025-10-25,18.4033,1,1,SF60653,2026-07-01 0:00
M,USD,MXN,2025-10-26,18.4033,1,1,SF60653,2026-07-01 0:00
M,USD,MXN,2025-10-27,18.4033,1,1,SF60653,2026-07-01 0:00
M,USD,MXN,2025-10-28,18.3948,1,1,SF60653,2026-07-01 0:00
M,USD,MXN,2025-10-29,18.3892,1,1,SF60653,2026-07-01 0:00
M,USD,MXN,2025-10-30,18.4145,1,1,SF60653,2026-07-01 0:00
M,USD,MXN,2025-10-31,18.4072,1,1,SF60653,2026-07-01 0:00
M,USD,MXN,2025-11-01,18.538,1,1,SF60653,2026-07-01 0:00
M,USD,MXN,2025-11-02,18.538,1,1,SF60653,2026-07-01 0:00
M,USD,MXN,2025-11-03,18.538,1,1,SF60653,2026-07-01 0:00
M,USD,MXN,2025-11-04,18.5725,1,1,SF60653,2026-07-01 0:00
M,USD,MXN,2025-11-05,18.4835,1,1,SF60653,2026-07-01 0:00
M,USD,MXN,2025-11-06,18.6133,1,1,SF60653,2026-07-01 0:00
M,USD,MXN,2025-11-07,18.5947,1,1,SF60653,2026-07-01 0:00
M,USD,MXN,2025-11-08,18.6233,1,1,SF60653,2026-07-01 0:00
M,USD,MXN,2025-11-09,18.6233,1,1,SF60653,2026-07-01 0:00
M,USD,MXN,2025-11-10,18.6233,1,1,SF60653,2026-07-01 0:00
M,USD,MXN,2025-11-11,18.5,1,1,SF60653,2026-07-01 0:00
M,USD,MXN,2025-11-12,18.3922,1,1,SF60653,2026-07-01 0:00
M,USD,MXN,2025-11-13,18.3333,1,1,SF60653,2026-07-01 0:00
M,USD,MXN,2025-11-14,18.2982,1,1,SF60653,2026-07-01 0:00
M,USD,MXN,2025-11-15,18.2805,1,1,SF60653,2026-07-01 0:00
M,USD,MXN,2025-11-16,18.2805,1,1,SF60653,2026-07-01 0:00
M,USD,MXN,2025-11-17,18.2805,1,1,SF60653,2026-07-01 0:00
M,USD,MXN,2025-11-18,18.2805,1,1,SF60653,2026-07-01 0:00
M,USD,MXN,2025-11-19,18.3262,1,1,SF60653,2026-07-01 0:00
M,USD,MXN,2025-11-20,18.3728,1,1,SF60653,2026-07-01 0:00
M,USD,MXN,2025-11-21,18.341,1,1,SF60653,2026-07-01 0:00
M,USD,MXN,2025-11-22,18.355,1,1,SF60653,2026-07-01 0:00
M,USD,MXN,2025-11-23,18.355,1,1,SF60653,2026-07-01 0:00
M,USD,MXN,2025-11-24,18.355,1,1,SF60653,2026-07-01 0:00
M,USD,MXN,2025-11-25,18.4965,1,1,SF60653,2026-07-01 0:00
M,USD,MXN,2025-11-26,18.4997,1,1,SF60653,2026-07-01 0:00
M,USD,MXN,2025-11-27,18.4308,1,1,SF60653,2026-07-01 0:00
M,USD,MXN,2025-11-28,18.356,1,1,SF60653,2026-07-01 0:00
M,USD,MXN,2025-11-29,18.3467,1,1,SF60653,2026-07-01 0:00
M,USD,MXN,2025-11-30,18.3467,1,1,SF60653,2026-07-01 0:00
M,USD,MXN,2025-12-01,18.3467,1,1,SF60653,2026-07-01 0:00
M,USD,MXN,2025-12-02,18.3075,1,1,SF60653,2026-07-01 0:00
M,USD,MXN,2025-12-03,18.2757,1,1,SF60653,2026-07-01 0:00
M,USD,MXN,2025-12-04,18.291,1,1,SF60653,2026-07-01 0:00
M,USD,MXN,2025-12-05,18.2642,1,1,SF60653,2026-07-01 0:00
M,USD,MXN,2025-12-06,18.2293,1,1,SF60653,2026-07-01 0:00
M,USD,MXN,2025-12-07,18.2293,1,1,SF60653,2026-07-01 0:00
M,USD,MXN,2025-12-08,18.2293,1,1,SF60653,2026-07-01 0:00
M,USD,MXN,2025-12-09,18.186,1,1,SF60653,2026-07-01 0:00
M,USD,MXN,2025-12-10,18.2367,1,1,SF60653,2026-07-01 0:00
M,USD,MXN,2025-12-11,18.194,1,1,SF60653,2026-07-01 0:00
M,USD,MXN,2025-12-12,18.2085,1,1,SF60653,2026-07-01 0:00
M,USD,MXN,2025-12-13,18.2085,1,1,SF60653,2026-07-01 0:00
M,USD,MXN,2025-12-14,18.2085,1,1,SF60653,2026-07-01 0:00
M,USD,MXN,2025-12-15,18.2085,1,1,SF60653,2026-07-01 0:00
M,USD,MXN,2025-12-16,18.0543,1,1,SF60653,2026-07-01 0:00
M,USD,MXN,2025-12-17,17.9925,1,1,SF60653,2026-07-01 0:00
M,USD,MXN,2025-12-18,17.9525,1,1,SF60653,2026-07-01 0:00
M,USD,MXN,2025-12-19,18.02,1,1,SF60653,2026-07-01 0:00
M,USD,MXN,2025-12-20,17.9792,1,1,SF60653,2026-07-01 0:00
M,USD,MXN,2025-12-21,17.9792,1,1,SF60653,2026-07-01 0:00
M,USD,MXN,2025-12-22,17.9792,1,1,SF60653,2026-07-01 0:00
M,USD,MXN,2025-12-23,18.0065,1,1,SF60653,2026-07-01 0:00
M,USD,MXN,2025-12-24,17.9785,1,1,SF60653,2026-07-01 0:00
M,USD,MXN,2025-12-25,17.9332,1,1,SF60653,2026-07-01 0:00
M,USD,MXN,2025-12-26,17.9332,1,1,SF60653,2026-07-01 0:00
M,USD,MXN,2025-12-27,17.9248,1,1,SF60653,2026-07-01 0:00
M,USD,MXN,2025-12-28,17.9248,1,1,SF60653,2026-07-01 0:00
M,USD,MXN,2025-12-29,17.9248,1,1,SF60653,2026-07-01 0:00
M,USD,MXN,2025-12-30,17.9042,1,1,SF60653,2026-07-01 0:00
M,USD,MXN,2025-12-31,17.9667,1,1,SF60653,2026-07-01 0:00
M,USD,MXN,2026-01-01,17.9528,1,1,SF60653,2026-07-01 0:00
M,USD,MXN,2026-01-02,17.9528,1,1,SF60653,2026-07-01 0:00
M,USD,MXN,2026-01-03,18.0012,1,1,SF60653,2026-07-01 0:00
M,USD,MXN,2026-01-04,18.0012,1,1,SF60653,2026-07-01 0:00
M,USD,MXN,2026-01-05,18.0012,1,1,SF60653,2026-07-01 0:00
M,USD,MXN,2026-01-06,17.8803,1,1,SF60653,2026-07-01 0:00
M,USD,MXN,2026-01-07,17.8905,1,1,SF60653,2026-07-01 0:00
M,USD,MXN,2026-01-08,17.9697,1,1,SF60653,2026-07-01 0:00
M,USD,MXN,2026-01-09,17.9587,1,1,SF60653,2026-07-01 0:00
M,USD,MXN,2026-01-10,17.9807,1,1,SF60653,2026-07-01 0:00
M,USD,MXN,2026-01-11,17.9807,1,1,SF60653,2026-07-01 0:00
M,USD,MXN,2026-01-12,17.9807,1,1,SF60653,2026-07-01 0:00
M,USD,MXN,2026-01-13,17.9842,1,1,SF60653,2026-07-01 0:00
M,USD,MXN,2026-01-14,17.9075,1,1,SF60653,2026-07-01 0:00
M,USD,MXN,2026-01-15,17.854,1,1,SF60653,2026-07-01 0:00
M,USD,MXN,2026-01-16,17.8167,1,1,SF60653,2026-07-01 0:00
M,USD,MXN,2026-01-17,17.6897,1,1,SF60653,2026-07-01 0:00
M,USD,MXN,2026-01-18,17.6897,1,1,SF60653,2026-07-01 0:00
M,USD,MXN,2026-01-19,17.6897,1,1,SF60653,2026-07-01 0:00
M,USD,MXN,2026-01-20,17.6867,1,1,SF60653,2026-07-01 0:00
M,USD,MXN,2026-01-21,17.599,1,1,SF60653,2026-07-01 0:00
M,USD,MXN,2026-01-22,17.6008,1,1,SF60653,2026-07-01 0:00
M,USD,MXN,2026-01-23,17.452,1,1,SF60653,2026-07-01 0:00
M,USD,MXN,2026-01-24,17.4828,1,1,SF60653,2026-07-01 0:00
M,USD,MXN,2026-01-25,17.4828,1,1,SF60653,2026-07-01 0:00
M,USD,MXN,2026-01-26,17.4828,1,1,SF60653,2026-07-01 0:00
M,USD,MXN,2026-01-27,17.4545,1,1,SF60653,2026-07-01 0:00
M,USD,MXN,2026-01-28,17.283,1,1,SF60653,2026-07-01 0:00
M,USD,MXN,2026-01-29,17.2357,1,1,SF60653,2026-07-01 0:00
M,USD,MXN,2026-01-30,17.2322,1,1,SF60653,2026-07-01 0:00
M,USD,MXN,2026-01-31,17.2532,1,1,SF60653,2026-07-01 0:00
M,USD,MXN,2026-02-01,17.2532,1,1,SF60653,2026-07-01 0:00
M,USD,MXN,2026-02-02,17.2532,1,1,SF60653,2026-07-01 0:00
M,USD,MXN,2026-02-03,17.2532,1,1,SF60653,2026-07-01 0:00
M,USD,MXN,2026-02-04,17.331,1,1,SF60653,2026-07-01 0:00
M,USD,MXN,2026-02-05,17.235,1,1,SF60653,2026-07-01 0:00
M,USD,MXN,2026-02-06,17.2925,1,1,SF60653,2026-07-01 0:00
M,USD,MXN,2026-02-07,17.407,1,1,SF60653,2026-07-01 0:00
M,USD,MXN,2026-02-08,17.407,1,1,SF60653,2026-07-01 0:00
M,USD,MXN,2026-02-09,17.407,1,1,SF60653,2026-07-01 0:00
M,USD,MXN,2026-02-10,17.2988,1,1,SF60653,2026-07-01 0:00
M,USD,MXN,2026-02-11,17.1907,1,1,SF60653,2026-07-01 0:00
M,USD,MXN,2026-02-12,17.2315,1,1,SF60653,2026-07-01 0:00
M,USD,MXN,2026-02-13,17.2155,1,1,SF60653,2026-07-01 0:00
M,USD,MXN,2026-02-14,17.2,1,1,SF60653,2026-07-01 0:00
M,USD,MXN,2026-02-15,17.2,1,1,SF60653,2026-07-01 0:00
M,USD,MXN,2026-02-16,17.2,1,1,SF60653,2026-07-01 0:00
M,USD,MXN,2026-02-17,17.1798,1,1,SF60653,2026-07-01 0:00
M,USD,MXN,2026-02-18,17.1723,1,1,SF60653,2026-07-01 0:00
M,USD,MXN,2026-02-19,17.1753,1,1,SF60653,2026-07-01 0:00
M,USD,MXN,2026-02-20,17.1392,1,1,SF60653,2026-07-01 0:00
M,USD,MXN,2026-02-21,17.27,1,1,SF60653,2026-07-01 0:00
M,USD,MXN,2026-02-22,17.27,1,1,SF60653,2026-07-01 0:00
M,USD,MXN,2026-02-23,17.27,1,1,SF60653,2026-07-01 0:00
M,USD,MXN,2026-02-24,17.1722,1,1,SF60653,2026-07-01 0:00
M,USD,MXN,2026-02-25,17.2162,1,1,SF60653,2026-07-01 0:00
M,USD,MXN,2026-02-26,17.191,1,1,SF60653,2026-07-01 0:00
M,USD,MXN,2026-02-27,17.17,1,1,SF60653,2026-07-01 0:00
M,USD,MXN,2026-02-28,17.2563,1,1,SF60653,2026-07-01 0:00
M,USD,MXN,2026-03-01,17.2563,1,1,SF60653,2026-07-01 0:00
M,USD,MXN,2026-03-02,17.2563,1,1,SF60653,2026-07-01 0:00
M,USD,MXN,2026-03-03,17.2193,1,1,SF60653,2026-07-01 0:00
M,USD,MXN,2026-03-04,17.3485,1,1,SF60653,2026-07-01 0:00
M,USD,MXN,2026-03-05,17.7228,1,1,SF60653,2026-07-01 0:00
M,USD,MXN,2026-03-06,17.5445,1,1,SF60653,2026-07-01 0:00
M,USD,MXN,2026-03-07,17.677,1,1,SF60653,2026-07-01 0:00
M,USD,MXN,2026-03-08,17.677,1,1,SF60653,2026-07-01 0:00
M,USD,MXN,2026-03-09,17.677,1,1,SF60653,2026-07-01 0:00
M,USD,MXN,2026-03-10,17.7962,1,1,SF60653,2026-07-01 0:00
M,USD,MXN,2026-03-11,17.7687,1,1,SF60653,2026-07-01 0:00
M,USD,MXN,2026-03-12,17.5037,1,1,SF60653,2026-07-01 0:00
M,USD,MXN,2026-03-13,17.6543,1,1,SF60653,2026-07-01 0:00
M,USD,MXN,2026-03-14,17.8368,1,1,SF60653,2026-07-01 0:00
M,USD,MXN,2026-03-15,17.8368,1,1,SF60653,2026-07-01 0:00
M,USD,MXN,2026-03-16,17.8368,1,1,SF60653,2026-07-01 0:00
M,USD,MXN,2026-03-17,17.8368,1,1,SF60653,2026-07-01 0:00
M,USD,MXN,2026-03-18,17.9218,1,1,SF60653,2026-07-01 0:00
M,USD,MXN,2026-03-19,17.6922,1,1,SF60653,2026-07-01 0:00
M,USD,MXN,2026-03-20,17.669,1,1,SF60653,2026-07-01 0:00
M,USD,MXN,2026-03-21,17.8117,1,1,SF60653,2026-07-01 0:00
M,USD,MXN,2026-03-22,17.8117,1,1,SF60653,2026-07-01 0:00
M,USD,MXN,2026-03-23,17.8117,1,1,SF60653,2026-07-01 0:00
M,USD,MXN,2026-03-24,17.8998,1,1,SF60653,2026-07-01 0:00
M,USD,MXN,2026-03-25,17.778,1,1,SF60653,2026-07-01 0:00
M,USD,MXN,2026-03-26,17.8047,1,1,SF60653,2026-07-01 0:00
M,USD,MXN,2026-03-27,17.7548,1,1,SF60653,2026-07-01 0:00
M,USD,MXN,2026-03-28,17.7957,1,1,SF60653,2026-07-01 0:00
M,USD,MXN,2026-03-29,17.7957,1,1,SF60653,2026-07-01 0:00
M,USD,MXN,2026-03-30,17.7957,1,1,SF60653,2026-07-01 0:00
M,USD,MXN,2026-03-31,18.0667,1,1,SF60653,2026-07-01 0:00
M,USD,MXN,2026-04-01,18.1033,1,1,SF60653,2026-07-01 0:00
M,USD,MXN,2026-04-02,18.0033,1,1,SF60653,2026-07-01 0:00
M,USD,MXN,2026-04-03,18.0033,1,1,SF60653,2026-07-01 0:00
M,USD,MXN,2026-04-04,18.0033,1,1,SF60653,2026-07-01 0:00
M,USD,MXN,2026-04-05,18.0033,1,1,SF60653,2026-07-01 0:00
M,USD,MXN,2026-04-06,18.0033,1,1,SF60653,2026-07-01 0:00
M,USD,MXN,2026-04-07,17.8117,1,1,SF60653,2026-07-01 0:00
M,USD,MXN,2026-04-08,17.7932,1,1,SF60653,2026-07-01 0:00
M,USD,MXN,2026-04-09,17.758,1,1,SF60653,2026-07-01 0:00
M,USD,MXN,2026-04-10,17.4157,1,1,SF60653,2026-07-01 0:00
M,USD,MXN,2026-04-11,17.3593,1,1,SF60653,2026-07-01 0:00
M,USD,MXN,2026-04-12,17.3593,1,1,SF60653,2026-07-01 0:00
M,USD,MXN,2026-04-13,17.3593,1,1,SF60653,2026-07-01 0:00
M,USD,MXN,2026-04-14,17.3033,1,1,SF60653,2026-07-01 0:00
M,USD,MXN,2026-04-15,17.347,1,1,SF60653,2026-07-01 0:00
M,USD,MXN,2026-04-16,17.2688,1,1,SF60653,2026-07-01 0:00
M,USD,MXN,2026-04-17,17.2623,1,1,SF60653,2026-07-01 0:00
M,USD,MXN,2026-04-18,17.2723,1,1,SF60653,2026-07-01 0:00
M,USD,MXN,2026-04-19,17.2723,1,1,SF60653,2026-07-01 0:00
M,USD,MXN,2026-04-20,17.2723,1,1,SF60653,2026-07-01 0:00
M,USD,MXN,2026-04-21,17.2447,1,1,SF60653,2026-07-01 0:00
M,USD,MXN,2026-04-22,17.32,1,1,SF60653,2026-07-01 0:00
M,USD,MXN,2026-04-23,17.3323,1,1,SF60653,2026-07-01 0:00
M,USD,MXN,2026-04-24,17.3287,1,1,SF60653,2026-07-01 0:00
M,USD,MXN,2026-04-25,17.3587,1,1,SF60653,2026-07-01 0:00
M,USD,MXN,2026-04-26,17.3587,1,1,SF60653,2026-07-01 0:00
M,USD,MXN,2026-04-27,17.3587,1,1,SF60653,2026-07-01 0:00
M,USD,MXN,2026-04-28,17.4052,1,1,SF60653,2026-07-01 0:00
M,USD,MXN,2026-04-29,17.3838,1,1,SF60653,2026-07-01 0:00
M,USD,MXN,2026-04-30,17.403,1,1,SF60653,2026-07-01 0:00
M,USD,MXN,2026-05-01,17.4948,1,1,SF60653,2026-07-01 0:00
M,USD,MXN,2026-05-02,17.4948,1,1,SF60653,2026-07-01 0:00
M,USD,MXN,2026-05-03,17.4948,1,1,SF60653,2026-07-01 0:00
M,USD,MXN,2026-05-04,17.4948,1,1,SF60653,2026-07-01 0:00
M,USD,MXN,2026-05-05,17.5118,1,1,SF60653,2026-07-01 0:00
M,USD,MXN,2026-05-06,17.5157,1,1,SF60653,2026-07-01 0:00
M,USD,MXN,2026-05-07,17.3752,1,1,SF60653,2026-07-01 0:00
M,USD,MXN,2026-05-08,17.253,1,1,SF60653,2026-07-01 0:00
M,USD,MXN,2026-05-09,17.24,1,1,SF60653,2026-07-01 0:00
M,USD,MXN,2026-05-10,17.24,1,1,SF60653,2026-07-01 0:00
M,USD,MXN,2026-05-11,17.24,1,1,SF60653,2026-07-01 0:00
M,USD,MXN,2026-05-12,17.2105,1,1,SF60653,2026-07-01 0:00
M,USD,MXN,2026-05-13,17.1908,1,1,SF60653,2026-07-01 0:00
M,USD,MXN,2026-05-14,17.252,1,1,SF60653,2026-07-01 0:00
M,USD,MXN,2026-05-15,17.1878,1,1,SF60653,2026-07-01 0:00
M,USD,MXN,2026-05-16,17.213,1,1,SF60653,2026-07-01 0:00
M,USD,MXN,2026-05-17,17.213,1,1,SF60653,2026-07-01 0:00
M,USD,MXN,2026-05-18,17.213,1,1,SF60653,2026-07-01 0:00
M,USD,MXN,2026-05-19,17.3477,1,1,SF60653,2026-07-01 0:00
M,USD,MXN,2026-05-20,17.2928,1,1,SF60653,2026-07-01 0:00
M,USD,MXN,2026-05-21,17.3968,1,1,SF60653,2026-07-01 0:00
M,USD,MXN,2026-05-22,17.2938,1,1,SF60653,2026-07-01 0:00
M,USD,MXN,2026-05-23,17.3305,1,1,SF60653,2026-07-01 0:00
M,USD,MXN,2026-05-24,17.3305,1,1,SF60653,2026-07-01 0:00
M,USD,MXN,2026-05-25,17.3305,1,1,SF60653,2026-07-01 0:00
M,USD,MXN,2026-05-26,17.3213,1,1,SF60653,2026-07-01 0:00
M,USD,MXN,2026-05-27,17.272,1,1,SF60653,2026-07-01 0:00
M,USD,MXN,2026-05-28,17.3232,1,1,SF60653,2026-07-01 0:00
M,USD,MXN,2026-05-29,17.3793,1,1,SF60653,2026-07-01 0:00
M,USD,MXN,2026-05-30,17.3213,1,1,SF60653,2026-07-01 0:00
M,USD,MXN,2026-05-31,17.3213,1,1,SF60653,2026-07-01 0:00
M,USD,MXN,2026-06-01,17.3213,1,1,SF60653,2026-07-01 0:00
M,USD,MXN,2026-06-02,17.3505,1,1,SF60653,2026-07-01 0:00
M,USD,MXN,2026-06-03,17.378,1,1,SF60653,2026-07-01 0:00
M,USD,MXN,2026-06-04,17.2945,1,1,SF60653,2026-07-01 0:00
M,USD,MXN,2026-06-05,17.3328,1,1,SF60653,2026-07-01 0:00
M,USD,MXN,2026-06-06,17.2888,1,1,SF60653,2026-07-01 0:00
M,USD,MXN,2026-06-07,17.2888,1,1,SF60653,2026-07-01 0:00
M,USD,MXN,2026-06-08,17.2888,1,1,SF60653,2026-07-01 0:00
M,USD,MXN,2026-06-09,17.4755,1,1,SF60653,2026-07-01 0:00
M,USD,MXN,2026-06-10,17.4453,1,1,SF60653,2026-07-01 0:00
M,USD,MXN,2026-06-11,17.4312,1,1,SF60653,2026-07-01 0:00
M,USD,MXN,2026-06-12,17.3898,1,1,SF60653,2026-07-01 0:00
M,USD,MXN,2026-06-13,17.3833,1,1,SF60653,2026-07-01 0:00
M,USD,MXN,2026-06-14,17.3833,1,1,SF60653,2026-07-01 0:00
M,USD,MXN,2026-06-15,17.3833,1,1,SF60653,2026-07-01 0:00
M,USD,MXN,2026-06-16,17.2067,1,1,SF60653,2026-07-01 0:00
M,USD,MXN,2026-06-17,17.2008,1,1,SF60653,2026-07-01 0:00
M,USD,MXN,2026-06-18,17.2023,1,1,SF60653,2026-07-01 0:00
M,USD,MXN,2026-06-19,17.1892,1,1,SF60653,2026-07-01 0:00
M,USD,MXN,2026-06-20,17.3688,1,1,SF60653,2026-07-01 0:00
M,USD,MXN,2026-06-21,17.3688,1,1,SF60653,2026-07-01 0:00
M,USD,MXN,2026-06-22,17.3688,1,1,SF60653,2026-07-01 0:00
M,USD,MXN,2026-06-23,17.3247,1,1,SF60653,2026-07-01 0:00
M,USD,MXN,2026-06-24,17.348,1,1,SF60653,2026-07-01 0:00
M,USD,MXN,2026-06-25,17.5505,1,1,SF60653,2026-07-01 0:00
M,USD,MXN,2026-06-26,17.6213,1,1,SF60653,2026-07-01 0:00
M,USD,MXN,2026-06-27,17.526,1,1,SF60653,2026-07-01 0:00
M,USD,MXN,2026-06-28,17.526,1,1,SF60653,2026-07-01 0:00
M,USD,MXN,2026-06-29,17.526,1,1,SF60653,2026-07-01 0:00
M,USD,MXN,2026-06-30,17.47,1,1,SF60653,2026-07-01 0:00
